stat_rec,year,mean_ln_B_obs_ry,n_hauls_ry,B_lag_neighbour,n_neighbours_used
31F1,1985,NA,0,10.986152229718549,4
31F2,1985,9.854196461688009,1,10.610688475270772,3
32F1,1985,11.863462553648766,1,11.427433678960293,3
32F2,1985,10.765140635985437,1,10.744118096214587,4
32F3,1985,9.203462236178114,1,11.125658755047576,4
33F1,1985,11.461809267551985,1,11.580679316447535,4
33F2,1985,12.055351133343457,1,11.6475723372161,4
33F3,1985,11.557990436338782,1,10.416909261342736,4
33F4,1985,10.124152814522628,3,10.432442788056521,4
34F1,1985,9.598554569809716,1,11.088687182264495,4
34F2,1985,12.805349008988198,1,10.386262919403464,4
34F3,1985,10.284670861326749,1,11.288328859066572,4
34F4,1985,10.683647618382441,5,10.280800711196367,4
35F0,1985,9.98652325442781,1,11.009239632943403,4
35F1,1985,10.10106719808999,2,10.172044106315814,4
35F2,1985,9.606475113133937,2,11.095488863491202,4
35F3,1985,10.106328372556867,1,10.573453625352,4
35F4,1985,10.608050796379224,5,10.929294183313637,4
36F0,1985,12.840713275982115,2,11.112700776572142,4
36F1,1985,11.496623487891796,4,11.43153925297435,4
36F2,1985,11.369210874329752,4,11.149820553189242,4
36F3,1985,11.79461773056809,2,11.14053526938018,4
36F4,1985,11.132583011747146,6,11.522004498060255,4
36F5,1985,10.617729939477911,8,11.508306686213837,4
36F6,1985,10.281811486487197,7,11.130204748089051,4
36F7,1985,10.493590130480632,4,11.269953471638699,4
37E9,1985,10.677901516826003,1,12.655078314558754,4
37F0,1985,12.289754847142957,3,11.941489751693187,4
37F1,1985,11.415165663495547,4,11.79716076555359,4
37F2,1985,11.701565881163145,2,11.655701445946724,4
37F3,1985,11.95401881888696,5,11.91111195516988,4
37F4,1985,13.067619525815793,3,11.648974918770259,4
37F5,1985,11.55121272080521,6,11.88256169372041,4
37F6,1985,11.85828620159245,7,11.089060109512015,4
37F7,1985,10.899142978104308,7,11.122664485516246,4
37F8,1985,12.040573220370842,2,9.109409250656578,4
38E9,1985,12.657666584640854,2,11.972367123588015,4
38F0,1985,12.832178550469086,2,12.43613844083202,4
38F1,1985,11.700698846016465,2,12.018901765510382,4
38F2,1985,11.884410427074636,2,11.302352383126546,4
38F3,1985,11.080644683132492,2,11.841344785060748,4
38F4,1985,11.95808512364172,4,12.075702354336645,4
38F5,1985,11.986611107995486,6,11.594315959479992,4
38F6,1985,11.624073252651344,7,11.761199157273632,4
38F7,1985,10.098208389621062,11,9.368727186261971,4
38F8,1985,4.946695504420306,2,10.714592873287943,3
39E8,1985,11.638622430884887,2,12.358372746439482,4
39E9,1985,12.740765996172087,2,12.534012236072225,4
39F0,1985,13.0964334855278,2,12.556549360525516,4
39F1,1985,11.943852421002255,2,12.022928563898976,4
39F2,1985,10.726500122194082,3,11.936881653099665,4
39F3,1985,11.568864770639674,2,11.014380678057357,4
39F4,1985,12.167934100402812,4,11.256460879945465,4
39F5,1985,11.24389274082169,4,12.207058893582241,4
39F6,1985,13.101690929885528,2,11.150991142268923,4
39F7,1985,10.004997009871925,9,11.102067657105481,3
39F8,1985,NA,0,8.789051138930786,4
40E8,1985,11.29173196170963,2,11.885956045747069,4
40E9,1985,12.743326443235361,2,11.776165908714313,4
40F0,1985,12.709400474458635,2,12.924089466178438,4
40F1,1985,12.568081801857552,2,12.446331071568254,4
40F2,1985,12.350398993682097,3,11.540015535178457,4
40F3,1985,10.082443806500043,3,11.440289813557293,4
40F4,1985,10.25500088467877,3,11.161747485043353,4
40F5,1985,11.571999436045136,2,11.368104222779131,4
40F6,1985,11.731001565730732,2,11.499104059629627,4
40F7,1985,10.106303651809851,3,11.115470197706374,4
41E7,1985,11.840483532145218,2,11.267648336870081,4
41E8,1985,11.321391776722807,2,11.231687455829748,4
41E9,1985,10.362765202516904,2,11.856770670425691,4
41F0,1985,13.28851613409304,2,12.064331318595173,4
41F1,1985,12.78167239713003,2,12.763577605782173,4
41F2,1985,12.78303641016215,3,12.207524513063431,4
41F3,1985,11.586894605228629,3,11.175617600703728,4
41F4,1985,10.82461259722542,3,11.197246499163624,4
41F5,1985,12.242521699885327,2,11.514879754531002,4
41F6,1985,11.216422220777988,1,12.058328525138052,4
41F7,1985,11.50945999444485,2,11.727178832303704,4
42E7,1985,11.02570048210065,2,11.246630852370853,4
42E8,1985,11.43176912694724,2,10.70345489003579,4
42E9,1985,10.073848327651557,2,11.357872735621399,4
42F0,1985,12.40348720027512,2,12.413473888269689,4
42F1,1985,12.41467607701595,2,12.582562806190234,4
42F2,1985,12.11113205621297,3,12.183522460661942,4
42F3,1985,11.012377588927293,3,11.249698928208675,4
42F4,1985,10.704568806861772,2,10.85782644941829,4
42F5,1985,12.446484764075466,2,12.290290948519676,4
42F6,1985,12.750330840491298,1,11.81410827999245,4
42F7,1985,12.835658616135678,1,11.702659402233012,4
43E8,1985,10.392878973668145,2,11.798718217892645,4
43E9,1985,11.233469412746334,2,11.674406310080045,4
43F0,1985,13.876855014318206,2,12.357712432884506,4
43F1,1985,13.033959571142818,2,12.725187337707382,4
43F2,1985,12.523999766542378,3,11.939524456894347,4
43F3,1985,10.596200244531326,3,11.09412113001544,4
43F4,1985,9.147830847444986,3,11.849996570935293,4
43F5,1985,13.46374244684031,3,11.168159236612453,4
43F6,1985,10.757867518980671,1,12.581876589573882,4
43F7,1985,11.79297925501523,1,11.963329242513124,4
44E6,1985,11.755670773833028,3,12.605808614782866,4
44E7,1985,12.195048888765161,3,12.421679490015268,4
44E8,1985,12.334585443111848,3,12.223259683465754,4
44E9,1985,12.354042924682268,4,12.517372017456589,4
44F0,1985,12.759933547373752,3,12.4543786711306,4
44F1,1985,12.085218492952992,3,12.577861513301123,4
44F2,1985,12.01680595569027,3,12.115973291024993,4
44F3,1985,11.692276317147103,3,11.972642407730415,4
44F4,1985,12.63547478550776,2,11.386754482894098,4
44F5,1985,12.32045381594869,3,11.908376257707166,4
45E6,1985,12.451138851165801,2,12.789701920600567,4
45E7,1985,13.145322891950395,2,13.055836469011785,4
45E8,1985,13.95106794674744,3,13.354864670803714,4
45E9,1985,13.741499666594422,2,12.546575076205317,4
45F0,1985,11.501398252568935,3,12.609100770907215,4
45F1,1985,12.50074697899765,3,12.000370873312566,4
45F2,1985,12.1623985874575,3,12.396575172982981,4
45F3,1985,12.642088645192302,3,12.082172931670137,4
45F4,1985,12.38645695103561,3,12.264349904721875,4
46E6,1985,12.631723827250108,1,12.401787043548556,3
46E7,1985,13.62609018936874,2,12.775807372717455,4
46E8,1985,14.198050681558195,3,13.21235665058834,4
46E9,1985,12.379791180822625,3,13.003858163119478,4
46F0,1985,11.43422289066304,3,12.25656274071877,4
46F1,1985,12.252468160270833,3,11.952796143617451,4
46F2,1985,12.426659112051706,3,12.276818486183238,4
46F3,1985,12.087559871040336,3,12.776350220987428,4
47E6,1985,NA,0,12.307522073883192,4
47E7,1985,11.128132090111126,2,12.78756988786203,3
47E8,1985,12.892477285414557,2,12.649892036509588,4
47E9,1985,12.641659413662259,2,12.668063775528964,4
47F0,1985,12.892593369212685,3,12.18303376503756,4
47F1,1985,11.449555592757413,3,12.563731759704872,4
47F2,1985,12.604847325964286,2,12.326279542030182,4
47F3,1985,13.431805800741419,2,12.160223905640438,4
48E7,1985,11.844142188802794,2,12.052533130700555,3
48E8,1985,12.631725960706774,2,12.410438520541776,4
48E9,1985,12.507393266665991,2,12.901720114211363,4
48F0,1985,13.206697163067526,3,12.740274634772465,4
48F1,1985,12.505018183371682,3,12.331992755594285,4
48F2,1985,11.99709766257019,2,12.436105558408315,4
48F3,1985,11.951390762986936,2,12.231303047257473,4
49E8,1985,12.397741341283764,1,12.63100018884192,4
49E9,1985,13.126797919408894,1,12.46568116989834,4
49F0,1985,13.056093719839502,2,13.048013384297455,4
49F1,1985,12.674620603982008,2,13.057398564481817,4
49F2,1985,12.683165961310358,2,12.182795929724808,4
49F3,1985,10.813142764407925,2,12.557570371397878,4
50E8,1985,12.863980523447909,1,12.913196318421448,4
50E9,1985,11.901496351804107,2,13.461229225159093,4
50F0,1985,13.183937850731393,2,12.973580811647759,4
50F1,1985,13.985316393405723,2,12.951594858010052,4
50F2,1985,13.246322687939104,1,12.920911028513432,4
50F3,1985,12.349402073355115,2,12.35209777490998,4
51E8,1985,12.683346973549744,1,13.096773565960472,4
51E9,1985,14.670200607048175,1,12.600060157585865,4
51F0,1985,12.9514167815417,2,13.114283274742846,4
51F1,1985,12.701498289387704,1,13.196607677915338,4
51F2,1985,12.665759685982533,2,13.070634861021912,4
31F1,1986,NA,0,10.978701241681135,3
31F2,1986,11.936782305931768,1,10.877736406760228,2
32F1,1986,11.484766372972604,1,9.35421548920949,2
32F2,1986,NA,0,10.721532762933043,4
32F3,1986,10.27070644054785,1,9.978106272749436,3
33F1,1986,9.514555046139032,1,10.29664643813484,4
33F2,1986,9.193875932279951,1,10.553867092931103,3
33F3,1986,11.060912566298445,2,10.84264525023648,4
33F4,1986,9.67953031966991,3,11.482502714960912,4
34F1,1986,9.42180978093097,1,10.348700055608631,4
34F2,1986,11.086133666355835,1,10.538511362176317,4
34F3,1986,14.226468308448212,1,10.526385950692001,4
34F4,1986,10.371923544549142,6,11.07207653719706,4
35F0,1986,9.377655326530457,1,11.255874817131923,4
35F1,1986,11.416456183409204,1,9.961469366213647,4
35F2,1986,9.311891427046138,2,10.750672868478539,4
35F3,1986,9.58657402556458,2,11.361700550222142,4
35F4,1986,10.795733495105539,6,10.441067356394436,4
36F0,1986,12.450712373840496,3,10.88312076868687,3
36F1,1986,11.734520930347024,5,11.013199417153706,4
36F2,1986,10.913527598584537,5,10.893347518578421,4
36F3,1986,11.112708970288683,3,10.622389885180342,4
36F4,1986,10.693062885175337,6,11.09048539067774,4
36F5,1986,11.219797853255447,8,10.82953084040709,4
36F6,1986,9.86693205961113,6,11.232428714139449,4
36F7,1986,11.472451542936323,2,10.22226630079936,4
37E9,1986,NA,0,12.190712207995523,4
37F0,1986,11.537186049183129,3,11.239805680165539,3
37F1,1986,9.272101512780583,3,11.412456886439855,4
37F2,1986,11.414268746631839,1,10.677685152590028,4
37F3,1986,11.296395031396912,2,11.238556471997102,4
37F4,1986,11.233701244061294,4,11.27377803745558,4
37F5,1986,11.524427172780598,8,11.407959740760642,4
37F6,1986,10.713038287585425,8,11.04091357372638,4
37F7,1986,11.05810376577633,10,10.352380812092484,4
37F8,1986,9.250991090224552,5,10.461866759210675,4
38E9,1986,12.778347255082931,2,12.023470853126547,3
38F0,1986,11.996603153875535,3,11.782799478325401,4
38F1,1986,10.963851819597428,3,11.00727943256016,4
38F2,1986,11.228716467598078,1,10.979577637062047,4
38F3,1986,11.19354692700659,1,10.944374485152283,4
38F4,1986,11.581227060469473,4,11.645519978593935,4
38F5,1986,12.465301578140403,9,11.869031144175173,4
38F6,1986,11.714191296737459,7,11.259178302729705,4
38F7,1986,9.973042327623634,12,10.261122802630048,4
38F8,1986,9.34386940050641,5,9.032725368010086,4
39E8,1986,11.355322342457683,1,12.24383330173988,4
39E9,1986,12.718487063046421,2,12.110578407885647,4
39F0,1986,11.851812789438117,3,12.172106502375678,4
39F1,1986,11.531696595986446,2,11.269422752871634,4
39F2,1986,10.34664305501233,2,11.326532556722094,4
39F3,1986,9.671159381144669,1,11.12603452953394,4
39F4,1986,11.68953016516745,4,11.399792474767679,4
39F5,1986,12.656279046713163,5,12.096209759636606,4
39F6,1986,11.885331017569353,6,11.19618507187183,4
39F7,1986,8.928326747499995,10,9.166482885585165,4
39F8,1986,7.978541306692161,5,8.768563841521386,4
40E8,1986,11.021667644266309,1,11.974534767781893,4
40E9,1986,12.456831244563858,2,11.930686782600112,4
40F0,1986,12.44163919659431,2,12.28499555044419,4
40F1,1986,11.915383347438658,1,12.779441981079339,4
40F2,1986,12.874557782159185,1,11.20095309822042,4
40F3,1986,11.274417970949388,2,11.369766163188569,4
40F4,1986,11.690504410743408,2,11.859393934198378,4
40F5,1986,12.344676277669215,2,11.717263483459654,4
40F6,1986,11.485943196536699,2,10.458702443527839,4
40F7,1986,6.829016890455509,5,10.351375253176261,4
41E7,1986,12.618781854821684,2,11.19503038282821,4
41E8,1986,11.467203629284349,1,11.361460950594534,4
41E9,1986,11.540953226493414,1,12.129693047956167,4
41F0,1986,12.915954820336129,2,12.636636234228732,4
41F1,1986,14.269874349577416,2,12.375225496412238,4
41F2,1986,11.267368019481303,1,12.430431663592996,4
41F3,1986,11.242843078707015,1,11.617640912016515,4
41F4,1986,12.12895132300746,3,11.509929869665761,4
41F5,1986,11.036327279845347,1,11.946064980074782,4
41F6,1986,10.775785588417277,1,11.085500676176064,4
41F7,1986,10.215445480251077,2,9.9426661378241,4
42E7,1986,12.02680918096545,2,11.848087030245807,4
42E8,1986,10.264441076796727,2,12.053679216992649,4
42E9,1986,11.678782497640327,1,11.789094834307523,4
42F0,1986,12.294078164249784,2,12.955548686254565,4
42F1,1986,13.402195798392862,2,12.628270109572414,4
42F2,1986,11.33445144392837,2,12.187245658366146,4
42F3,1986,11.79982633462791,2,11.32304443122601,4
42F4,1986,12.070044709367279,2,11.702803739428445,4
42F5,1986,12.534846731205175,2,11.539192678911755,4
42F6,1986,11.604286748071132,2,11.424857131697367,4
42F7,1986,10.561575324352482,2,10.907230096934294,4
43E8,1986,13.041921560080466,2,11.996831066757492,4
43E9,1986,13.056906869690168,3,12.860221177733122,4
43F0,1986,13.825261628648938,1,12.610287115223704,4
43F1,1986,12.614676480534087,2,12.780834931940422,4
43F2,1986,12.27959248096251,2,11.580427541304879,4
43F3,1986,10.644838492901378,3,11.095519698417755,4
43F4,1986,10.347590568873235,3,11.449378809833734,4
43F5,1986,11.446111978363264,3,11.714775216486824,4
43F6,1986,11.827220882814535,2,11.295452171522294,4
43F7,1986,9.98196727660043,1,11.052132108872307,4
44E6,1986,11.176556704484842,2,12.414305570315385,3
44E7,1986,12.202280573128332,2,12.17022214742935,4
44E8,1986,12.46369574741474,3,12.613231975780787,4
44E9,1986,12.894919024562755,3,13.092071196988599,4
44F0,1986,12.475486946420778,3,12.524664446207593,4
44F1,1986,11.616289819757382,3,12.341457380131438,4
44F2,1986,11.727743747855676,2,10.766028080740929,4
44F3,1986,9.955069409207365,3,11.072410882246952,4
44F4,1986,11.636520058703013,3,11.16988018861249,4
44F5,1986,12.149442683054351,3,11.41441017481363,4
45E6,1986,12.46404344963537,2,12.44457148912667,3
45E7,1986,12.576592688182451,2,12.640173960707003,4
45E8,1986,12.313806745351595,3,13.213887252914466,4
45E9,1986,14.372195224428706,3,12.300475045848843,4
45F0,1986,11.762187311861297,3,12.863411088385378,4
45F1,1986,12.547922345715213,2,11.219779980633705,4
45F2,1986,9.21316061303646,3,11.713606464940884,4
45F3,1986,10.28054122952774,3,10.990854518764689,4
45F4,1986,12.227418093315011,3,11.109975164234509,4
46E6,1986,NA,0,13.440946979745428,3
46E7,1986,13.580565074712714,2,13.43263015156754,3
46E8,1986,13.443065351631969,2,12.960853807229748,4
46E9,1986,12.230987101619728,3,13.65295693834543,4
46F0,1986,12.058039836976818,3,12.152186096671569,4
46F1,1986,12.28748217787968,3,12.419489573231825,4
46F2,1986,12.298218536664907,3,11.688786373760102,4
46F3,1986,12.567769959499918,3,11.522257563166026,4
47E6,1986,NA,0,13.929398744800459,2
47E7,1986,14.278232414888201,2,13.649310690973834,2
47E8,1986,13.718056307234956,2,14.134764027674471,4
47E9,1986,14.738527340344222,2,13.003019113889458,4
47F0,1986,12.328087795325573,3,12.943041506693218,4
47F1,1986,12.77377757357036,2,12.558418992311019,4
47F2,1986,12.686732744624356,3,12.118073498880724,4
47F3,1986,10.823537741847101,2,12.36395788403477,4
48E7,1986,NA,0,13.967230441256365,3
48E8,1986,14.07923100383349,2,13.665743154553311,3
48E9,1986,13.734945251377571,2,13.673193206686395,3
48F0,1986,12.201821275881473,3,13.00319104473283,4
48F1,1986,12.931373251414465,3,12.353423902785725,4
48F2,1986,12.576760143440529,2,12.125920216505659,4
48F3,1986,11.624568688574278,2,11.814119974293195,4
49E8,1986,13.544227905047405,1,13.07034194671855,2
49E9,1986,NA,0,13.089745981710575,4
49F0,1986,13.018357880813712,2,12.291662373772128,3
49F1,1986,11.861336618250537,2,12.480245543675377,4
49F2,1986,11.261006181409531,2,12.19585692569157,4
49F3,1986,12.595175830475617,2,11.67469781684062,4
50E8,1986,NA,0,12.80285546677448,4
50E9,1986,12.061452889603608,2,12.71369792209818,2
50F0,1986,12.811829227184377,2,12.681537564551176,4
50F1,1986,12.710244861063803,2,12.313240011348135,4
50F2,1986,11.750155110599598,2,12.09336862909805,4
50F3,1986,12.063061286779071,2,11.986374827406136,4
51E8,1986,12.99017445543492,1,12.53770471111306,3
51E9,1986,12.615566617011986,2,12.66257399058737,3
51F0,1986,12.936094626723584,2,12.579621955789499,4
51F1,1986,12.829639089358027,2,12.69933272552789,4
51F2,1986,12.339162187139797,2,12.338275086950125,4
31F1,1987,NA,0,11.184809441549195,2
31F2,1987,NA,0,11.243331921727748,1
32F1,1987,11.243331921727748,1,11.092155159949739,2
32F2,1987,NA,0,11.150677640128293,2
32F3,1987,NA,0,11.003745355241495,3
33F1,1987,11.12628696137064,1,10.96691056621918,4
33F2,1987,11.058023358528837,1,11.259970319265308,3
33F3,1987,10.918159896124079,1,11.010009415984074,3
33F4,1987,11.035052811071568,4,10.970002533382575,3
34F1,1987,9.830822884318929,1,11.023001050183222,4
34F2,1987,11.735464100301206,1,10.631113551772675,4
34F3,1987,10.936952078351817,2,11.348766161058107,4
34F4,1987,11.054895625671826,6,11.262354964823269,4
35F0,1987,10.188757112349395,1,11.110322356188998,4
35F1,1987,11.041496026711647,1,10.478274928908643,4
35F2,1987,10.698655885891116,1,11.702143715959451,4
35F3,1987,11.686545022135315,2,11.43784588803252,4
35F4,1987,11.390869947734373,6,11.902974117291215,4
36F0,1987,12.374106680650286,2,10.726986980111619,3
36F1,1987,11.194863833075132,4,11.869255263524837,4
36F2,1987,12.345069714689636,4,12.180093752825378,4
36F3,1987,12.72490564015277,4,12.306865477999652,4
36F4,1987,12.145550181204953,5,12.151737513762132,4
36F5,1987,11.622970589347176,8,11.694287700942429,4
36F6,1987,10.057937718063268,5,11.115468668829816,4
36F7,1987,9.441110919576415,2,11.223756796573268,4
37E9,1987,NA,0,12.335527132444897,4
37F0,1987,10.797339994910331,3,12.394641417713387,3
37F1,1987,11.71634863204778,3,11.829472940880008,4
37F2,1987,14.101949652182498,1,12.02913520046456,4
37F3,1987,13.050296993968708,6,12.531174348486172,4
37F4,1987,12.868203877814208,4,12.369726171345427,4
37F5,1987,11.705459026687286,8,11.9233796132448,4
37F6,1987,11.692334139708388,7,11.537626460102324,4
37F7,1987,12.584959978372128,7,10.242704441112242,4
37F8,1987,10.559795350149285,4,10.023147356472306,4
38E9,1987,13.077192913776873,2,12.39626254190413,3
38F0,1987,13.093468940442097,3,12.172722571726181,4
38F1,1987,11.223738283352072,3,12.246500449586222,4
38F2,1987,11.004825461152118,1,11.888899806155345,4
38F3,1987,10.429638223795207,1,12.265102136918284,4
38F4,1987,12.57759848352076,4,11.620429598171139,4
38F5,1987,11.510009846109424,6,11.875016406509046,4
38F6,1987,11.802149117286614,7,11.231444000179266,4
38F7,1987,9.277577355014877,11,10.432226623837092,4
38F8,1987,8.788941172925801,5,9.101755403774325,4
39E8,1987,11.765786465721256,1,12.876833358103672,4
39E9,1987,12.329532219549037,2,12.88187293085197,4
39F0,1987,13.592619094865452,3,12.665619636322702,4
39F1,1987,13.171358764702891,2,12.153440281108159,4
39F2,1987,11.800273065291604,2,12.294113973189726,4
39F3,1987,12.427687609031553,1,11.47266586385367,4
39F4,1987,11.673866444965714,4,11.977123121448615,4
39F5,1987,11.414858998541524,4,11.850445587600941,4
39F6,1987,12.445854659884374,4,10.751144069886776,4
39F7,1987,8.55285622676383,7,9.463202919394838,4
39F8,1987,8.016792683169307,6,8.682990433553826,4
40E8,1987,13.008715050044483,2,12.794241529065358,4
40E9,1987,13.091893249044297,3,12.433026648903587,4
40F0,1987,12.068118620596785,1,12.968331774155303,4
40F1,1987,11.99713068092351,2,12.169670505514022,4
40F2,1987,12.57258405787234,3,11.997049273336877,4
40F3,1987,11.986885721362157,3,12.331215538247182,4
40F4,1987,11.488347394700627,5,12.04279628825569,4
40F5,1987,11.77205139944425,3,11.673029559176864,4
40F6,1987,11.234711936955133,2,10.825529001216406,4
40F7,1987,8.112586979510796,2,10.341433871679094,4
41E7,1987,12.879910440023057,2,12.267131020617544,4
41E8,1987,13.439375961472823,2,12.410918158736225,4
41E9,1987,12.325740705424044,2,13.172155391038752,4
41F0,1987,13.191684071787952,2,11.900091406537765,4
41F1,1987,10.86662057888407,2,12.305392228555936,4
41F2,1987,12.203907625770237,3,11.805047069858839,4
41F3,1987,12.836243091384205,3,11.965993660404434,4
41F4,1987,12.738381587250638,3,12.23606813216423,4
41F5,1987,12.554199906510174,2,11.805895579573312,4
41F6,1987,10.971622966026208,1,11.500668482372724,4
41F7,1987,10.606544356971202,2,10.055432228948472,4
42E7,1987,11.19112663149955,2,12.391330588547344,4
42E8,1987,11.429306439453317,2,12.353225097015622,4
42E9,1987,12.965668281849936,3,12.280653911414984,4
42F0,1987,12.339885721246159,1,12.874015845123383,4
42F1,1987,11.828846535742045,2,11.505696325038018,4
42F2,1987,10.94474055129474,3,11.667848219859259,4
42F3,1987,10.934799707234706,2,11.660508417078198,4
42F4,1987,12.065482136061913,3,11.882573845371505,4
42F5,1987,11.74152636557215,3,12.021717676058916,4
42F6,1987,11.60721772905439,2,10.905872231097119,4
42F7,1987,9.530301241202498,2,11.322654431203862,4
43E8,1987,11.81672951324018,2,11.926205497999373,4
43E9,1987,13.027682779536416,2,12.845130596559287,4
43F0,1987,13.509864491113596,2,12.47581439774493,4
43F1,1987,11.871538448727103,2,12.400653923952591,4
43F2,1987,11.70383901069005,3,11.167042754526836,4
43F3,1987,10.795567889571933,2,11.415951373527154,4
43F4,1987,12.115587721428524,3,11.82211240908095,4
43F5,1987,11.859970932609185,3,11.773384989059485,4
43F6,1987,11.38003835158762,2,11.755098366628864,4
43F7,1987,11.696817287202238,2,10.781025419703928,4
44E6,1987,12.416648504902744,1,12.906428802379311,3
44E7,1987,10.904132349828838,2,13.143875746347689,4
44E8,1987,12.34370042317892,3,12.306392511326973,4
44E9,1987,13.08826010003343,3,12.884936220745157,4
44F0,1987,12.664150641470039,4,12.845581217379031,4
44F1,1987,12.560065658264675,3,12.110040120759802,4
44F2,1987,11.056324128513564,3,11.171244917214747,4
44F3,1987,10.909579054755339,3,11.320290279466985,4
44F4,1987,12.567428678080766,3,11.881793401303959,4
44F5,1987,11.856387517649646,3,12.2971516608752,4
45E6,1987,13.323204945481228,1,13.678562183128472,3
45E7,1987,14.491949111827868,1,12.942718577542578,4
45E8,1987,13.41644808220544,3,13.806691271601245,4
45E9,1987,13.504211038795253,3,12.887495183808301,4
45F0,1987,12.224134620104426,2,12.881193729805759,4
45F1,1987,12.8481472643285,3,11.61174813844456,4
45F2,1987,9.511495945148923,3,11.693937592649094,4
45F3,1987,10.861840421701679,2,11.085418690212332,4
45F4,1987,12.645619311382324,3,11.403457151025133,4
46E6,1987,NA,0,13.769576587940982,3
46E7,1987,14.127088932654804,2,14.412429836705906,3
46E8,1987,14.88690451260294,3,13.526952523121608,4
46E9,1987,12.821137932889911,3,13.348737832135829,4
46F0,1987,12.50826597462924,3,12.427446463807552,4
46F1,1987,12.151296330260216,3,12.488260107921663,4
46F2,1987,12.009438556052636,3,11.227069290472395,4
46F3,1987,11.274980449562745,3,11.632869322381106,4
47E6,1987,NA,0,13.992762409170858,2
47E7,1987,13.858435885686912,2,13.935112038695541,2
47E8,1987,13.743135144736279,2,13.473534398847335,4
47E9,1987,12.495569802515881,2,13.20705982550766,4
47F0,1987,12.513216971975655,3,12.465576753678356,4
47F1,1987,12.587188636676279,3,12.003557188703267,4
47F2,1987,11.970504436917693,2,11.911472361505064,4
47F3,1987,11.689693874852416,2,11.640611506018748,4
48E7,1987,NA,0,13.315947342746616,3
48E8,1987,12.653227394583602,1,13.64335438171147,3
48E9,1987,13.750749252428797,2,12.473359932663836,3
48F0,1987,12.271282600892027,3,12.547669097593785,4
48F1,1987,11.379211015659502,3,11.868859379136925,4
48F2,1987,11.359568378438926,2,11.394932635233737,4
48F3,1987,11.957392759155631,2,11.408561352014353,4
49E8,1987,13.436178747969334,1,12.370347756559884,2
49E9,1987,NA,0,12.95547381731137,4
49F0,1987,12.547499150311186,2,11.74845514423263,3
49F1,1987,11.257397900540472,2,11.643592811919484,4
49F2,1987,10.272622329202118,2,11.665199921496173,4
49F3,1987,12.31236082556395,2,11.597736076793641,4
50E8,1987,NA,0,12.460271833134776,3
50E9,1987,12.087468118536163,1,11.786926782082109,2
50F0,1987,11.716684931265387,2,12.29569794204965,4
50F1,1987,12.375038752505132,1,11.62039910177662,4
50F2,1987,11.731472581441345,2,11.890540712951527,4
50F3,1987,12.429456637375466,2,11.7003752172327,4
51E8,1987,NA,0,12.039140832760369,3
51E9,1987,11.857168632898828,1,12.130126932691137,2
51F0,1987,12.172785746846113,2,11.859340669139915,4
51F1,1987,11.776040993859276,2,12.187388640835007,4
51F2,1987,12.485045132723393,2,12.078002241295305,4
31F1,1988,NA,0,12.121805667420709,4
31F2,1988,12.561855498304292,1,12.297116278519509,2
32F1,1988,12.013275554160359,2,11.675289307760302,3
32F2,1988,12.580957002878659,1,11.896302452842457,3
32F3,1988,NA,0,12.08869600738159,4
33F1,1988,11.331134614339527,2,11.08543941732055,4
33F2,1988,11.113776306062721,2,11.95350505580094,4
33F3,1988,13.076475489826361,2,11.269455027183469,3
33F4,1988,11.583575230758612,2,11.94089474841925,3
34F1,1988,10.389252692899909,2,10.779522691757492,4
34F2,1988,10.825453116159217,2,10.37064282359637,4
34F3,1988,11.111013544729072,2,11.77252872065763,4
34F4,1988,11.635195210702317,2,11.607390921478732,4
35F0,1988,9.281453810197855,1,11.489645372092395,4
35F1,1988,11.680049226333374,2,9.988058251317517,4
35F2,1988,8.868528750693779,1,11.471914247129781,4
35F3,1988,11.552991065942628,2,10.89482777408227,4
35F4,1988,12.181983844484616,2,11.558832995844961,4
36F0,1988,12.476281817657775,3,10.810403615498844,3
36F1,1988,11.412997751478525,4,12.05401513949829,4
36F2,1988,11.829163580083907,2,11.06626533169726,4
36F3,1988,11.41778495642161,1,11.50845379222377,4
36F4,1988,11.629360750313289,2,12.15614591462263,4
36F5,1988,12.001740465264142,2,11.942856649604995,4
36F6,1988,11.343552443028386,4,11.78413191463154,4
36F7,1988,11.677271545222098,4,11.512811709312523,4
37E9,1988,NA,0,12.32726300825714,4
37F0,1988,11.736759284820153,3,12.544636997145822,3
37F1,1988,12.230565933918104,3,11.701828240600399,4
37F2,1988,12.565749868195125,1,11.4604371539426,4
37F3,1988,11.022299772555257,2,12.58298828060174,4
37F4,1988,13.023074392320154,2,11.747133566281816,4
37F5,1988,11.775439012758145,2,12.211299465341433,4
37F6,1988,11.682076635281781,4,11.696298013631125,4
37F7,1988,11.679148731808912,4,11.748798449147518,4
37F8,1988,11.346469027131013,2,11.841156213335813,4
38E9,1988,12.168947690689043,2,12.534843114462278,3
38F0,1988,12.927063239861589,3,11.657557433922372,4
38F1,1988,11.091806057907796,3,12.17503102952739,4
38F2,1988,10.759719329213132,1,11.883450137506832,4
38F3,1988,13.325343905470069,1,11.620557626726532,4
38F4,1988,12.561434729500574,4,12.639685818840208,4
38F5,1988,12.138306368499652,4,12.092212111842056,4
38F6,1988,11.987051866929061,4,11.969462992477238,4
38F7,1988,12.289376588955184,4,11.952452483883897,4
38F8,1988,11.718827987357056,1,11.813767208450576,4
39E8,1988,12.099657099606382,2,12.317809893176173,4
39E9,1988,12.577809003918862,3,12.160279050488256,4
39F0,1988,11.6327167022725,2,13.014155136340754,4
39F1,1988,12.78277561511673,3,11.559789501772919,4
39F2,1988,10.55090071845434,1,12.044527871949235,4
39F3,1988,12.138776675637164,1,12.149091921319163,4
39F4,1988,12.072018609070955,4,11.914064265202231,4
39F5,1988,12.044922838180444,4,11.849430656133261,4
39F6,1988,11.768092377172337,4,11.866307893775819,4
39F7,1988,12.424781349440561,4,11.499145497406575,4
39F8,1988,11.194441868275547,2,11.794414270244008,4
40E8,1988,11.784688168711693,2,12.169015493079028,4
40E9,1988,12.739794709385098,3,12.55509478710714,4
40F0,1988,13.768972686465835,1,12.484056181742467,4
40F1,1988,12.963734528457037,2,12.730648443356817,4
40F2,1988,12.496839867829916,1,12.400253724406799,4
40F3,1988,12.648104452281288,1,12.525923397035612,4
40F4,1988,10.911122817490744,4,12.089858629592877,4
40F5,1988,11.419305269790105,4,11.339448085795746,4
40F6,1988,11.008475520553208,4,11.279542740989273,4
40F7,1988,10.74467115522323,4,11.58122956001285,4
41E7,1988,11.925987852586168,1,11.715941151137848,4
41E8,1988,11.910622310738463,3,11.678361102587852,4
41E9,1988,12.088909289332172,3,12.291406632395782,4
41F0,1988,12.59997878685523,3,12.64716930827078,4
41F1,1988,11.874005604014789,2,13.21129376573331,4
41F2,1988,13.438275198434527,1,12.506720649696732,4
41F3,1988,14.556954227184628,1,12.195259123761105,4
41F4,1988,12.22000618722916,4,12.01827768913852,4
41F5,1988,11.393271166958588,4,11.625735206921078,4
41F6,1988,11.186102161771421,4,11.217015697627527,4
41F7,1988,11.705559208286209,4,10.86699591439199,4
42E7,1988,12.254595025379865,1,12.219535121715085,4
42E8,1988,10.913859099721375,2,12.55202982063425,4
42E9,1988,11.915230722604338,2,11.951539494401914,4
42F0,1988,12.856789653270324,2,13.064513796772868,4
42F1,1988,13.843186549186441,1,12.194511114278596,4
42F2,1988,11.09908289975759,2,12.202981201924576,4
42F3,1988,10.47465065709944,2,11.97385230500906,4
42F4,1988,11.211762544920122,5,11.306738967441195,4
42F5,1988,11.677527208893627,4,11.23055492523079,4
42F6,1988,10.7607568947121,6,11.317005605002452,4
42F7,1988,10.776453445861213,4,11.237192653518607,4
43E8,1988,14.127671223814332,5,12.186448722599586,4
43E9,1988,11.94659993528378,2,13.385350191639517,4
43F0,1988,13.899659128445464,2,13.46424464957628,4
43F1,1988,12.948166300071678,2,12.98060080370873,4
43F2,1988,11.0558124029779,2,11.414673510651877,4
43F3,1988,11.027609548173906,3,11.133580189019643,4
43F4,1988,10.854771816542549,2,11.620297661018876,4
43F5,1988,11.556429094332346,2,11.539724685640225,4
43F6,1988,11.627939603483545,2,11.29259025256955,4
43F7,1988,10.854514907592574,2,11.217677288085767,4
44E6,1988,12.871988357821529,1,13.166766137648956,3
44E7,1988,12.531722243261108,2,13.298544534909844,4
44E8,1988,13.353613612132083,3,13.452936870172534,4
44E9,1988,13.598839691693938,1,13.853965549733562,4
44F0,1988,16.10542270967934,1,13.372539561330942,4
44F1,1988,13.123745134225118,2,13.22969893245951,4
44F2,1988,10.583835294604336,3,11.66772984153827,4
44F3,1988,12.14908587945868,1,11.433973343627011,4
44F4,1988,12.685389456649132,2,11.757494617300365,4
44F5,1988,11.998660113641181,2,11.78101275677077,4
45E6,1988,13.349629852693214,1,13.699097482245918,3
45E7,1988,13.618946316992549,1,13.510306047449689,4
45E8,1988,13.553514321920758,4,13.772626708305758,4
45E9,1988,14.010225941839044,3,13.399133418358048,4
45F0,1988,12.867914290959249,3,14.057471457572134,4
45F1,1988,13.281371425482682,3,12.291182108790633,4
45F2,1988,10.342275949491382,2,12.024605813223102,4
45F3,1988,11.439059075080673,2,11.667622729514926,4
45F4,1988,12.02746065955905,2,12.106300710184769,4
46E6,1988,NA,0,14.204558433003921,3
46E7,1988,14.606357771923676,2,14.128118317882258,3
46E8,1988,14.107720962259352,4,13.838613497096688,4
46E9,1988,13.576265368858248,4,13.591753985881093,4
46F0,1988,12.832865753287477,3,12.893573247872155,4
46F1,1988,12.830793060486785,3,12.796075603279105,4
46F2,1988,12.794157457724719,3,11.976909234633226,4
46F3,1988,12.151668429550591,3,11.908738976098538,4
47E6,1988,NA,0,13.407923682007246,3
47E7,1988,14.657687674394875,1,13.061466632436977,3
47E8,1988,13.618316525684065,3,13.985780264275945,4
47E9,1988,13.4162032861385,3,13.275111315611564,4
47F0,1988,12.299320271184335,3,12.82304241484644,4
47F1,1988,12.275907776621542,3,12.656557124873295,4
47F2,1988,12.582899499004142,2,12.159818376350664,4
47F3,1988,10.818839872584618,2,12.45700114789957,4
48E7,1988,10.959725599703187,2,12.772094021263625,3
48E8,1988,13.761509134311055,3,12.020417619297952,4
48E9,1988,13.606543096719609,3,13.38831156628224,4
48F0,1988,12.76719284333824,3,12.779944352266135,4
48F1,1988,12.91321566881792,3,12.496827196639945,4
48F2,1988,12.750368398471775,2,12.537006950175687,4
48F3,1988,12.343068264571773,2,11.884852310578516,4
49E8,1988,9.897085255084944,1,13.108725467269025,4
49E9,1988,13.60834100134117,1,12.034867918373287,4
49F0,1988,12.300698372342673,2,12.805544675264768,4
49F1,1988,12.193839768128221,2,12.606989047138292,4
49F2,1988,12.308844368308913,2,12.031416326523841,4
49F3,1988,11.66135660294876,2,11.31688349110241,4
50E8,1988,12.729906784077949,1,11.516320676196711,4
50E9,1988,12.335144949345926,1,12.706016204239445,4
50F0,1988,12.65280508825144,2,12.3891061163392,4
50F1,1988,12.905197779083666,2,12.109482496066946,4
50F2,1988,11.520100536546607,2,11.530024642200974,4
50F3,1988,9.095520794982344,1,11.825209283558314,4
51E8,1988,12.000040557068756,1,12.228361760323907,4
51E9,1988,11.83301194328722,2,12.270118913769291,4
51F0,1988,12.015383364584533,2,12.223036643056524,4
51F1,1988,12.071184591341511,2,12.345980464587154,4
51F2,1988,11.810535626428974,2,11.398000925488532,4
31F1,1989,NA,0,11.09504248446301,4
31F2,1989,11.752836583916865,1,11.019240998066202,2
32F1,1989,11.27906694002185,2,10.665184189239277,3
32F2,1989,10.759415056110551,1,11.22639655924774,3
32F3,1989,NA,0,11.37480286877948,4
33F1,1989,10.58885135780277,2,10.557811235263623,4
33F2,1989,10.647286153804508,2,11.225975517686782,4
33F3,1989,12.802469863477526,2,11.406814904036999,3
33F4,1989,11.290040401725333,3,12.13848421763343,3
34F1,1989,9.551726053871853,2,11.04360484158722,4
34F2,1989,10.753165793356281,3,10.827085789001545,4
34F3,1989,12.283118156581157,3,11.450755564642007,4
34F4,1989,11.329864632841605,5,11.358873740388729,4
35F0,1989,11.001210641427733,1,11.517039559050847,4
35F1,1989,11.831191573762094,1,10.957341813620591,4
35F2,1989,10.826212791748663,2,11.321557521068563,4
35F3,1989,10.917521968892617,3,11.495328482170185,4
35F4,1989,10.94481443435581,4,11.667602794150849,4
36F0,1989,12.235022841135331,2,12.050604018146892,3
36F1,1989,12.450217767434111,2,12.07415621955236,4
36F2,1989,11.784350748263263,3,12.111572338721503,4
36F3,1989,11.92716854599511,3,12.021693342241957,4
36F4,1989,12.495856028874062,4,11.760657322809625,4
36F5,1989,11.747200027317234,8,11.830174670277824,4
36F6,1989,10.86214889179827,6,11.546222500181466,4
36F7,1989,11.609309039610817,4,11.54377334975744,4
37E9,1989,NA,0,12.78572477828649,4
37F0,1989,12.700383645578833,2,12.449652801206764,3
37F1,1989,12.446059715048756,2,12.665781121239148,4
37F2,1989,13.242690249708128,2,12.044381132630672,4
37F3,1989,12.889044622937885,3,12.337047970844099,4
37F4,1989,12.423446283570346,4,12.2607041696645,4
37F5,1989,11.539247476868614,4,12.006213289876635,4
37F6,1989,11.289133456929202,4,11.406494530247846,4
37F7,1989,11.650018831120413,6,11.806066722855856,4
37F8,1989,12.37379221918188,5,11.548657930044591,4
38E9,1989,13.539616778995587,2,12.63184984258134,3
38F0,1989,12.667875847436203,2,12.942143399368883,4
38F1,1989,12.269832822235518,2,11.85068571881908,4
38F2,1989,11.058069444272787,2,12.021483958105426,4
38F3,1989,11.754886804102808,2,11.825723090236766,4
38F4,1989,12.118668549977436,4,12.008481664702826,4
38F5,1989,12.565073391689761,4,11.909911466067912,4
38F6,1989,11.57456292120409,4,11.838705359545866,4
38F7,1989,11.952032175701529,4,11.558105829764624,4
38F8,1989,10.983271673745609,1,11.766861886310647,4
39E8,1989,12.747408879912074,2,12.973289312867127,4
39E9,1989,12.480264800395746,2,13.175105284245085,4
39F0,1989,13.258740350665594,2,12.462483708450597,4
39F1,1989,11.23073786851857,1,12.30185199548379,4
39F2,1989,10.81852595637525,2,11.342507942585648,4
39F3,1989,11.237109743758957,2,11.12822956368993,4
39F4,1989,11.290520179448386,5,11.631496220893382,4
39F5,1989,12.40716691622151,4,11.703655425640303,4
39F6,1989,11.548582413862976,4,11.876709698011112,4
39F7,1989,12.02456989298839,4,11.425446468452327,4
39F8,1989,10.717053257370786,2,11.610997942327387,4
40E8,1989,12.718620544670097,1,13.132556606674878,4
40E9,1989,13.154655127407082,2,12.882809170214392,4
40F0,1989,13.471056317451866,2,13.210159053534234,4
40F1,1989,12.860308852658804,2,12.47183776794939,4
40F2,1989,11.844114713792274,1,11.837177003236775,4
40F3,1989,10.648985314833274,2,11.528795220425383,4
40F4,1989,10.763039673615626,4,11.608044120231176,4
40F5,1989,11.410445717560092,5,11.485915906551822,4
40F6,1989,11.50053906163046,4,11.382753616245026,4
40F7,1989,11.484118026874018,4,11.541163296949644,4
41E7,1989,13.737812110805645,2,12.800230902595407,3
41E8,1989,12.890350308574714,3,13.027362382089253,4
41E9,1989,12.861295018339856,2,13.23495808029784,4
41F0,1989,13.566931883405452,2,13.195453208834191,4
41F1,1989,13.34144217203485,2,13.214391988949922,4
41F2,1989,13.02088788907977,2,12.235390493670728,4
41F3,1989,12.270916750534676,2,12.100335861649723,4
41F4,1989,13.08222526908295,4,11.3538434877028,4
41F5,1989,11.272917974739691,5,11.86656284775114,4
41F6,1989,11.087868306683013,4,11.412998628804127,4
41F7,1989,11.55167592649671,4,11.297692400484557,4
42E7,1989,NA,0,13.082097016229616,4
42E8,1989,12.791721854541413,3,13.042249700458505,3
42E9,1989,13.327895001804109,2,12.87049160603795,4
42F0,1989,13.108019327510192,2,13.459292462071028,4
42F1,1989,13.409439330655662,2,12.830066575433145,4
42F2,1989,11.485088338321109,3,12.548963919864416,4
42F3,1989,11.649244973602897,4,11.38897223597042,4
42F4,1989,11.10849955192121,5,11.698141956701733,4
42F5,1989,11.885712097678509,4,11.535852998679562,4
42F6,1989,11.326861552349644,4,11.534600365040543,4
42F7,1989,11.291921716031549,4,11.15432194543814,4
43E8,1989,12.908503790996692,3,12.432072425023808,4
43E9,1989,12.720930223760337,2,13.089609849938746,4
43F0,1989,13.532903632418892,2,13.073380831220023,4
43F1,1989,13.38571646386643,2,13.16487661450319,4
43F2,1989,12.116283486119332,4,11.901310269174955,4
43F3,1989,10.691384303104693,3,11.200364661652747,4
43F4,1989,10.175385486442577,2,11.562236916882608,4
43F5,1989,12.435132915707706,1,11.443043182848426,4
43F6,1989,11.872899339769102,2,11.366505309674492,4
43F7,1989,9.865850963137103,2,11.510839633661751,4
44E6,1989,12.315608723272085,1,12.548023186661544,3
44E7,1989,12.293030188737829,2,12.397313881893634,4
44E8,1989,11.92260743305565,3,12.686687900870359,4
44E9,1989,12.589136974535297,2,12.643501255741688,4
44F0,1989,13.078857309743134,2,13.045833857643679,4
44F1,1989,13.60088000881887,3,12.973065509232756,4
44F2,1989,12.04305197140759,4,12.295089622023177,4
44F3,1989,10.86054470044618,2,12.056442549740503,4
44F4,1989,12.013930896796822,2,11.190317690343884,4
44F5,1989,11.838175807503514,2,11.627903516482593,4
45E6,1989,12.252013598844934,1,12.90349423311236,3
45E7,1989,13.099025772401866,2,12.699243160114378,4
45E8,1989,12.95608064921162,3,12.949482065635351,4
45E9,1989,12.85161005640763,2,12.881064581079475,4
45F0,1989,12.46041481480166,2,13.21813509000679,4
45F1,1989,13.38463629191387,3,13.196216595481053,4
45F2,1989,12.602650292708322,2,12.797839948893587,4
45F3,1989,13.477403027652908,3,11.573875443893321,4
45F4,1989,11.887164766983265,2,11.824255160082856,4
46E6,1989,NA,0,12.739542525271348,3
46E7,1989,13.295848203663127,1,13.231492182128036,3
46E8,1989,13.924685000676263,2,13.260957750763415,4
46E9,1989,13.518625885769326,2,13.454222156996495,4
46F0,1989,13.557436701962526,2,13.074346833796685,4
46F1,1989,14.12092126559536,2,12.929525346051989,4
46F2,1989,12.286268504599983,1,12.450555045409315,4
46F3,1989,10.945142015435517,1,12.445498707200732,4
47E6,1989,NA,0,12.82407552857523,3
47E7,1989,12.670765773305982,2,13.0249123589431,3
47E8,1989,13.273276264409589,2,13.665812982537956,4
47E9,1989,13.483156868939563,2,12.91885808274892,4
47F0,1989,12.197425369020394,2,13.110657264407287,4
47F1,1989,12.489759885731573,3,12.733961728643486,4
47F2,1989,12.133506607898063,2,12.2244105732806,4
47F3,1989,11.884816688651977,2,11.745565314830738,4
48E7,1989,12.505612608756584,1,13.30158277355247,3
48E8,1989,14.584644287230013,1,12.77858298627099,4
48E9,1989,12.686104811796373,2,13.659607485751788,4
48F0,1989,12.912275600995482,4,12.783148525358738,4
48F1,1989,12.483993672060123,3,12.330938922616877,4
48F2,1989,12.236797214138873,2,12.088978288291003,4
48F3,1989,11.666815421850501,2,12.044094606670601,4
49E8,1989,12.649338260121416,1,14.121498736536052,2
49E9,1989,13.658353185842092,2,13.033504440158618,3
49F0,1989,13.765070248558063,1,12.51590925342745,4
49F1,1989,11.684922989601578,3,12.703813726939092,4
49F2,1989,12.071597451355322,2,12.101400521362255,4
49F3,1989,11.98316707253623,2,12.158791430972808,4
50E8,1989,NA,0,12.649338260121416,1
50E9,1989,NA,0,12.73321921155637,2
50F0,1989,11.80808523727065,2,12.667362881098521,3
50F1,1989,12.494593535782862,2,12.08492232892612,4
50F2,1989,12.500714809172338,2,12.377202476724351,4
50F3,1989,12.39603804151307,2,12.27551505282751,4
51E8,1989,NA,0,11.742424858954639,1
51E9,1989,NA,0,11.742424858954639,1
51F0,1989,11.742424858954639,2,12.077025758465282,2
51F1,1989,12.345966279659915,2,12.147921127563574,4
51F2,1989,12.54658087824615,2,12.434328166532046,4
31F1,1990,NA,0,11.340727633995535,4
31F2,1990,11.784471993307829,1,11.286921676899286,2
32F1,1990,11.137911414539222,1,11.075712989405181,3
32F2,1990,11.43593193925935,1,11.236331749309167,3
32F3,1990,NA,0,11.89968639317915,4
33F1,1990,11.004595188875742,2,11.04308465171438,4
33F2,1990,10.786611840080454,2,12.230730455087828,4
33F3,1990,14.689682871366024,1,11.137737113296684,3
33F4,1990,10.686518922010773,2,12.716189691552765,3
34F1,1990,10.455103531387653,2,11.176644873866472,3
34F2,1990,11.792711820850197,1,11.034357773674936,4
34F3,1990,11.940080577798826,2,12.247873910660612,4
34F4,1990,11.518805625493446,3,11.303927463905142,4
35F0,1990,10.732627611873477,1,11.320153565156094,3
35F1,1990,NA,0,10.888488160691267,4
35F2,1990,10.955635145432812,1,11.801440617638038,3
35F3,1990,10.990295324932783,1,11.411785746949686,4
35F4,1990,11.598815030878184,2,11.410415867547021,4
36F0,1990,12.094770810009502,2,11.539637136397364,3
36F1,1990,11.410586354071128,3,12.530289831832048,3
36F2,1990,12.621314707131132,3,11.356558121490245,4
36F3,1990,11.15261223368892,1,12.128183524850831,4
36F4,1990,11.979950286072938,2,11.647193137594257,4
36F5,1990,12.25786156506787,2,11.573015055048073,4
36F6,1990,11.285211000411433,2,11.694500361584366,4
36F7,1990,10.814617821009508,4,11.668160844035267,4
37E9,1990,NA,0,12.521022199067458,4
37F0,1990,12.475697443247485,3,12.549989365213612,3
37F1,1990,12.874783978355513,3,12.100750682080815,4
37F2,1990,11.90739875276812,1,12.502283935156793,4
37F3,1990,12.921173781266472,2,11.672992302190876,4
37F4,1990,11.579483720742056,2,12.15753694116044,4
37F5,1990,11.447415212965861,2,11.869236509004104,4
37F6,1990,12.258106847294226,4,11.686247471190697,4
37F7,1990,11.93938083936993,4,11.54565106715598,4
37F8,1990,11.189944689065477,2,12.043808637546785,4
38E9,1990,12.833207235737019,3,12.734612107099727,3
38F0,1990,12.680413307275824,2,12.687675372221843,4
38F1,1990,12.609320178236523,2,12.680334743521744,4
38F2,1990,11.59186327387406,1,12.328218106875571,4
38F3,1990,12.052474501564404,3,12.000130263972547,4
38F4,1990,12.281608484336488,4,11.839825504261828,4
38F5,1990,11.381493902912263,4,11.913475052736786,4
38F6,1990,12.07298283201556,4,11.86198068858274,4
38F7,1990,11.919934911254707,2,12.304594959698285,4
38F8,1990,13.501300978553,1,11.556546367303245,4
39E8,1990,12.707443146177258,2,12.912261658331262,4
39E9,1990,12.815979867846096,3,12.833068057640205,4
39F0,1990,12.832476631666347,1,13.164306592369726,4
39F1,1990,13.574278414581581,3,12.841267689610108,4
39F2,1990,12.743678994933237,1,12.494778673891917,4
39F3,1990,11.205875516413167,1,11.968495821193248,4
39F4,1990,12.345849891828589,4,11.588839685952381,4
39F5,1990,11.851893681629235,4,11.803690539813106,4
39F6,1990,11.888387092869769,4,11.5974731812866,4
39F7,1990,11.704715188854653,3,11.543311654284476,4
39F8,1990,11.411590680038145,1,12.01982125290941,4
40E8,1990,13.04071431276174,2,12.407747490262143,4
40E9,1990,12.959145216980195,3,12.957003267618937,4
40F0,1990,13.586554779775408,2,13.01165276487583,4
40F1,1990,13.179594953604322,2,13.328942174018866,4
40F2,1990,13.607097490698859,2,12.3379147527754,4
40F3,1990,10.731979896446763,2,11.938821733224094,4
40F4,1990,11.015981061430633,2,11.672711875092494,4
40F5,1990,11.599031271641804,3,11.325811426835513,4
40F6,1990,10.760301022646953,3,11.317640283105066,4
40F7,1990,10.953333932975282,4,11.19838579485427,4
41E7,1990,12.217791660993939,2,11.77403048557837,4
41E8,1990,11.746609936897181,3,12.579959743961387,4
41E9,1990,12.384764110092506,3,12.63733154999914,4
41F0,1990,13.075394257252459,2,12.782394834829883,4
41F1,1990,12.547838011019621,2,12.900533437664638,4
41F2,1990,12.69640516611728,1,12.427548522241285,4
41F3,1990,11.926332864353716,2,11.775889708597447,4
41F4,1990,12.013986440452818,3,11.429003485369192,4
41F5,1990,11.67506994163523,3,11.280799349554417,4
41F6,1990,10.82980883493341,3,11.26753737987393,4
41F7,1990,11.498718132982065,3,11.06349306755404,4
42E7,1990,9.632228800657195,1,12.352259616042875,4
42E8,1990,12.676568891997366,2,11.728770875176028,4
42E9,1990,12.768176788866718,2,12.472847449250526,4
42F0,1990,12.610422438431996,2,12.949990476462862,4
42F1,1990,12.65073937368449,1,12.280046292614063,4
42F2,1990,11.628925722892939,2,12.271197342897748,4
42F3,1990,11.661187331372926,2,11.179636118606126,4
42F4,1990,11.098630074057187,4,11.418096099917921,4
42F5,1990,10.680370851189641,4,11.249842850929934,4
42F6,1990,11.136060422231473,4,11.163687154141986,4
42F7,1990,11.334769080075993,2,11.45618334297945,4
43E8,1990,12.768067974283019,3,12.261805288354266,4
43E9,1990,12.219634356480238,2,12.791400227252263,4
43F0,1990,13.305651486047783,2,12.428165561739252,4
43F1,1990,12.332998998111698,2,12.417258772262027,4
43F2,1990,12.0764575004163,2,11.221646114893048,4
43F3,1990,10.064655813120666,2,11.687462186450997,4
43F4,1990,11.316839776656302,2,10.94977385337146,4
43F5,1990,11.089610965795842,2,11.374450055550222,4
43F6,1990,11.809799850368902,2,11.324154024587179,4
43F7,1990,11.380154966335358,2,11.444836871414608,4
44E6,1990,13.378311355798441,2,12.632759639616538,3
44E7,1990,11.276680280987799,3,13.218561904402979,4
44E8,1990,12.87433762395166,2,12.683991633889022,4
44E9,1990,12.32370465981153,3,12.628041060306561,4
44F0,1990,12.549606453933075,3,12.074996485276014,4
44F1,1990,11.636186728899538,2,11.771243041271546,4
44F2,1990,10.860003925446886,3,11.832748820465845,4
44F3,1990,11.69536413735846,2,11.214083107364036,4
44F4,1990,11.546198560512142,3,11.758903689052126,4
44F5,1990,11.69078974398604,2,11.571317600292996,4
45E6,1990,13.094504190009012,2,13.387658119415514,3
45E7,1990,13.5270944478528,2,12.999066661516464,4
45E8,1990,14.36751362047374,3,13.234728543640358,4
45E9,1990,12.868585806861272,3,12.565523276612412,4
45F0,1990,11.034443066345201,2,12.191105828980467,4
45F1,1990,11.342362787594528,3,11.654677363068743,4
45F2,1990,11.922986915189082,3,11.87079656974524,4
45F3,1990,12.385474130376448,3,11.948455459867931,4
45F4,1990,12.3326210982077,1,11.867471629240884,4
46E6,1990,NA,0,13.304057428995483,3
46E7,1990,13.257568554595302,1,13.585363428710211,3
46E8,1990,13.668896295895697,3,13.586547851242603,4
46E9,1990,12.536431759819177,2,13.1192742989476,4
46F0,1990,12.00386826753299,3,11.894719011611121,4
46F1,1990,12.025092741841151,3,12.262236264077844,4
46F2,1990,12.895345435563097,4,11.910837591285382,4
46F3,1990,11.842849688716482,2,11.964312161644518,4
47E6,1990,NA,0,13.40883404848872,2
47E7,1990,13.560099542382137,2,13.721123012338747,2
47E8,1990,14.18467747008219,3,13.721580887926091,3
47E9,1990,13.935746825500438,2,12.668501471562571,4
47F0,1990,11.982908478438954,2,12.61797063583796,4
47F1,1990,12.807368565620758,2,12.05046532992636,4
47F2,1990,11.852421019394813,2,11.924109204665795,4
47F3,1990,10.724008061243712,2,11.63010478357302,4
48E7,1990,NA,0,13.560099542382137,1
48E8,1990,NA,0,13.077332823996077,2
48E9,1990,11.969988177909965,2,12.78351316165397,3
48F0,1990,11.724898884697652,2,12.03013546207892,4
48F1,1990,12.34143908003053,2,12.009091043291564,4
48F2,1990,11.269714756235613,2,11.852888731584708,4
48F3,1990,11.555433669945167,2,11.168024419003878,4
49E8,1990,NA,0,12.168563719118483,3
49E9,1990,12.689893774763817,2,11.96156600728062,3
49F0,1990,11.826206111936237,2,12.035122235077623,4
49F1,1990,12.234381966612233,2,11.9301118190377,4
49F2,1990,11.662261156968322,2,11.628871169356454,4
49F3,1990,11.016113701567864,2,11.91651766871524,4
50E8,1990,11.727293650595975,1,12.896716967704442,2
50E9,1990,12.088503731995658,1,12.403357985752452,4
50F0,1990,11.49131431423679,2,12.41859218952961,4
50F1,1990,11.890540927215712,2,12.104037830507338,4
50F2,1990,11.995274253010104,2,11.954203812788174,4
50F3,1990,12.45310159493737,2,11.621140170894396,4
51E8,1990,NA,0,12.847461393243922,4
51E9,1990,13.704930203413227,2,12.561638456520821,3
51F0,1990,13.869117986970831,1,12.494982259453973,4
51F1,1990,12.69518078817022,2,12.265471200113655,4
51F2,1990,11.81091157203129,2,12.258524390833351,4
31F1,1991,NA,0,11.957376044244974,4
31F2,1991,12.879085083831814,2,11.350388964665521,3
32F1,1991,11.246681638779675,2,11.580390210420578,3
32F2,1991,12.776740725330106,2,11.2977361073479,4
32F3,1991,10.027744529886784,2,11.615271907377817,4
33F1,1991,10.926996729038303,2,10.666975541748924,4
33F2,1991,11.037433176893327,2,11.280198313257053,4
33F3,1991,11.773004269251036,2,11.066110770667379,4
33F4,1991,10.873909458036799,3,11.203589680051206,4
34F1,1991,10.739735821913929,1,10.546086773135514,4
34F2,1991,9.644051529408763,2,11.184087320708624,4
34F3,1991,12.325355917852605,4,10.969447033000785,4
34F4,1991,10.6882540032144,3,11.713032089507365,4
35F0,1991,12.370483387786066,2,10.581400626554906,4
35F1,1991,9.242815446308922,2,11.057319092720457,4
35F2,1991,10.633824366174638,2,10.465581729474481,4
35F3,1991,11.772478330128939,3,11.708986353962251,4
35F4,1991,11.880384652011118,3,11.374178719523757,4
36F0,1991,11.857818442989576,1,11.377749301488839,4
36F1,1991,10.485232795007196,2,10.853896374457932,4
36F2,1991,11.202981612051301,2,11.492616299350264,4
36F3,1991,11.996380479810643,2,11.981962486952636,4
36F4,1991,11.039602064941045,3,12.331236523385034,4
36F5,1991,13.15478853479977,2,11.620311746137235,4
36F6,1991,11.898453796068553,3,12.051137753048062,4
36F7,1991,11.337739804124048,4,12.593872637394458,4
37E9,1991,11.14585677724743,1,12.111467240441677,4
37F0,1991,11.509424245914664,1,11.731398827764838,4
37F1,1991,11.111969996481925,1,11.66940857328455,4
37F2,1991,12.855027556408576,2,11.800378938815005,4
37F3,1991,13.912787940689261,2,12.419521514578827,4
37F4,1991,12.293392426918603,4,11.927231003646583,4
37F5,1991,11.24979869662074,3,12.190253139814839,4
37F6,1991,12.462223976647689,5,12.093490872439801,4
37F7,1991,13.036908080940488,4,12.571511984351291,4
37F8,1991,12.977904695921099,2,12.627609115258956,3
38E9,1991,12.268676178522043,1,12.291839889769713,4
38F0,1991,12.809950094340424,1,11.940058976867489,4
38F1,1991,11.827949695807764,1,11.917706017079077,4
38F2,1991,10.973776206037531,2,12.095868174296498,4
38F3,1991,12.533285595177487,2,11.48163483803551,4
38F4,1991,11.506735312335286,2,11.600441301055078,4
38F5,1991,10.850607620893292,2,11.621917737497082,4
38F6,1991,12.188802916129422,1,11.936386632312086,4
38F7,1991,13.50817946071233,1,12.137549485346476,3
38F8,1991,NA,0,12.357482039772703,4
39E8,1991,12.75954330421635,1,12.441828388934075,4
39E9,1991,12.452009383274648,1,12.664156991029524,4
39F0,1991,12.154185787225483,1,12.917331268316197,4
39F1,1991,12.775127771456424,2,11.95992720564208,4
39F2,1991,11.167209849792163,3,11.586077710078799,4
39F3,1991,9.533239893079962,3,12.400074671621512,4
39F4,1991,10.724479561230925,2,11.464284888699636,4
39F5,1991,11.542334024902877,2,11.058544438007722,4
39F6,1991,10.924535470995032,1,11.502993154996501,4
39F7,1991,11.186937458969519,1,11.985590070037404,4
39F8,1991,11.756906543487867,1,12.14928524154541,3
40E8,1991,11.572405299785395,1,12.673013033166297,4
40E9,1991,13.474222694154216,1,12.446077716555335,4
40F0,1991,13.632237824193295,3,12.898925947163818,4
40F1,1991,12.690363489742907,3,12.915643142287363,4
40F2,1991,13.06216696974128,2,12.990432900260068,4
40F3,1991,15.175323680285475,1,11.971219041897113,4
40F4,1991,13.274830324480421,1,12.371592110043474,4
40F5,1991,11.734555098911642,2,11.887361023678988,4
40F6,1991,11.093898219984185,2,11.271464446771168,4
40F7,1991,11.752738804954381,2,11.032033289600031,4
41E7,1991,12.306935034929172,2,11.785434221100113,4
41E8,1991,12.151351099365451,2,11.962344324012886,4
41E9,1991,12.127658358968002,2,12.768062819666419,4
41F0,1991,13.276931817532667,2,12.605071822641385,4
41F1,1991,12.193040003758455,2,12.94621839038201,4
41F2,1991,12.928834581219727,1,12.407696502402487,4
41F3,1991,12.01463898028679,2,12.873352136514546,4
41F4,1991,11.852010099745856,2,12.092222143897494,4
41F5,1991,11.63838152534847,3,11.371849542020101,4
41F6,1991,10.674028412223617,2,11.231740033097479,4
41F7,1991,11.173269067222803,2,10.992551657333074,4
42E7,1991,11.575601882880633,1,11.964292829674667,4
42E8,1991,11.842378602368973,1,11.863301307973625,4
42E9,1991,12.169745667613341,4,12.198685522024952,4
42F0,1991,12.467351103645786,2,13.163520262255712,4
42F1,1991,12.888743673032739,2,12.435871038962716,4
42F2,1991,12.360940055823422,3,12.654464274752746,4
42F3,1991,11.537240184807128,3,11.766837840151545,4
42F4,1991,11.4410377454743,4,11.412113951696721,4
42F5,1991,11.226804557199292,5,11.470018541274584,4
42F6,1991,11.02141131983446,5,10.965993817843426,4
42F7,1991,10.522028092319841,5,11.415516627048659,4
43E8,1991,11.556506582035071,3,12.143057670309599,4
43E9,1991,12.357354023117052,3,12.544593182740783,4
43F0,1991,14.318659890844105,2,12.205056687073608,4
43F1,1991,12.7221529926232,2,13.235649383713405,4
43F2,1991,13.263038659951391,3,12.307882486707983,4
43F3,1991,11.250734579021668,3,11.416538070098646,4
43F4,1991,11.032400965034611,3,11.609408641609043,4
43F5,1991,11.779243574441102,3,11.608878962969666,4
43F6,1991,11.441114209630953,4,11.890530731448948,4
43F7,1991,12.026271911506417,4,11.039455672252014,4
44E6,1991,13.922738199096994,2,11.588702705557962,3
44E7,1991,11.759366904990543,2,12.38565264038554,4
44E8,1991,12.613131150761827,2,12.035968395533956,4
44E9,1991,12.13346059047062,2,12.415840610646883,4
44F0,1991,11.27336862890839,3,12.615520787325611,4
44F1,1991,12.47215531102538,3,12.502292019612325,4
44F2,1991,12.897702319363644,3,11.822002945429752,4
44F3,1991,9.83347247060145,3,12.262032846540976,4
44F4,1991,11.966618667499104,3,11.390187425710051,4
44F5,1991,12.735196120013809,4,11.684485838541288,4
45E6,1991,11.941098343349823,2,12.922031968117867,3
45E7,1991,11.065642868333521,1,12.543179897475763,4
45E8,1991,12.694539504639595,2,12.007515239741284,4
45E9,1991,13.419508639800265,2,12.537883085757997,4
45F0,1991,11.537807356962341,3,12.328874584607105,4
45F1,1991,13.115944137554067,3,12.297998817701693,4
45F2,1991,11.719345340140789,3,13.037584526109931,4
45F3,1991,12.933075820279486,3,11.608325924770863,4
45F4,1991,11.959680147190333,2,11.91349317488273,4
46E6,1991,NA,0,13.234547101728557,3
46E7,1991,13.777714836923089,1,11.994083097771936,3
46E8,1991,10.931778300069528,1,13.742545631067626,4
46E9,1991,13.785724890959433,2,12.444102170845666,4
46F0,1991,11.506676932165696,3,12.897015353649829,4
46F1,1991,13.462687262678257,3,12.633264855955888,4
46F2,1991,13.203615827242528,4,12.79512438035005,4
46F3,1991,12.920805741150879,3,12.908654398778735,4
47E6,1991,NA,0,13.224550298618324,3
47E7,1991,13.984828124912758,1,13.467008687563533,3
47E8,1991,14.712203291748388,2,12.575750988483886,4
47E9,1991,13.918444811347172,3,13.68228657796386,4
47F0,1991,12.801841903999284,2,12.770995818176537,4
47F1,1991,12.706822526861263,2,12.790515724499407,4
47F2,1991,13.077659177430274,2,12.577775369475184,4
47F3,1991,12.420266770162653,2,12.577109063353646,4
48E7,1991,11.911107934019123,1,13.052166903401204,3
48E8,1991,11.467952717606083,1,13.439101829650154,4
48E9,1991,13.429376225148332,4,12.775493938133707,4
48F0,1991,12.952039002332016,1,12.82238364038748,4
48F1,1991,11.819874553889814,2,12.585297584208785,4
48F2,1991,11.980396353634289,2,12.436332888504793,4
48F3,1991,12.329574981199144,2,12.35644294427995,4
49E8,1991,13.703719867684772,2,11.936160085412304,4
49E9,1991,12.763539221249552,2,13.012132697085235,4
49F0,1991,13.23844187851249,2,12.48475044592764,4
49F1,1991,12.701932454007574,2,12.628446507122373,4
49F2,1991,12.518222841499938,2,12.339973957235342,4
49F3,1991,12.50688581182292,2,12.359354579076346,4
50E8,1991,11.836155585798235,2,12.501681270596352,4
50E9,1991,11.676992816995345,2,12.016414248996911,4
50F0,1991,11.521491106121417,2,12.151589588374183,4
50F1,1991,12.93724675458725,2,11.951323812941041,4
50F2,1991,12.170681209476587,2,12.6853673440026,4
50F3,1991,12.418939284129713,2,12.515712589648237,4
51E8,1991,12.68154131488685,1,11.552824097253417,4
51E9,1991,11.94447108281844,2,11.73709165527052,4
51F0,1991,10.753676903401649,2,11.638536372023447,4
51F1,1991,11.411190482158588,2,12.019868814975954,4
51F2,1991,12.867060495793503,2,12.234514432588036,4
31F1,1992,9.457355457032874,1,11.486631160774401,4
31F2,1992,13.864240857645044,2,10.241647079926683,4
32F1,1992,10.757852682348611,2,10.190994941771747,4
32F2,1992,10.246383306968006,2,11.277320905075264,4
32F3,1992,10.50499687335724,1,10.35258799865547,4
33F1,1992,11.078047796135943,1,9.88836638494652,4
33F2,1992,9.982193206950164,3,10.370541615134787,4
33F3,1992,10.44371032672099,2,10.86418934389232,4
33F4,1992,10.73806515398272,2,11.226958259516907,4
34F1,1992,9.099394619773092,1,10.278946082119692,4
34F2,1992,9.714025030714213,3,10.700472312406452,4
34F3,1992,12.231502141279158,2,10.417154276851662,4
34F4,1992,11.727623696710243,2,11.074431126003434,4
35F0,1992,9.852305224683802,1,10.86011440390762,4
35F1,1992,10.471406276944807,2,10.440044033006723,4
35F2,1992,11.488799281623397,2,10.35473283621098,4
35F3,1992,9.7832580532612,2,11.851497506278104,4
35F4,1992,11.544899155490658,2,11.533628880041045,4
36F0,1992,12.549979712965975,2,11.251719414537494,4
36F1,1992,11.319677005946602,1,11.455497813222138,4
36F2,1992,11.4502419839237,2,11.487197015163812,4
36F3,1992,12.140789446719202,3,11.622351156045728,4
36F4,1992,12.482844323473532,2,12.055444318391897,4
36F5,1992,12.125672810422671,3,11.75106757656947,4
36F6,1992,11.4162513788844,5,11.70081964431378,4
36F7,1992,11.66411376338158,6,12.226348952872971,4
37E9,1992,11.62970193222941,2,12.716491558391338,4
37F0,1992,12.205193495290157,2,11.983932251553608,4
37F1,1992,11.350363279054072,2,11.6704289543097,4
37F2,1992,10.999522326366046,3,11.670767317121715,4
37F3,1992,12.773060263524474,2,11.805802925817563,4
37F4,1992,12.410415860935057,2,11.913565143370748,4
37F5,1992,10.69475874298489,2,12.005179184842628,4
37F6,1992,12.318733260465981,5,11.964779315661106,4
37F7,1992,13.628705208953225,5,11.835884132362324,4
37F8,1992,11.541705963188278,4,12.19719204225327,4
38E9,1992,13.705108943344246,2,12.492410853830963,4
38F0,1992,12.405684081964974,2,12.976325491778931,4
38F1,1992,12.157322989636,2,11.924200002914297,4
38F2,1992,11.109403741984615,2,11.482272437325586,4
38F3,1992,11.672484069249943,2,11.793020045469158,4
38F4,1992,11.703597243500097,2,11.767703856322598,4
38F5,1992,11.165894807546803,4,11.549687592250303,4
38F6,1992,12.119401931821908,3,11.67051642126258,4
38F7,1992,11.81898354241346,3,12.24044727791108,4
38F8,1992,11.676965654264816,3,11.3672477941611,4
39E8,1992,13.58205101632051,2,13.033641211280699,4
39E9,1992,12.352206384808959,2,13.312905969305394,4
39F0,1992,13.83767653884532,2,12.583555432935851,4
39F1,1992,12.831348908653531,2,12.346387203644696,4
39F2,1992,11.099760364050354,2,12.155128032912414,4
39F3,1992,11.586018932867443,2,11.447474272919406,4
39F4,1992,11.822020687558586,4,11.753322838799486,4
39F5,1992,11.680992450694315,4,11.741173157818029,4
39F6,1992,11.378454074624077,3,11.463214398269269,4
39F7,1992,11.536716316604377,2,11.218587751519333,4
39F8,1992,10.571585354438287,3,11.53449838697104,4
40E8,1992,13.95046213825809,2,12.843418135173895,4
40E9,1992,12.126787378711501,2,12.59635948898633,4
40F0,1992,12.74498235631594,2,12.825205574950767,4
40F1,1992,12.290788922047106,2,12.763001462116799,4
40F2,1992,13.093740548144067,1,11.871127720141718,4
40F3,1992,11.195631970818738,4,12.203873140556858,4
40F4,1992,12.042682728136086,1,12.052393412860466,4
40F5,1992,12.598323061542652,2,11.369345382730978,4
40F6,1992,10.515746893956479,2,11.544372946814086,4
40F7,1992,11.105328034601508,1,11.02892337304763,4
41E7,1992,13.247031842414396,1,12.84210873426384,3
41E8,1992,12.417802303249172,2,12.67333570462977,4
41E9,1992,11.33778707656233,2,12.525917140063976,4
41F0,1992,13.045569460199138,2,12.283796620873314,4
41F1,1992,12.381934035353659,2,12.82676648158055,4
41F2,1992,12.898329623650675,2,12.391407898766344,4
41F3,1992,12.093050353079835,2,12.103090005131385,4
41F4,1992,12.593597931521886,2,12.029623349660366,4
41F5,1992,11.237959458137032,2,11.969286614772827,4
41F6,1992,11.095386616488108,2,10.871118381038029,4
41F7,1992,10.967843665141562,2,10.878339330464126,4
42E7,1992,NA,0,12.5663846448999,4
42E8,1992,12.158061761284262,2,12.45798479799901,3
42E9,1992,12.513509418096092,2,12.15915484629064,4
42F0,1992,12.670483015261325,2,12.850440471340779,4
42F1,1992,13.072377920425286,2,12.492262293152853,4
42F2,1992,11.996906658487816,2,12.76369869467127,4
42F3,1992,11.724800494534243,2,12.034129490617971,4
42F4,1992,12.744800859288507,2,11.923446495989335,4
42F5,1992,11.589838849538664,3,11.412624897387156,4
42F6,1992,10.762923506917044,3,11.105716320663838,4
42F7,1992,10.549719163849842,3,10.984069353274363,4
43E8,1992,12.442642672651768,2,12.43017161534799,4
43E9,1992,12.470287532054645,2,12.511418007328516,4
43F0,1992,12.770305086642601,2,12.562462965103865,4
43F1,1992,12.919725463508613,2,12.880902970704613,4
43F2,1992,13.359286740074872,2,12.149091635155315,4
43F3,1992,11.301760091615728,2,12.244409659057416,4
43F4,1992,11.785548708362551,2,11.920158141413129,4
43F5,1992,10.90481576520604,1,11.858873316819167,4
43F6,1992,11.187920652778736,2,11.389378479244977,4
43F7,1992,11.017589588260108,2,10.867101747171796,4
44E6,1992,12.989092542112292,2,12.59311925340816,3
44E7,1992,12.624161261711134,2,12.65311623674189,4
44E8,1992,12.468175906341923,2,12.616157353335428,4
44E9,1992,12.3192148519236,2,12.346782442770136,4
44F0,1992,12.189355849590882,2,12.134126313004867,4
44F1,1992,12.321642135675694,3,12.414905706342822,4
44F2,1992,12.377974327009106,2,12.61678825785103,4
44F3,1992,12.108002693258,2,12.318878219717103,4
44F4,1992,12.729255849542238,3,12.413498442208589,4
44F5,1992,12.872185056596715,2,12.076969408431978,4
45E6,1992,12.272798170878193,2,12.881429902124973,3
45E7,1992,12.882398327635153,2,12.687092224068003,4
45E8,1992,13.07861062705521,2,12.62083261463684,4
45E9,1992,12.259310483093095,2,12.176715703246227,4
45F0,1992,11.125343177777575,2,11.930723333349146,4
45F1,1992,12.172567185262686,2,11.997430083629082,4
45F2,1992,12.678221462395559,3,12.703365372711986,4
45F3,1992,12.86652261070134,3,12.373218364291843,4
45F4,1992,12.888257310617085,2,12.380543286099575,4
46E6,1992,NA,0,12.959478892467398,3
46E7,1992,12.772798836627471,1,13.196227913002957,3
46E8,1992,12.873445741477186,3,13.112105227319201,4
46E9,1992,12.183694156228523,2,12.340359846391046,4
46F0,1992,11.101659815449917,2,11.943598918043946,4
46F1,1992,11.864513558667502,2,12.357860563006001,4
46F2,1992,13.39639736787481,2,12.589697215328112,4
46F3,1992,11.818391990896725,2,13.160456798172277,4
47E6,1992,NA,0,13.302819253262001,2
47E7,1992,13.832839669896531,2,13.593058062996537,2
47E8,1992,14.413317289365605,3,13.639149429339488,4
47E9,1992,13.12702334554398,3,13.224528198645077,4
47F0,1992,12.600844779502184,2,12.624758435862809,4
47F1,1992,12.760817883436593,2,12.834280864398636,4
47F2,1992,13.997661849352662,2,12.756765917623783,4
47F3,1992,12.381245364760293,2,12.8262358913422,4
48E7,1992,NA,0,14.278064315168393,2
48E8,1992,14.723288960440257,2,14.056786929424801,2
48E9,1992,13.700256569483997,2,13.786615001668327,3
48F0,1992,13.509532699020742,2,13.125914892808822,4
48F1,1992,12.8741032700722,2,12.85734754344721,4
48F2,1992,12.488603054423434,2,12.948332862854553,4
48F3,1992,13.000286670695985,2,12.188630224392684,4
49E8,1992,NA,0,12.926724131083873,2
49E9,1992,NA,0,12.71962360779613,3
49F0,1992,13.328454952176909,2,13.301426091644755,3
49F1,1992,12.670436536908069,2,12.799048179662243,4
49F2,1992,11.921279661297365,2,12.500340705280749,4
49F3,1992,11.963392817089645,2,12.80116864955891,4
50E8,1992,NA,0,11.380273238277296,2
50E9,1992,11.130159301727486,1,12.677348106916279,2
50F0,1992,13.724309039005453,2,12.494658829733165,4
50F1,1992,13.072354835102502,2,13.158865420768759,4
50F2,1992,12.878930412701848,2,12.66042212740269,4
50F3,1992,13.404177853540443,2,12.251869762689827,4
51E8,1992,NA,0,11.736070902160119,3
51E9,1992,11.630387174827105,1,11.788912765826625,2
51F0,1992,12.447666229925764,2,12.461660302504928,4
51F1,1992,13.361785694459664,2,12.872051565926043,4
51F2,1992,12.243876159670451,2,13.179312198951115,4
31F1,1993,NA,0,11.890522472055444,4
31F2,1993,14.238026192365979,2,11.381724343360496,3
32F1,1993,11.187545198453165,2,10.644533014277952,3
32F2,1993,11.488661585308328,2,11.67290454564259,4
32F3,1993,11.468966246319996,1,11.16338338405608,4
33F1,1993,10.647856912094309,2,10.291968715890066,4
33F2,1993,9.797080545431218,2,10.818428868020474,4
33F3,1993,11.12878214167987,2,11.573185030826647,4
33F4,1993,12.239009263804908,2,11.754786417574177,4
34F1,1993,10.174834286676495,2,9.95617036030325,4
34F2,1993,10.008414832999389,2,10.676055946813914,4
34F3,1993,12.787684067750462,2,10.776235418910785,4
34F4,1993,11.633713214546383,3,11.664958622323075,4
35F0,1993,9.408033355506202,1,10.666186820943869,4
35F1,1993,9.760376340613103,2,10.21408509562327,4
35F2,1993,9.944624887397481,2,10.124631892549782,4
35F3,1993,10.334031486417498,2,11.375997508518457,4
35F4,1993,11.299109671319432,2,11.245620588396964,4
36F0,1993,11.400688803572972,1,11.45310618815732,4
36F1,1993,11.328847852912904,2,10.963050964761651,4
36F2,1993,10.395704910169139,2,11.200432454741067,4
36F3,1993,11.472571407606457,6,11.213926658090598,4
36F4,1993,11.54216624501752,8,11.602095852834777,4
36F5,1993,11.805497073317712,6,11.292563440857137,4
36F6,1993,10.615575580038168,2,11.373173975800148,4
36F7,1993,10.532353259064784,2,11.926346294536629,4
37E9,1993,12.499495603187132,1,12.621329481268923,4
37F0,1993,12.576047941023042,2,12.407077597633956,4
37F1,1993,12.29543380469139,2,12.131399716426923,4
37F2,1993,12.055685671047428,3,11.765054372935086,4
37F3,1993,12.583803990758236,6,11.90394611541688,4
37F4,1993,11.83120525909551,7,11.613828219401881,4
37F5,1993,11.181306679277352,6,11.506632032292142,4
37F6,1993,11.973538891540745,2,11.461296061843115,4
37F7,1993,12.818086329081734,3,11.543367843835092,4
37F8,1993,12.298184377485871,1,11.51587546823826,4
38E9,1993,13.075889001395351,1,12.860197339489948,4
38F0,1993,13.432692179084327,2,12.98935111938312,4
38F1,1993,12.565017400724315,2,12.183136324289897,4
38F2,1993,11.785274786121581,2,11.901070097705087,4
38F3,1993,12.25632212391813,2,11.821745707577502,4
38F4,1993,11.148035962554417,2,11.354891097575639,4
38F5,1993,10.416286905214605,4,11.27224407052644,4
38F6,1993,11.230215658975206,2,11.071481218576,4
38F7,1993,11.369394847248968,2,11.740208057342489,4
38F8,1993,11.343667437557556,1,11.508037660973192,4
39E8,1993,12.712586170278751,2,12.984653948594591,4
39E9,1993,12.796015405409586,2,13.27924783451548,4
39F0,1993,13.740450134389768,2,12.700281649786117,4
39F1,1993,11.219144527262294,1,12.3311959375886,4
39F2,1993,10.727255195130477,2,11.797080949759021,4
39F3,1993,11.769868090875775,2,11.632725304540392,4
39F4,1993,10.915750102074313,2,11.683811187278826,4
39F5,1993,11.529417981298785,2,10.784563347657226,4
39F6,1993,10.526704230299682,3,11.210316338897563,4
39F7,1993,11.568862803755461,3,11.136025400726172,4
39F8,1993,10.79570861540247,1,11.53355474962889,4
40E8,1993,12.478645355575377,2,12.93028854915686,4
40E9,1993,13.588066031998054,2,12.801453244295818,4
40F0,1993,13.353274487388262,1,13.32543546106667,4
40F1,1993,12.292061020109838,1,12.393359147655982,4
40F2,1993,12.414036394776431,1,12.126987231162826,4
40F3,1993,12.631573797038646,2,12.32917726064978,4
40F4,1993,12.287922714386326,2,11.894363107933948,4
40F5,1993,11.279512153040304,2,11.41728876092803,4
40F6,1993,10.512768911560798,2,11.05766756300919,4
40F7,1993,11.852293909953573,2,10.80446324562234,4
41E7,1993,12.576790347510372,2,12.902484194757728,4
41E8,1993,12.84371164684026,2,12.571330178345042,4
41E9,1993,12.577877728810044,2,13.13392251950648,4
41F0,1993,13.68116465776902,2,12.844664887329479,4
41F1,1993,12.586981181196943,1,12.823348759211315,4
41F2,1993,12.857058912372345,1,12.57210992307976,4
41F3,1993,12.844881842560591,2,12.726052999761423,4
41F4,1993,12.750616379582532,2,12.142083643153109,4
41F5,1993,11.339045436466208,2,11.622930057105425,4
41F6,1993,10.572159958743196,2,10.785384983133056,4
41F7,1993,10.564061308429904,2,10.913242414705561,4
42E7,1993,13.635572495130901,1,12.858674718529745,4
42E8,1993,12.652007281484373,2,13.066055370418432,4
42E9,1993,12.422747741418592,2,12.727090546315486,4
42F0,1993,12.86052615192267,2,12.801076667270442,4
42F1,1993,12.463110446594058,1,12.822628896450176,4
42F2,1993,12.44254027378507,2,13.136497888859711,4
42F3,1993,12.664962910052168,2,12.429481182050843,4
42F4,1993,12.096484579199311,3,12.316859880075418,4
42F5,1993,11.889431737055663,3,11.470379302477347,4
42F6,1993,10.72566427607532,3,11.033995087372256,4
42F7,1993,10.502851514050159,2,11.008450947646146,4
43E8,1993,13.362189598283978,1,12.468058629190873,4
43E9,1993,12.817951023044857,2,12.969587344867852,4
43F0,1993,12.637283823300097,2,13.13677257430479,4
43F1,1993,13.400467978896023,2,13.155296556869613,4
43F2,1993,14.560859286420273,2,12.677728799988119,4
43F3,1993,12.334018032658403,2,13.046436301985295,4
43F4,1993,11.962428493611307,2,12.122080612727956,4
43F5,1993,11.720322918168549,2,11.94971614902521,4
43F6,1993,11.171537139640005,2,11.698498871619272,4
43F7,1993,11.572541066439353,2,10.741028559548846,4
44E6,1993,12.328938232197558,2,12.340556634828118,3
44E7,1993,11.466896621687173,2,12.704772776385457,4
44E8,1993,12.935379590547086,2,13.083871856817051,4
44E9,1993,13.456128216468745,1,12.93589445958532,4
44F0,1993,13.46814514335561,2,12.916241544900215,4
44F1,1993,12.959932671164028,1,13.097123876718353,4
44F2,1993,12.53388891461298,2,13.110662849102447,4
44F3,1993,12.99749451785743,2,12.468966153684667,4
44F4,1993,12.33749692088556,2,12.458551295838006,4
44F5,1993,12.77546722579387,2,12.02976581968871,4
45E6,1993,12.931615064184758,2,13.011049968713612,3
45E7,1993,12.623158218612424,2,13.132459533007774,4
45E8,1993,14.050272990828308,2,12.840582873071826,4
45E9,1993,12.522102081393731,3,13.341937660718415,4
45F0,1993,12.611621468667993,2,12.88653970959503,4
45F1,1993,12.985993470008795,2,12.664690794775057,4
45F2,1993,11.92436492096806,2,12.796066045083725,4
45F3,1993,12.670460746581726,2,12.450664562053348,4
45F4,1993,12.098814946089421,2,12.696859012155798,4
46E6,1993,NA,0,13.669971299555806,3
46E7,1993,14.081053455330856,2,13.300698399832763,3
46E8,1993,13.28169160173406,3,14.012896162562082,4
46E9,1993,13.249727966908615,2,12.701563837478243,4
46F0,1993,12.569918143621988,2,12.852389399679502,4
46F1,1993,13.162844118300148,2,12.885062239413951,4
46F2,1993,12.9939210491314,2,12.625746394802874,4
46F3,1993,12.78198386329848,2,12.774307941714364,4
47E6,1993,NA,0,13.77367357684528,3
47E7,1993,13.997245379151803,2,13.998101862854861,3
47E8,1993,14.670530237180547,2,13.742044214321883,4
47E9,1993,12.432543523163197,2,13.65856280514534,4
47F0,1993,12.38536404484125,2,12.790930307862121,4
47F1,1993,12.990416294893624,2,12.757674106937129,4
47F2,1993,12.633792676644807,2,12.868623818085716,4
47F3,1993,12.79905729449952,2,12.663433530307962,4
48E7,1993,13.24272189605318,2,14.154696589882755,3
48E8,1993,15.25669635323847,3,13.86300728553567,4
48E9,1993,14.328628971650954,2,13.708488409605906,4
48F0,1993,13.170843269769675,2,12.999496479718243,4
48F1,1993,12.848695587962311,2,13.036730953362168,4
48F2,1993,12.69110063381832,2,12.610303920465809,4
48F3,1993,12.54685694747024,2,12.501912841389672,4
49E8,1993,13.210148037257994,2,13.991483603375059,4
49E9,1993,13.973870492252278,2,13.470801301433642,4
49F0,1993,12.435297314418454,2,13.570451535470461,4
49F1,1993,13.294563614967053,2,12.90218060214162,4
49F2,1993,12.411870469785875,2,12.741923664845288,4
49F3,1993,12.105622967454973,2,12.682746533870233,4
50E8,1993,12.826236685602321,2,13.998967234312577,4
50E9,1993,13.909130882407165,2,13.875288950024997,4
50F0,1993,13.842528764892837,2,13.30105069939539,4
50F1,1993,13.91285903639984,2,13.255585317006664,4
50F2,1993,12.876407443140806,2,12.913476784717778,4
50F3,1993,12.895851275084013,2,12.45680680949576,4
51E8,1993,14.0180701602326,1,13.635200747429533,4
51E9,1993,14.858519857352551,1,13.425088323149545,4
51F0,1993,12.946915564356097,1,13.904755237419629,4
51F1,1993,13.008841445025961,2,13.28390743081254,4
51F2,1993,12.433326357601384,2,13.173489799912655,4
31F1,1994,10.101788529932847,1,11.94861358567983,4
31F2,1994,13.498535539160223,2,11.830271652346008,4
32F1,1994,10.830294921872229,2,11.069631146844014,4
32F2,1994,13.935739159520876,2,11.873301658711718,4
32F3,1994,12.453263998058082,1,11.698065696358547,4
33F1,1994,9.52988472216599,2,10.43968150634619,4
33F2,1994,10.711112175756341,2,11.183605624953312,4
33F3,1994,11.271375055729397,2,11.159275095889225,4
33F4,1994,10.874036394427574,2,11.524793430264193,4
34F1,1994,10.219895365359205,2,9.751046882864937,4
34F2,1994,9.997423562396982,2,10.490263542667641,4
34F3,1994,10.5986878153149,2,10.994894106311135,4
34F4,1994,11.775846851954391,2,11.031828006963767,4
35F0,1994,10.117522136655296,2,10.530980549319356,4
35F1,1994,9.35935711024148,2,10.287136209954506,4
35F2,1994,10.43135881424012,2,10.613633631780925,4
35F3,1994,10.934930955163768,2,11.03027546182735,4
35F4,1994,11.719656862948828,2,11.490139472942616,4
36F0,1994,12.164901198113338,2,11.36814177769606,4
36F1,1994,10.379768523563401,2,11.25118530413189,4
36F2,1994,12.162822899321473,2,11.079092374578117,4
36F3,1994,11.371398354805548,3,11.639354613406114,4
36F4,1994,11.878381729846758,2,11.504116381523643,4
36F5,1994,11.106250306475467,3,11.545004742406876,4
36F6,1994,11.125293815041502,2,10.782420593534408,4
36F7,1994,9.168663522854061,2,10.443722620982275,4
37E9,1994,11.944261789126728,1,12.829289860567116,4
37F0,1994,13.031014661438817,2,12.043924266977804,4
37F1,1994,11.317660008851277,2,11.713570206488509,4
37F2,1994,12.133843805703396,3,11.201134744563081,4
37F3,1994,11.581282869292458,2,11.652870114087879,4
37F4,1994,11.819160001864727,2,11.709693500109728,4
37F5,1994,11.357183422874519,2,11.36028291267061,4
37F6,1994,11.497585121933584,2,10.969190370114045,4
37F7,1994,10.073554537255227,2,10.266381085847994,4
37F8,1994,9.078457009698788,2,10.507124866426784,4
38E9,1994,13.372369510896439,2,12.895429063526546,4
38F0,1994,12.74887407181987,2,12.554463906544925,4
38F1,1994,11.309653835248422,2,11.544717302131536,4
38F2,1994,9.742773200787118,3,11.414318452283853,4
38F3,1994,11.287078293977846,2,11.08636415430299,4
38F4,1994,12.021925978425177,2,11.445148998691757,4
38F5,1994,11.018136220408664,2,11.563805794535028,4
38F6,1994,11.320729705284934,2,11.513344465944668,4
38F7,1994,11.320818688905543,2,10.79546096821457,4
38F8,1994,11.465462716692304,1,10.469832353068659,4
39E8,1994,14.016694370764416,2,13.12160186086083,4
39E9,1994,12.871886022395174,1,13.440757247391405,4
39F0,1994,12.504817618596016,3,12.55457524223307,4
39F1,1994,12.36956192706788,3,11.796033317349881,4
39F2,1994,10.926697874205749,3,11.932570837983462,4
39F3,1994,10.999474568707205,2,11.54184823105003,4
39F4,1994,11.656221478515786,2,11.675654406560149,4
39F5,1994,11.55538407155548,2,11.614527060416643,4
39F6,1994,12.216837832530878,2,10.978931679159391,4
39F7,1994,10.322096913625813,2,11.473117634334557,4
39F8,1994,11.15795680004449,1,11.076308883770244,4
40E8,1994,12.373004420842957,2,13.0261321170785,4
40E9,1994,13.869147489308748,2,12.24654413883632,4
40F0,1994,12.227978947649362,2,13.473641417381536,4
40F1,1994,12.442963941349339,3,12.892284702225027,4
40F2,1994,14.618473655371645,2,11.983394752446799,4
40F3,1994,12.297395277500742,2,12.460453500096612,4
40F4,1994,12.125833007552732,2,12.096492044310711,4
40F5,1994,11.566912710211245,2,11.563515896990513,4
40F6,1994,10.717516026171333,3,11.412066221951386,4
40F7,1994,11.196857215857312,2,10.555607900850175,4
41E7,1994,13.08593153594527,2,11.687139190118321,4
41E8,1994,11.132755072295566,3,11.977942330137695,4
41E9,1994,11.513307164457792,2,13.093289467636986,4
41F0,1994,15.077636620272038,2,12.373063205934566,4
41F1,1994,12.353124278811217,3,12.988527844602807,4
41F2,1994,12.266521916731367,2,12.685665709996618,4
41F3,1994,12.098032768754866,2,12.191939882322792,4
41F4,1994,12.865438711015074,2,11.984933132029107,4
41F5,1994,11.855330482682504,2,11.76922133612907,4
41F6,1994,10.667657129206109,2,10.823584858629891,4
41F7,1994,10.515161534397446,3,10.46035314403599,4
42E7,1994,12.303271068029998,1,11.795274616086827,4
42E8,1994,10.939526199304762,2,11.938132621449714,4
42E9,1994,12.293618688671586,3,11.987785959275083,4
42F0,1994,13.397842432819889,2,12.873245839670314,4
42F1,1994,12.166988900058483,2,12.373213002690662,4
42F2,1994,11.673032137048747,2,12.253995813992738,4
42F3,1994,11.338403624043988,2,11.58646865778413,4
42F4,1994,11.860536269126326,3,11.875831095060517,4
42F5,1994,11.976876794083848,3,11.327720284601856,4
42F6,1994,10.206331391268282,2,11.070463300957753,4
42F7,1994,9.770566839812258,2,10.92932352188615,4
43E8,1994,12.022885656801709,3,12.15109341663633,4
43E9,1994,12.100468040517885,3,12.156157970105715,4
43F0,1994,11.954739149679153,2,12.731629212712017,4
43F1,1994,12.068853162082796,2,12.410546387006129,4
43F2,1994,13.244068815137112,2,11.249706826718924,4
43F3,1994,10.71427345620658,2,11.544006207691421,4
43F4,1994,11.32260525109916,3,11.549082331756559,4
43F5,1994,11.388682995330313,2,11.776049811463805,4
43F6,1994,11.866752440728796,2,11.165506966923022,4
43F7,1994,11.129048721150074,2,10.589703051551695,4
44E6,1994,12.210201846883969,2,12.645498728346464,3
44E7,1994,11.85661362435549,2,12.999462552483763,4
44E8,1994,13.707765802367183,2,12.423476537136924,4
44E9,1994,12.353388385270414,3,12.99087353061369,4
44F0,1994,13.359353215427497,3,11.844706650179074,4
44F1,1994,12.276388683149769,2,12.150945097922197,4
44F2,1994,10.542668551537574,2,11.720051057635903,4
44F3,1994,10.27094714048542,2,11.67342926494658,4
44F4,1994,12.23283660636301,2,11.901634027962523,4
44F5,1994,11.937964759943418,1,12.254785953278644,4
45E6,1994,13.484123290358058,2,12.970349764347079,3
45E7,1994,12.595759270325846,2,13.226710893166265,4
45E8,1994,13.461018482120089,2,12.859463147487212,4
45E9,1994,12.795907064142199,3,12.417379109502964,4
45F0,1994,10.79431038261696,3,12.639218209853297,4
45F1,1994,12.632905462640919,2,11.59697965527004,4
45F2,1994,11.08879959177131,2,12.140562682655101,4
45F3,1994,13.20393844567916,2,11.854502053199575,4
45F4,1994,14.07501896032209,1,11.922741178186769,4
46E6,1994,NA,0,13.721437165197308,3
46E7,1994,14.105088175831423,2,12.836426584280636,3
46E8,1994,12.338420453113617,2,13.649783942183177,4
46E9,1994,13.060799188004388,3,12.388376818287874,4
46F0,1994,11.768707097202572,3,11.983457576330812,4
46F1,1994,12.22841996354212,3,12.155910168741562,4
46F2,1994,12.182738270762755,4,11.759376438435087,4
46F3,1994,11.983242520219482,3,12.369340093553436,4
47E6,1994,NA,0,13.840094102616934,2
47E7,1994,13.575100029402446,2,14.038659049304115,2
47E8,1994,13.972229922776808,2,12.854664380403056,3
47E9,1994,12.650472658693108,3,12.98546641571182,4
47F0,1994,11.850300771159782,1,12.1697738415108,4
47F1,1994,12.039289844360002,2,11.814871867025094,4
47F2,1994,11.737043678207433,2,12.197838395055658,4
47F3,1994,12.353639979564399,2,12.05505817025649,4
48E7,1994,NA,0,13.575100029402446,1
48E8,1994,NA,0,13.515382851841554,2
48E9,1994,13.058535780906299,1,12.435549212240314,2
48F0,1994,12.22062576578752,2,12.002461655598301,4
48F1,1994,11.443723055191036,2,12.170281426670552,4
48F2,1994,12.215685485535474,2,11.792519490415234,4
48F3,1994,12.284260997063576,2,12.165451449999665,4
49E8,1994,NA,0,NA,0
49E9,1994,NA,0,12.357911398021194,2
49F0,1994,11.657287015136088,2,12.534714431570444,3
49F1,1994,12.205524610999216,2,11.853018102456158,4
49F2,1994,11.705050231198893,2,12.027420498342625,4
49F3,1994,12.387430103699892,3,11.85431440961781,4
50E8,1994,NA,0,12.91077717652473,1
50E9,1994,NA,0,13.044385047224662,2
50F0,1994,13.177992917924595,2,11.759402996257489,3
50F1,1994,12.606012108298618,2,12.395692047839987,4
50F2,1994,11.301041793135916,2,12.157352527271723,4
50F3,1994,12.126904617072853,2,11.896241320137806,4
51E8,1994,NA,0,11.962843520931244,2
51E9,1994,12.91077717652473,1,11.014909865337758,1
51F0,1994,11.014909865337758,2,12.995659654583182,3
51F1,1994,12.898208869300223,2,12.247589511019374,4
51F2,1994,12.191443152516525,1,12.233041846951902,4
31F1,1995,NA,0,11.422603367426793,4
31F2,1995,13.130758824588472,1,11.652168885062311,3
32F1,1995,11.31015064525272,2,10.447809208972865,3
32F2,1995,11.422116245889796,2,11.689768215234556,4
32F3,1995,12.224239764044416,1,11.29530195552026,4
33F1,1995,9.827387753976186,2,10.383348833557651,4
33F2,1995,10.093923627052614,1,11.21667472554649,4
33F3,1995,13.164643218522645,2,11.213263849599404,4
33F4,1995,10.500524730615988,2,12.273740399869892,4
34F1,1995,9.67676937812794,2,9.889109769950863,4
34F2,1995,10.452551683797331,1,10.234217976497506,4
34F3,1995,12.034367276684598,2,11.757827488858862,4
34F4,1995,11.67171134022791,2,11.556551835721462,4
35F0,1995,9.692649794750919,2,10.325756118884215,4
35F1,1995,9.583849847279021,2,9.753821392891313,4
35F2,1995,9.131811624124872,2,10.6916078453709,4
35F3,1995,11.742403712887558,2,11.43304846234479,4
35F4,1995,11.948911622697707,2,11.784727953367902,4
36F0,1995,11.528350475568374,2,11.643006421829183,4
36F1,1995,10.514054774561522,2,10.797333714657988,4
36F2,1995,10.98762613751969,2,11.030728563383388,4
36F3,1995,12.617103325871978,2,11.229430456855727,4
36F4,1995,11.107693434484165,2,11.848138161611043,4
36F5,1995,11.112728530854039,2,11.196007235270372,4
36F6,1995,11.373419262964362,2,11.093044804892873,4
36F7,1995,11.093073247804497,2,11.648830050133604,4
37E9,1995,12.685790471971263,2,12.961708461770652,4
37F0,1995,13.679530646033026,2,12.239947394821428,4
37F1,1995,11.089508398264865,2,11.941989026730933,4
37F2,1995,11.859944528975179,3,11.0222095567021,4
37F3,1995,11.079998542531499,2,11.702158861599461,4
37F4,1995,11.71380916702045,2,11.228302249322148,4
37F5,1995,10.589107076612514,2,11.345345537314625,4
37F6,1995,11.577270364300446,2,11.329596135781248,4
37F7,1995,11.871363190502073,2,11.707785934881372,4
37F8,1995,11.773267382767532,2,11.56697633365956,4
38E9,1995,12.982812491999997,2,13.102110188819099,4
38F0,1995,13.65614023348121,2,13.30330835672773,4
38F1,1995,11.714426157354008,2,11.99697321071507,4
38F2,1995,10.931705148492343,2,11.352259227811176,4
38F3,1995,10.617778424530236,2,11.364617124866362,4
38F4,1995,12.136409943660418,2,11.13390091775823,4
38F5,1995,10.977574087083566,2,11.257143875130584,4
38F6,1995,11.484495013046047,2,11.623032277585358,4
38F7,1995,12.387532744653015,2,11.601807373638591,4
38F8,1995,10.915936151678654,1,11.591595718023171,4
39E8,1995,12.417353558005322,2,12.636597861406766,4
39E9,1995,13.649156491818598,2,13.16778262580251,4
39F0,1995,14.836464131523888,2,13.132150069361769,4
39F1,1995,12.310539062621867,2,12.686916563806639,4
39F2,1995,11.21688780038528,2,11.909659817292336,4
39F3,1995,11.310354864781186,2,11.11112557676027,4
39F4,1995,11.22644199239867,2,11.452622155335572,4
39F5,1995,10.81856346720336,2,11.42391478008794,4
39F6,1995,11.549751914304405,2,11.231176400598631,4
39F7,1995,12.13543513932759,2,11.258749421811347,4
39F8,1995,10.070147605344552,1,11.616617364650669,4
40E8,1995,11.479922140127645,2,12.421824664441967,4
40E9,1995,12.434500321680826,2,12.642785872275022,4
40F0,1995,12.912764489525403,2,13.33026333248394,4
40F1,1995,12.979888165963377,2,12.668041301617544,4
40F2,1995,13.086040193273949,2,12.2022557011443,4
40F3,1995,11.383394089726895,2,11.89589408448215,4
40F4,1995,11.545160345697326,2,11.479365779267843,4
40F5,1995,11.941891126565123,2,10.979964627616111,4
40F6,1995,10.486211982817526,2,11.313633069087027,4
40F7,1995,11.027565422943416,3,11.05680747329426,4
41E7,1995,12.086551951518741,2,12.067952061871722,4
41E8,1995,12.748892826562983,2,12.002971464623002,4
41E9,1995,12.52930036762844,2,12.51179092779514,4
41F0,1995,13.070200710767669,2,12.555990739117142,4
41F1,1995,12.36282146104896,2,12.959588082963005,4
41F2,1995,13.228852748501646,2,12.522376349803528,4
41F3,1995,11.642020934176138,2,12.205644260287823,4
41F4,1995,11.365735908380685,2,11.403653549110459,4
41F5,1995,11.069922714746234,2,11.416769952151395,4
41F6,1995,10.735323812535164,2,10.85435613282768,4
41F7,1995,10.870258958496763,3,10.909598998913484,4
42E7,1995,12.126881881579083,1,12.084185506704705,4
42E8,1995,11.91611139921718,2,12.063632602457766,4
42E9,1995,11.793569852169082,2,12.166068774490853,4
42F0,1995,12.419076638265768,2,12.34253269110512,4
42F1,1995,12.55941070661933,3,12.637149249592976,4
42F2,1995,12.998622810715066,2,12.703609939120273,4
42F3,1995,12.844594294542063,2,12.062222860766989,4
42F4,1995,11.357510201822139,3,11.902352606603012,4
42F5,1995,11.624128961124606,4,11.255732523838622,4
42F6,1995,10.991030875250198,4,11.274951507669773,4
42F7,1995,10.88447588492516,2,11.142658560840827,4
43E8,1995,11.585185849519913,2,12.191237710034754,4
43E9,1995,11.79978669285202,2,11.955825630509644,4
43F0,1995,11.946949494864402,2,12.04788305204071,4
43F1,1995,12.768076088342116,2,12.259997848367899,4
43F2,1995,12.181582006818058,2,12.628353944743925,4
43F3,1995,12.25073749635461,2,12.189962161821956,4
43F4,1995,11.774951262364695,2,12.035723668823485,4
43F5,1995,11.604466303535919,2,11.97545029291521,4
43F6,1995,11.855877372094163,2,11.523951948096421,4
43F7,1995,10.853467037522186,2,11.150410772691572,4
44E6,1995,12.521601123815298,2,12.723338807562248,3
44E7,1995,11.981926354979858,2,12.944204396153037,4
44E8,1995,13.067126393089959,2,12.129338336469685,4
44E9,1995,12.497597325485174,2,12.203212445189816,4
44F0,1995,11.204592788702936,2,12.20914039864826,4
44F1,1995,12.352049185169804,2,12.255334307748523,4
44F2,1995,12.495979383563906,2,11.829144953972612,4
44F3,1995,11.95872108356301,2,12.627457180260356,4
44F4,1995,12.930180673581273,2,12.332432212488936,4
44F5,1995,12.64684357607738,2,12.314702791858135,4
45E6,1995,13.967371182110053,2,12.413706248854526,3
45E7,1995,12.220718885596835,1,12.725185022533788,4
45E8,1995,12.452643815893794,1,12.8084830929138,4
45E9,1995,12.741343906114354,1,12.614580126236941,4
45F0,1995,12.039965589073663,2,12.393443042928926,4
45F1,1995,12.55268897038513,2,11.865538480118117,4
45F2,1995,10.824227540339578,2,12.333893340619106,4
45F3,1995,12.832931167541634,3,12.070883135940438,4
45F4,1995,12.949212927950654,2,12.568300979148606,4
46E6,1995,NA,0,12.703629553803731,3
46E7,1995,12.498798737151445,1,12.356726938200195,3
46E8,1995,13.204743186854051,1,13.017666736824467,4
46E9,1995,13.468113774495137,2,13.14218202717299,4
46F0,1995,13.075146506513287,2,12.551541902264644,4
46F1,1995,12.245911605889422,2,12.15063198301709,4
46F2,1995,11.453973840985753,2,12.135914295076397,4
46F3,1995,12.551370991908506,2,12.442131066141181,4
47E6,1995,NA,0,12.071758739650571,2
47E7,1995,11.644718742149697,1,13.07495467845447,2
47E8,1995,13.651110619757494,1,12.798985479404672,3
47E9,1995,13.547494509210269,1,13.323050994820075,4
47F0,1995,12.452176639600353,2,12.804725998395277,4
47F1,1995,11.520718614184192,2,12.580878378583874,4
47F2,1995,12.922147042168078,2,12.259267146923266,4
47F3,1995,12.55947221386926,2,13.070674990956164,4
48E7,1995,NA,0,11.644718742149697,1
48E8,1995,NA,0,13.685956782592404,2
48E9,1995,13.720802945427314,1,13.311519436441817,2
48F0,1995,13.075544363673364,4,12.957759861221682,4
48F1,1995,12.703278226677643,2,12.508585750198964,4
48F2,1995,13.502903918653859,2,12.784700735176902,4
48F3,1995,13.306278011094214,1,12.646509950518832,4
49E8,1995,NA,0,12.986001133714577,1
49E9,1995,NA,0,13.220528570774437,3
49F0,1995,12.954781633181419,2,12.466394272330898,3
49F1,1995,11.935176104284444,2,12.907673955112665,4
49F2,1995,12.207099660767673,2,12.693181768581374,4
49F3,1995,12.316564008784535,2,12.960158454257709,4
50E8,1995,NA,0,12.566635866794076,3
50E9,1995,12.986001133714577,1,12.432338773038946,2
50F0,1995,12.388462349034889,2,13.124106480070829,4
50F1,1995,13.765536299823928,2,12.476570102814168,4
50F2,1995,13.018083042602655,2,12.907027415229749,4
50F3,1995,13.309173102566291,2,12.472011827478992,4
51E8,1995,12.237691269624648,1,12.750774394773657,3
51E9,1995,12.476215197043002,1,12.671266418967539,3
51F0,1995,12.790106853563394,2,12.603809398781788,4
51F1,1995,12.564558915334686,2,12.82260152504583,4
51F2,1995,12.346300597761104,2,13.16433784008189,4
31F1,1996,NA,0,11.82164416461138,4
31F2,1996,14.029803572898143,1,11.268615087886204,3
32F1,1996,10.725498215508704,2,11.086572717785588,3
32F2,1996,12.719600585159707,2,11.461122883678783,4
32F3,1996,10.3607464629902,1,10.492025267721363,4
33F1,1996,9.811674284878965,2,10.310391030017026,4
33F2,1996,10.72844328331809,2,10.605558543101978,4
33F3,1996,9.254633027545019,2,10.615027588616588,4
33F4,1996,9.265424174862641,2,10.29104265492163,4
34F1,1996,9.151296346417086,2,9.976335446810262,4
34F2,1996,10.636326274824224,2,10.53270556784293,4
34F3,1996,12.105496433295425,2,10.019864140086947,4
34F4,1996,9.44329469585588,2,10.944314834894438,4
35F0,1996,10.081094917559328,1,10.521027310506428,4
35F1,1996,9.376246309978532,1,10.251318647124071,4
35F2,1996,10.145586208341122,2,10.730575453117707,4
35F3,1996,10.745202562122662,2,11.451773642997459,4
35F4,1996,11.661136169297027,2,10.762578158662867,4
36F0,1996,11.929269469451345,2,11.344559995603799,4
36F1,1996,11.627297116178749,1,11.26143479215068,4
36F2,1996,12.164526665545411,2,11.165190379464663,4
36F3,1996,11.894875761056264,2,11.210049293973992,4
36F4,1996,10.966939615616662,3,10.931155342396051,4
36F5,1996,9.190799804106007,3,10.15147407816732,4
36F6,1996,7.797225854555213,2,9.766870642312771,4
36F7,1996,8.152898575740055,2,9.87707461535529,4
37E9,1996,11.440621555363954,1,12.625092813557583,4
37F0,1996,12.229226393313162,2,12.202808763973195,4
37F1,1996,11.575696723627438,2,11.421789019478501,4
37F2,1996,10.993002432282518,1,11.336599659540447,4
37F3,1996,10.963528332611231,2,11.324443829180352,4
37F4,1996,10.97780963512491,3,10.962257407145653,4
37F5,1996,10.863921207372496,3,10.709418887047498,4
37F6,1996,10.859862982032524,2,10.736484837685115,4
37F7,1996,12.128576980170324,2,9.588815520618395,4
37F8,1996,8.722632644663097,2,9.743189853894247,4
38E9,1996,12.47622808401578,2,12.673875756086092,4
38F0,1996,13.86564730745004,1,12.10723319713238,4
38F1,1996,10.837630136139577,2,11.84868478577014,4
38F2,1996,10.64264691637771,2,11.204727408834618,4
38F3,1996,11.432087488257716,2,11.227232629723662,4
38F4,1996,11.054640472982227,1,11.30762799248581,4
38F5,1996,11.809203126926555,1,11.124279359464028,4
38F6,1996,12.156215308642427,2,11.555623570065165,4
38F7,1996,10.619867880037905,2,10.947964222236127,4
38F8,1996,8.0714159796287,1,10.259383048401354,3
39E8,1996,12.21872996401863,1,12.634386882036518,4
39E9,1996,13.170504197511743,2,12.444413664613615,4
39F0,1996,12.885848175061003,2,12.689795456369906,4
39F1,1996,11.310748195625369,2,11.875016224824154,4
39F2,1996,11.556189578658657,2,11.691631165756053,4
39F3,1996,12.248114796923483,1,11.458178292714354,4
39F4,1996,11.011411719634053,1,11.00899651509939,4
39F5,1996,10.422340448858963,1,12.012026530244961,4
39F6,1996,12.933560291263678,2,11.238614129480169,4
39F7,1996,11.43564862050306,2,10.700028622401037,3
39F8,1996,NA,0,9.668397544017798,4
40E8,1996,12.6939668112595,2,12.530017262932176,4
40E9,1996,12.196848435359046,1,12.86022532216076,4
40F0,1996,12.412282124892473,3,12.64840659343621,4
40F1,1996,12.220397009437384,3,12.121286527545495,4
40F2,1996,12.565014754097653,2,11.853726053842298,4
40F3,1996,11.833024384306988,2,11.832916581221514,4
40F4,1996,10.310890341632888,2,11.683673380422888,4
40F5,1996,12.293930983155558,1,10.306640257443402,4
40F6,1996,10.940252139916227,2,11.096768104587493,4
40F7,1996,8.54665769590153,1,10.739302901974867,4
41E7,1996,12.369501906677971,2,12.228118106040199,4
41E8,1996,13.334988745673058,2,12.549670887574784,4
41E9,1996,13.164148154979323,2,12.919316141142655,4
41F0,1996,13.29053275388741,2,13.037918173660838,4
41F1,1996,12.197101035566483,2,12.571319364234375,4
41F2,1996,11.805293242966165,2,12.212276594603708,4
41F3,1996,12.207646432232035,2,11.882667188948046,4
41F4,1996,11.596326434594957,2,10.810119974415525,4
41F5,1996,9.553078099365528,1,11.49811837822379,4
41F6,1996,10.61292344802921,1,10.508266153772997,4
41F7,1996,9.968387399450972,1,10.212424985469806,4
42E7,1996,10.9124501898459,1,12.48866441984142,4
42E8,1996,11.971066677382339,2,12.345358478700593,4
42E9,1996,12.854894629651103,2,13.116847560099359,4
42F0,1996,14.378141379205072,2,12.798150754042734,4
42F1,1996,12.969054450646542,2,12.76000813702818,4
42F2,1996,11.879344156518659,2,12.268338072717981,4
42F3,1996,12.296024693924075,2,11.391071657044627,4
42F4,1996,11.168865024431643,2,11.45406289230062,4
42F5,1996,11.489292647115432,2,10.506421252464138,4
42F6,1996,11.571346976359262,2,10.98554041442042,4
42F7,1996,10.11877182158922,2,11.165902302885197,4
43E8,1996,12.279100349632309,2,12.363876847613556,4
43E9,1996,12.954034028830701,2,12.593240069783159,4
43F0,1996,12.078121181985882,2,13.237978336123781,4
43F1,1996,12.585445976822509,2,12.149546940171863,4
43F2,1996,12.002979903335138,2,11.88845699486732,4
43F3,1996,10.308431014996167,2,11.480342811029189,4
43F4,1996,10.434607793568018,2,10.576674421315278,4
43F5,1996,9.73239490970012,2,11.557333500305523,4
43F6,1996,11.721173740947815,2,11.322675700108238,4
43F7,1996,11.402701094782739,2,10.844919984586816,4
44E6,1996,12.149376894023987,2,12.210848921894389,3
44E7,1996,10.896210585170795,2,12.879977293401687,4
44E8,1996,13.634196099070389,2,12.197731853802855,4
44E9,1996,13.160844117863343,2,12.935923424020999,4
44F0,1996,13.034291959636846,1,12.098887045924808,4
44F1,1996,11.548032224719888,1,12.699545979125741,4
44F2,1996,12.78060683113195,1,11.593209923728663,4
44F3,1996,11.187758853289521,1,11.696702571447059,4
44F4,1996,11.097006736133183,1,11.845435632030846,4
44F5,1996,12.584259819590828,1,11.109781375269083,4
45E6,1996,12.50546971325873,2,13.347551243594886,3
45E7,1996,13.230866467253641,2,12.629715757620382,4
45E8,1996,12.454772362544976,2,13.008998890175455,4
45E9,1996,12.12117160854606,2,12.537162922573962,4
45F0,1996,11.608550659130119,2,12.60204235031329,4
45F1,1996,12.397839148911656,2,11.806442455560255,4
45F2,1996,11.634068713570107,2,12.59877000255864,4
45F3,1996,12.600765703526934,2,12.130590730050931,4
45F4,1996,13.175116061675014,1,11.852737646154681,4
46E6,1996,NA,0,13.49986157621427,3
46E7,1996,14.662410369507029,2,13.204110832987473,3
46E8,1996,13.04976138583173,2,13.596459188178992,4
46E9,1996,12.924484550757416,2,12.901860567688786,4
46F0,1996,12.854866684158601,2,12.417974821669823,4
46F1,1996,12.43511822482091,2,12.667796993032834,4
46F2,1996,12.615868326664017,2,12.299853776776326,4
46F3,1996,12.525419291669085,2,12.588408082048849,4
47E6,1996,NA,0,13.106140789267807,3
47E7,1996,13.33170464587705,2,13.443629063944305,3
47E8,1996,14.344169469906547,1,13.321036207975844,3
47E9,1996,13.581642592218751,3,13.399713911634398,4
47F0,1996,12.703745851970847,2,13.141329526672902,4
47F1,1996,12.80261381239706,3,12.49518154172971,4
47F2,1996,12.604808877045201,2,12.42140088969445,4
47F3,1996,12.532189420959241,2,12.491697687327513,4
48E7,1996,11.324307352419343,1,13.33170464587705,1
48E8,1996,NA,0,13.098310865409557,3
48E9,1996,13.626455773902784,3,13.490386414351924,3
48F0,1996,13.32619501791719,2,13.014787583987616,4
48F1,1996,12.237053213081882,2,12.828295917314989,4
48F2,1996,11.734931998757482,2,12.462881651909546,4
48F3,1996,13.101630581838279,1,12.30184738292215,4
49E8,1996,NA,0,12.847498920877557,3
49E9,1996,13.56332163291983,2,13.476127124863538,3
49F0,1996,13.491895496994946,1,13.247992462855288,4
49F1,1996,13.449442840188224,2,12.672908691370202,4
49F2,1996,11.908033935672822,2,12.669188684919625,4
49F3,1996,13.032234176299054,3,12.158531557136284,4
50E8,1996,11.669145026019956,1,12.703948903344966,3
50E9,1996,13.310030103692885,2,12.661801062425111,4
50F0,1996,12.653010360395907,2,13.072392775796388,4
50F1,1996,13.054652119731157,2,12.808052302974204,4
50F2,1996,12.460145724433742,2,12.066374235971898,4
50F3,1996,11.16431598660029,2,12.384727184572235,4
51E8,1996,12.04008937597726,1,12.543473935711038,4
51E9,1996,12.76172723036475,2,12.363064472114166,4
51F0,1996,12.432993382766561,2,12.84859449533312,4
51F1,1996,12.66961028687894,3,12.569787691194238,4
51F2,1996,12.138494901883323,2,12.337181029411033,4
31F1,1997,11.694505252593673,4,10.545475022307649,4
31F2,1997,10.997764635594349,5,10.797866602025355,4
32F1,1997,10.374291802398645,6,10.646876978923272,4
32F2,1997,11.621800992458116,3,10.239020952626449,4
32F3,1997,9.500868360650989,1,10.995583014826734,4
33F1,1997,9.188042658779487,2,9.732614462702697,4
33F2,1997,10.083159011861813,3,10.238832593825006,4
33F3,1997,10.701987216610204,4,10.743672961181764,4
33F4,1997,11.575384838376802,3,11.264450778596501,4
34F1,1997,9.029507529098119,2,9.439599470183074,4
34F2,1997,9.443499507452211,2,10.106295372497668,4
34F3,1997,11.815279633837452,2,10.853528777664891,4
34F4,1997,13.039667903287356,2,11.123186951220411,4
35F0,1997,9.681908296383735,2,10.633352709776938,4
35F1,1997,9.444947418116863,2,10.27335256422965,4
35F2,1997,9.497235315193286,2,9.932440661320243,4
35F3,1997,10.228960483309795,2,10.829373668243568,4
35F4,1997,10.873122849357593,2,11.432484323784166,4
36F0,1997,11.17419677564931,1,11.415655238283582,4
36F1,1997,12.884759116243458,2,11.218941587399769,4
36F2,1997,10.612355236402104,2,11.384258087107677,4
36F3,1997,11.131856874585937,3,10.902360609558562,4
36F4,1997,11.329452033953576,2,11.161537186801642,4
36F5,1997,11.006321252356301,3,10.037363638663436,4
36F6,1997,6.28942583205203,2,10.531528544714996,4
36F7,1997,9.229708573125496,2,9.419572798138192,4
37E9,1997,11.359497079716764,1,12.405384275005286,4
37F0,1997,11.736456460790372,1,12.394180396696884,4
37F1,1997,13.644266919430802,2,12.265538391592095,4
37F2,1997,12.023181042408027,2,11.362675189286234,4
37F3,1997,11.43867468456877,2,11.511793419040481,4
37F4,1997,11.634847770906735,3,11.33307103238488,4
37F5,1997,10.895728917741407,3,11.297696914157552,4
37F6,1997,10.99435543563678,2,9.795758873843427,4
37F7,1997,10.179199847258802,2,9.994589803415808,4
37F8,1997,10.215310077605155,2,9.6492978492267,3
38E9,1997,13.312123051590804,1,12.2982156314442,4
38F0,1997,13.398760811990657,3,12.629163325807442,4
38F1,1997,12.417756946926527,2,11.95314359975088,4
38F2,1997,9.755403916743258,2,11.464015129987462,4
38F3,1997,11.25728798826123,2,10.807576002138052,4
38F4,1997,11.668428493275762,2,11.098090517029528,4
38F5,1997,11.555263197730387,2,11.179923320954568,4
38F6,1997,11.818680898321468,2,11.214943362156399,4
38F7,1997,9.538985127295803,2,10.085867207397607,3
38F8,1997,NA,0,9.76487625414504,4
39E8,1997,12.238739023280068,2,12.719696002065655,4
39E9,1997,12.195865610789317,2,12.955798575043225,4
39F0,1997,13.050316843922062,2,12.393278862468282,4
39F1,1997,11.014142750838808,1,11.756750639072225,4
39F2,1997,10.157834542354063,2,10.638844177242703,4
39F3,1997,10.367796913964419,2,10.426098484488113,4
39F4,1997,9.944963111219762,2,10.932889057957999,4
39F5,1997,10.336854974479634,2,11.295149267877186,4
39F6,1997,12.771169687962628,2,10.366316487876126,4
39F7,1997,8.259720876612551,2,10.844837464335923,4
39F8,1997,11.045488935066652,1,9.274137370308988,3
40E8,1997,12.14877996450253,2,12.489900920567898,4
40E9,1997,13.222015381379968,2,12.530383307893281,4
40F0,1997,12.96434627625435,2,13.086605761484776,4
40F1,1997,11.401094223086247,2,11.981935033337955,4
40F2,1997,11.418033127424327,2,10.882977420322115,4
40F3,1997,10.344308296117397,2,10.995294663147588,4
40F4,1997,11.358475850112182,2,10.41800192548547,4
40F5,1997,10.909201074595963,2,11.033953572955124,4
40F6,1997,11.050009202090852,2,11.167901976698756,4
40F7,1997,10.02370610701861,3,10.07991118991376,4
41E7,1997,11.41254362781543,2,12.688286422354029,4
41E8,1997,13.086305649796124,2,12.270488575831328,4
41E9,1997,12.812541380026927,2,13.505564625137865,4
41F0,1997,14.672996597550824,2,12.768840102959413,4
41F1,1997,12.531217978834333,2,12.630595286807191,4
41F2,1997,11.628672619730755,2,11.432633649933951,4
41F3,1997,10.836872761089424,2,10.971189131995878,4
41F4,1997,10.473535220008761,2,11.161581112658189,4
41F5,1997,11.390474265137826,2,10.806554937902394,4
41F6,1997,10.967531037217826,2,10.932170893446353,4
41F7,1997,10.042383643733814,2,10.712129325972366,4
42E7,1997,12.809970744137033,1,12.329116617335446,4
42E8,1997,12.708089330980425,1,12.761686281626876,4
42E9,1997,13.040940871824542,2,12.993052526238541,4
42F0,1997,12.767254776722037,2,13.372206661319654,4
42F1,1997,12.819617706860937,2,12.443990126013476,4
42F2,1997,10.94441073238772,3,11.849084862809349,4
42F3,1997,11.438240392126596,2,10.952249089360741,4
42F4,1997,11.060501574293323,2,11.04410440773742,4
42F5,1997,10.875952419787023,2,11.20045182264382,4
42F6,1997,11.24581646282292,2,11.087816432004725,4
42F7,1997,10.61146369683011,2,10.937039955932837,4
43E8,1997,12.109527860749806,3,12.723029606546564,4
43E9,1997,13.684324617224775,2,12.79789693810336,4
43F0,1997,12.955271469042309,1,13.189244246326698,4
43F1,1997,13.533077016109818,2,13.040403417427612,4
43F2,1997,11.509808732519108,3,11.85822825083917,4
43F3,1997,10.967211289672502,2,11.36391151067756,4
43F4,1997,11.388689599027296,3,11.306739902009852,4
43F5,1997,11.105014988321216,2,11.777507408029008,4
43F6,1997,11.896318574183939,2,11.465885408313145,4
43F7,1997,10.563641142990676,2,10.948995594392695,4
44E6,1997,13.197642669006058,2,12.243471165975263,3
44E7,1997,12.385520794723675,2,12.41417976386639,4
44E8,1997,12.114183683257382,1,12.689703526923925,4
44E9,1997,13.08584755079678,2,12.88403475184028,4
44F0,1997,12.772320575250161,1,13.118063594487573,4
44F1,1997,14.876915761288092,2,12.591256181754705,4
44F2,1997,11.988213965186642,3,12.065108082914183,4
44F3,1997,11.11890731903724,3,12.03109257740672,4
44F4,1997,12.09423175575237,3,12.05322843044327,4
44F5,1997,12.949069039117774,2,11.836046026922912,4
45E6,1997,12.198750720974811,2,12.834234978417303,3
45E7,1997,12.146141982227306,2,12.730277425285617,4
45E8,1997,13.17791790142544,2,12.71633802830561,4
45E9,1997,12.965310131628804,2,12.555089557231707,4
45F0,1997,11.55421959682311,2,12.475415424140804,4
45F1,1997,12.071413170472203,2,12.565672882024282,4
45F2,1997,10.754800518812294,2,12.571630836703992,4
45F3,1997,13.074713299015373,3,11.846381544985285,4
45F4,1997,12.756247764590768,2,12.260855737826454,4
46E6,1997,NA,0,12.73083421348242,3
46E7,1997,13.158920284018546,2,12.873563311263387,3
46E8,1997,13.639716316108952,2,13.413443614857588,4
46E9,1997,12.402373179881499,2,12.715491244614089,4
46F0,1997,12.092617819212048,2,12.416069400680833,4
46F1,1997,13.076755651173634,2,12.481044892700378,4
46F2,1997,13.15218291214175,2,12.36717582203158,4
46F3,1997,12.755570577500833,2,12.991212341920509,4
47E6,1997,NA,0,12.736911344562337,3
47E7,1997,12.834831635453906,2,13.430155164112659,3
47E8,1997,14.91456309410487,2,13.088268449072746,4
47E9,1997,12.164320711506553,2,13.294613966571085,4
47F0,1997,12.630929174845086,2,12.392911759643216,4
47F1,1997,12.607965668975513,2,12.778975593509394,4
47F2,1997,12.881576540639562,2,12.859605908901916,4
47F3,1997,12.856376615885349,2,13.060634829543297,4
48E7,1997,12.21698211421456,1,13.16936654249295,3
48E8,1997,13.71420513322157,1,13.330299621143922,4
48E9,1997,13.230590417452882,2,12.875851278191961,4
48F0,1997,12.706742838878746,2,12.826639741866456,4
48F1,1997,12.526641007379293,2,12.845794943108093,4
48F2,1997,12.82189843860505,2,12.713764955351815,4
48F3,1997,13.783493761427737,2,12.591921339411714,4
49E8,1997,12.959062858803374,1,12.907217002079516,3
49E9,1997,12.918136429160976,1,12.799340271975206,4
49F0,1997,12.918398367788566,2,12.897676422596184,4
49F1,1997,13.246572825973061,2,12.545126107821845,4
49F2,1997,11.663348511960665,2,12.949430847316428,4
49F3,1997,13.026061791195792,2,12.64977004384425,4
50E8,1997,NA,0,12.760509578857029,4
50E9,1997,12.089309443856001,1,12.4617835246338,3
50F0,1997,12.719253596371956,2,12.590418753800664,4
50F1,1997,13.07211654415886,2,12.82948526852241,4
50F2,1997,12.703190333491806,2,12.732251502343024,4
50F3,1997,12.449047568496788,2,12.784273505351011,4
51E8,1997,14.245705464400276,1,12.039706883874565,3
51E9,1997,11.747960548368466,1,12.872288522551836,3
51F0,1997,12.281850659399229,2,12.30136197671231,4
51F1,1997,12.648924318252813,2,12.954428546171457,4
51F2,1997,13.744493384755785,2,12.718319691100067,4
31F1,1998,11.04000290876224,2,11.390171001433457,4
31F2,1998,12.649812538874707,4,11.41092639726227,4
32F1,1998,10.686998764546257,4,11.053363600817777,4
32F2,1998,12.445245765367625,4,11.43946206149748,4
32F3,1998,11.471458150372953,2,11.542918131275263,4
33F1,1998,9.778626936945239,2,10.098922402597733,4
33F2,1998,10.949578792196005,4,10.816741571173818,4
33F3,1998,11.701337468129037,6,11.393219188208011,4
33F4,1998,11.075510499408383,3,11.700409228128125,4
34F1,1998,9.417355939395296,1,9.556180964581662,4
34F2,1998,9.34175611425337,1,10.72428034484383,4
34F3,1998,12.076329310854705,3,10.726693330148104,4
34F4,1998,11.552511983155807,2,11.376664109597233,4
35F0,1998,9.325686211419885,2,10.505041185353848,4
35F1,1998,9.778654595708153,1,10.030590007719955,4
35F2,1998,10.453857336929318,2,10.25243358191765,4
35F3,1998,10.311167755054203,2,11.761241762580891,4
35F4,1998,12.04364887307164,2,11.361522955550663,4
36F0,1998,11.898693663176623,2,10.841230689507121,4
36F1,1998,10.92546054313532,2,11.176938045095035,4
36F2,1998,11.578155862654878,2,11.277008176239809,4
36F3,1998,12.471131529467899,3,11.189973466458738,4
36F4,1998,11.111280554524745,3,12.104886371116034,4
36F5,1998,11.515814602123651,3,11.741648896955438,4
36F6,1998,11.64457976308122,4,11.631580471410489,4
36F7,1998,11.337539225100949,3,11.857290239139141,4
37E9,1998,12.07969589674188,1,12.143210461800836,4
37F0,1998,11.0340801067314,2,12.0871531225272,4
37F1,1998,11.45224805884049,2,11.1680355926383,4
37F2,1998,11.257583295426699,3,11.38555781982512,4
37F3,1998,11.75928969360113,3,12.006614891817957,4
37F4,1998,12.388950479800945,3,11.542340240094319,4
37F5,1998,11.821784790414839,3,11.501710543295562,4
37F6,1998,11.851183268002517,4,11.465996781552784,4
37F7,1998,11.399479117432195,5,12.017387732634013,4
37F8,1998,12.533918808040635,4,11.134467076681897,4
38E9,1998,12.722093205945516,2,12.267887085923505,4
38F0,1998,12.917974871349806,2,12.148407993963529,4
38F1,1998,11.455018425259789,3,11.621532190506537,4
38F2,1998,10.75253766420398,3,11.285081108006011,4
38F3,1998,11.908794262576283,3,11.138241817459225,4
38F4,1998,11.477005921836565,2,11.335993209523014,4
38F5,1998,10.250893823255137,2,11.473308332211655,4
38F6,1998,10.998143455282884,3,11.274720385743674,4
38F7,1998,12.346909629391954,3,10.773124219447096,4
38F8,1998,9.453940334802493,1,11.483825890149394,4
39E8,1998,11.591609324281366,2,12.21587563893486,4
39E9,1998,12.48226825132097,2,12.602704144414036,4
39F0,1998,13.382440237917411,2,12.48086013254502,4
39F1,1998,11.36336816763187,3,11.881892066270316,4
39F2,1998,10.518928448761276,3,11.363401836754186,4
39F3,1998,10.564133990195224,3,11.10728393245262,4
39F4,1998,10.795334272459696,2,11.198257745570828,4
39F5,1998,11.59629916131233,2,10.992202619778206,4
39F6,1998,10.649894822325091,2,11.029932899952518,4
39F7,1998,11.240933970270813,3,10.819039895125869,4
39F8,1998,9.813541152894171,1,10.87689947758938,4
40E8,1998,10.944467288961103,2,12.397152295011328,4
40E9,1998,12.714673809511847,3,12.42105241053132,4
40F0,1998,13.159829239877435,2,13.120973542784512,4
40F1,1998,12.17118115314279,3,12.60690897536739,4
40F2,1998,12.77356752498567,3,11.603694359196432,4
40F3,1998,11.206078746013228,3,11.880928936801434,4
40F4,1998,11.155591908939197,3,11.6155243330018,4
40F5,1998,12.272687561072903,2,11.131960994404064,4
40F6,1998,10.284355012944044,3,10.984738307041683,4
40F7,1998,10.465813975892258,3,10.608357342305895,4
41E7,1998,12.53122762982326,3,11.832100014943265,4
41E8,1998,12.75109841642884,2,12.053828466446411,4
41E9,1998,13.097644861965772,2,13.070705713487854,4
41F0,1998,14.215598970566003,2,13.104551278919345,4
41F1,1998,13.13087096897458,2,12.9207782733842,4
41F2,1998,12.518589088868437,2,12.56806333529937,4
41F3,1998,13.030422323085642,2,11.998605243118853,4
41F4,1998,12.187996752461371,3,11.726468067498402,4
41F5,1998,11.49159789442069,2,11.660894744293804,4
41F6,1998,10.550556868876477,3,10.63827876210903,4
41F7,1998,10.357583517132246,4,10.438033513927547,4
42E7,1998,11.990860269347602,1,12.320437672013327,4
42E8,1998,11.641974085035514,2,12.425215224996716,4
42E9,1998,12.601451657444729,2,12.554795180657813,4
42F0,1998,13.029860044859593,2,13.007865806580714,4
42F1,1998,12.777743880959566,2,12.46548933714276,4
42F2,1998,11.337392524151586,2,12.179536588935711,4
42F3,1998,12.081756385132373,2,11.732848274447797,4
42F4,1998,11.228260143548077,2,11.99528964864225,4
42F5,1998,11.632337794764464,2,11.094855447493922,4
42F6,1998,10.41957862393914,2,11.04494832771021,4
42F7,1998,10.316184587002315,2,10.946565635407378,4
43E8,1998,12.357450556765693,3,12.35903287801213,4
43E9,1998,12.449701730770368,2,12.546247381760178,4
43F0,1998,12.436668717352557,2,12.349501413787149,4
43F1,1998,12.363833810585277,3,12.582527085846731,4
43F2,1998,11.340057000782473,2,11.430158012441932,4
43F3,1998,11.335318107005886,2,11.649328190788477,4
43F4,1998,12.079067662210797,2,11.580917453593964,4
43F5,1998,11.239985128067783,2,11.935300160265953,4
43F6,1998,11.680714060197587,2,11.334257804064606,4
43F7,1998,11.328386340360542,2,10.693515197067821,4
44E6,1998,12.290385743981085,3,12.63016407767103,3
44E7,1998,11.750952865049234,3,13.005856985784586,4
44E8,1998,13.593502831193405,1,12.521993929416698,4
44E9,1998,12.789418595477738,1,12.548696106873738,4
44F0,1998,11.554610068933354,2,12.798726889189387,4
44F1,1998,13.775638744292326,1,11.905374827148448,4
44F2,1998,10.684087608024985,2,11.997399836324087,4
44F3,1998,11.096431715028263,2,11.83657482818722,4
44F4,1998,12.520106435754109,2,12.230372404036196,4
44F5,1998,12.349081123890961,2,12.309017085261862,4
45E6,1998,13.395136096404126,3,12.90641282237972,3
45E7,1998,12.74440327155973,2,13.005173028356458,4
45E8,1998,13.190153700374129,2,13.039900097050442,4
45E9,1998,12.596969796597822,2,12.69847407394691,4
45F0,1998,12.19318149963493,2,12.37331078618763,4
45F1,1998,13.018967821050175,2,12.736425819504852,4
45F2,1998,11.777471885193286,2,12.422551240180198,4
45F3,1998,12.806787161963904,3,12.326508035148143,4
45F4,1998,13.396909115014761,2,12.364636184525633,4
46E6,1998,NA,0,13.28439648837808,3
46E7,1998,13.684449451598343,2,12.914243892514104,3
46E8,1998,13.22472448885081,2,13.545405874483109,4
46E9,1998,12.621142500300842,2,12.973458186662363,4
46F0,1998,12.322695458169171,2,12.643808830787425,4
46F1,1998,13.199411148898864,2,12.99386601431016,4
46F2,1998,13.180362369681724,2,12.675540879973605,4
46F3,1998,13.035219425356258,2,12.78274931084023,4
47E6,1998,NA,0,12.949820248445493,3
47E7,1998,12.773603917131771,2,13.587244891287941,3
47E8,1998,14.685877845659117,2,13.476302429787893,4
47E9,1998,13.749443003031647,1,13.217024108465171,4
47F0,1998,12.561500174315066,2,13.086374849496995,4
47F1,1998,13.453438408339572,2,12.86051485849318,4
47F2,1998,12.69006106044601,2,12.854529793891977,4
47F3,1998,12.45378665126929,2,12.76348810319005,4
48E7,1998,12.391407376606365,1,13.548857378823612,3
48E8,1998,14.157438310137339,2,13.448097761263218,4
48E9,1998,12.999575913585662,2,13.41856018005173,4
48F0,1998,12.819922528447592,2,12.853115396515495,4
48F1,1998,12.991087050312784,2,13.091443108927024,4
48F2,1998,12.330531746277323,2,12.593454369578783,4
48F3,1998,12.998140180680608,2,12.028199297583297,4
49E8,1998,13.715529909201727,2,12.682350484435593,4
49E9,1998,12.947436878590342,1,12.967858168752318,4
49F0,1998,12.860298447848471,2,13.306923385097042,4
49F1,1998,13.761879752643605,2,12.349606002258083,4
49F2,1998,11.694529186875732,3,12.46096403639374,4
49F3,1998,11.633949605910844,2,12.410189017451287,4
50E8,1998,11.328498344641286,2,12.72221385591097,4
50E9,1998,12.29602840437341,3,12.553252390794043,4
50F0,1998,13.69845438070663,2,12.50125629208474,4
50F1,1998,11.852509323995347,2,13.016984577601846,4
50F2,1998,12.11749504074319,2,12.131539851129233,4
50F3,1998,12.830591661505618,2,11.8986257664175,4
51E8,1998,12.638677150830832,2,12.214833925093584,4
51E9,1998,12.238619959237912,2,12.314848222991815,4
51F0,1998,12.99618899212173,2,12.680802970157979,4
51F1,1998,12.490109136313963,2,12.673920482240984,4
51F2,1998,12.14852923214023,2,12.32267629063953,4
31F1,1999,12.555733843692959,2,12.196105336881082,4
31F2,1999,14.134952943313554,2,11.606196539318834,4
32F1,1999,10.801074647166848,3,11.482043528541865,4
32F2,1999,13.970077663493486,1,10.889493526708254,4
32F3,1999,9.09790000292204,1,11.187387048960058,4
33F1,1999,9.878316093550442,1,9.864187713080579,4
33F2,1999,9.524046513430577,3,11.214664752136267,4
33F3,1999,10.855608053426728,1,10.063496134285714,4
33F4,1999,10.399815965489447,2,10.780995950870857,4
34F1,1999,8.976972493650479,2,10.259267650062927,4
34F2,1999,10.154657198074412,1,10.166514893898889,4
34F3,1999,11.232222055300788,1,11.010312644078434,4
34F4,1999,11.93825369183387,2,10.775080995062114,4
35F0,1999,10.271085876269487,1,10.915420199828697,4
35F1,1999,10.733011432357367,2,10.576236010977361,4
35F2,1999,10.932818513213714,2,11.250239801481753,4
35F3,1999,11.092731632978726,2,11.207701557411031,4
35F4,1999,10.375554326479492,2,11.469654977725634,4
36F0,1999,11.827629712531177,2,11.40820098646854,3
36F1,1999,12.124067160775766,2,11.958448095495658,4
36F2,1999,13.020558942516507,2,11.6886644680959,4
36F3,1999,12.290211334650127,3,11.488016207195399,4
36F4,1999,10.557423251439811,2,11.301297213489955,4
36F5,1999,10.642718557773868,2,11.140086999079323,4
36F6,1999,10.981112258113097,2,10.982193157389279,4
36F7,1999,11.088113509540495,2,10.789015302403053,4
37E9,1999,NA,0,12.483481684206078,4
37F0,1999,11.829449922360364,2,12.49873853182044,3
37F1,1999,12.252592294577578,2,11.681232240259442,4
37F2,1999,11.407560863744,3,11.449973931961418,4
37F3,1999,11.28135100184655,3,11.839511409906088,4
37F4,1999,11.89670463505633,2,11.08670893269824,4
37F5,1999,11.125107851708048,2,11.11133256834516,4
37F6,1999,11.072832710534708,2,11.126423938780832,4
37F7,1999,10.985478450335094,2,10.970694245429389,4
37F8,1999,10.116637790629312,2,10.982797354391314,4
38E9,1999,12.860853513580206,2,12.509430325810614,3
38F0,1999,13.415993588352563,2,12.331453133284151,4
38F1,1999,11.363851014157639,2,11.5441545487314,4
38F2,1999,9.245393488905036,3,11.280508027113918,4
38F3,1999,11.763568806173895,3,10.55056561409336,4
38F4,1999,11.382953625798551,2,11.35189180972922,4
38F5,1999,10.833074370015733,2,11.111882226827671,4
38F6,1999,11.413997194967088,3,11.241995935919068,4
38F7,1999,11.605192971013036,3,10.965993523148056,4
38F8,1999,10.25240448667663,1,10.808588651423696,4
39E8,1999,10.622067100141422,2,12.623144455794936,4
39E9,1999,13.490230288937857,2,12.20289891897396,4
39F0,1999,13.271658083038396,2,12.618934650230221,4
39F1,1999,11.262638823090423,2,11.88549793929035,4
39F2,1999,10.587051424380137,3,10.920306546361072,4
39F3,1999,10.292564339823302,3,11.08765724236596,4
39F4,1999,10.914219427670922,2,10.716433261255567,4
39F5,1999,10.525470234837,2,11.283120392676327,4
39F6,1999,11.456883692112793,3,10.954338897193445,4
39F7,1999,11.212093960613412,3,11.1412005642653,4
39F8,1999,10.30042988343902,1,11.067996782199858,4
40E8,1999,12.084477041525869,2,11.514599885093423,4
40E9,1999,12.057016979135811,2,12.294606557699785,4
40F0,1999,12.306875900540042,3,12.334516259203687,4
40F1,1999,12.319431235585226,3,12.498013933520383,4
40F2,1999,12.880629533625525,3,11.33532674861207,4
40F3,1999,11.08578931123889,3,11.455905728204044,4
40F4,1999,10.66474484456341,3,11.341770354804293,4
40F5,1999,11.928304080905864,2,10.751355569849322,4
40F6,1999,10.665794198356279,3,11.36180765618905,4
40F7,1999,11.202295710496355,3,10.908525471411357,4
41E7,1999,12.144161984695536,2,11.605185615107823,4
41E8,1999,11.235153476400923,3,11.618220789411854,4
41E9,1999,11.296842999795372,2,11.61647119877713,4
41F0,1999,11.689958739055315,2,12.858940899860706,4
41F1,1999,13.541911476825543,2,11.777632611947503,4
41F2,1999,11.34903502324403,2,12.415104612192152,4
41F3,1999,11.98568419480394,2,11.247713123160668,4
41F4,1999,11.438768599401493,3,11.352894741382592,4
41F5,1999,11.149413001640596,2,11.399857102887381,4
41F6,1999,10.859747141241186,2,10.858329341512931,4
41F7,1999,10.896466585434549,2,10.799552517803903,4
42E7,1999,12.153710810873863,1,11.434168738419663,4
42E8,1999,10.947401131630638,3,11.570644562185702,4
42E9,1999,11.48375560051647,2,12.176627028863159,4
42F0,1999,14.290133222281863,2,11.873804716409644,4
42F1,1999,11.752105449905443,2,12.957012269004904,4
42F2,1999,11.252193243513606,2,11.44920760826901,4
42F3,1999,11.117259558758263,2,11.491175592561687,4
42F4,1999,11.61173692452242,2,11.071195510140486,4
42F5,1999,11.372608590000983,2,11.049020710655956,4
42F6,1999,10.721643580620302,2,11.137878766050404,4
42F7,1999,10.414523638857771,2,11.204241317855297,4
43E8,1999,11.409958360951554,3,11.639855136724634,4
43E9,1999,12.172130761744764,2,12.259877783032515,4
43F0,1999,12.569399076161345,2,12.859469476634581,4
43F1,1999,12.743811133398603,2,12.131371029684637,4
43F2,1999,11.578430401168301,2,11.741382795999492,4
43F3,1999,11.115088007406783,2,11.093830720927583,4
43F4,1999,10.356145292401205,2,11.112595878569355,4
43F5,1999,10.713289335840502,2,11.593175926277988,4
43F6,1999,11.904635694101678,2,11.367116614083388,4
43F7,1999,11.294219411264661,2,10.984317374753575,4
44E6,1999,12.771080043745245,2,11.347007301248421,3
44E7,1999,11.292934134631311,2,11.916530582937757,4
44E8,1999,12.146954518891825,2,12.16218116091642,4
44E9,1999,13.57639809450069,2,12.230657221976296,4
44F0,1999,12.231802789113093,2,12.589320571374717,4
44F1,1999,12.625549191503458,2,12.174599127942582,4
44F2,1999,11.854438799678977,2,11.741054868971434,4
44F3,1999,11.323487631382562,2,11.639368442165374,4
44F4,1999,11.010269246507711,2,11.708327707599292,4
44F5,1999,12.739314128608088,2,11.123516913188682,4
45E6,1999,11.556402776910332,2,12.190689136483401,3
45E7,1999,11.191684992203623,2,11.957018334656276,4
45E8,1999,12.369434053582125,2,12.314967675537497,4
45E9,1999,12.371740818155503,2,12.557816517022726,4
45F0,1999,11.58593592333338,2,12.120528490829958,4
45F1,1999,11.868343789579649,2,11.859174952410847,4
45F2,1999,11.436752251831415,2,12.190263112423223,4
45F3,1999,12.577677715068027,2,11.760292202595151,4
45F4,1999,12.41436377800531,2,11.694499935529905,4
46E6,1999,NA,0,12.107179854871225,3
46E7,1999,12.609302373501334,2,12.299003259768224,3
46E8,1999,13.549490372899037,2,12.873700556384511,4
46E9,1999,12.699497996674712,2,12.586380587536803,4
46F0,1999,12.010226566471584,2,12.062936793947067,4
46F1,1999,11.788462442975135,2,12.278631123732579,4
46F2,1999,12.460592145366235,2,11.845366712144733,4
46F3,1999,11.866565149161318,2,12.288647941467705,4
47E6,1999,NA,0,12.123677750709287,3
47E7,1999,12.15583441420201,1,12.677255546568576,3
47E8,1999,13.816567801779874,2,13.101553685351755,4
47E9,1999,12.41406459262109,2,12.73737988394927,4
47F0,1999,12.177850812805037,2,12.536379912950391,4
47F1,1999,12.775361993512847,2,12.273273837220664,4
47F2,1999,12.289687004611064,2,12.35338339384767,4
47F3,1999,11.826634900825493,2,12.130192239872509,4
48E7,1999,11.60589646442452,1,13.641384852422531,3
48E8,1999,14.286825361684881,1,13.039890493030638,4
48E9,1999,12.255602924537456,1,12.946556931911392,4
48F0,1999,12.945866499196047,2,12.248237556934171,4
48F1,1999,12.83709508849142,2,12.636536706228885,4
48F2,1999,12.350944535686104,2,12.272387243798589,4
48F3,1999,12.013572270031549,2,12.359986999982265,4
49E8,1999,14.481494781380704,1,12.571916444474013,4
49E9,1999,12.139471274143547,1,12.49750733030392,4
49F0,1999,11.722401401902768,2,12.497448443380021,4
49F1,1999,12.47397379652054,2,12.390189782121357,4
49F2,1999,11.949194612060321,2,12.527812762484434,4
49F3,1999,13.313173951357141,3,12.30535289561538,4
50E8,1999,12.330838928672872,1,12.534759181681263,4
50E9,1999,11.53053021339475,1,12.181743611068036,4
50F0,1999,12.43048220365995,2,12.338096605075481,4
50F1,1999,13.052068026030923,2,12.477778849169653,4
50F2,1999,11.973158766373949,2,12.669606266543456,4
50F3,1999,13.285485933995702,2,12.406800955969572,4
51E8,1999,12.300829694153824,1,12.18373448970922,4
51E9,1999,11.826182037795773,1,12.302396403798733,4
51F0,1999,13.047386778973488,1,12.205173771243661,4
51F1,1999,13.033500630124173,1,12.730403375687809,4
51F2,1999,12.391676494086875,1,12.836053339131187,4
31F1,2000,11.948683776968505,3,11.661422693600754,4
31F2,2000,12.980968145257911,4,11.532898062853615,4
32F1,2000,11.485292248702475,4,10.95265415073833,4
32F2,2000,12.110518183719716,2,11.183965220381584,4
32F3,2000,10.587098042023765,2,10.55285564569181,4
33F1,2000,10.068912196722911,1,9.808318195726443,4
33F2,2000,9.682502445542184,2,10.356012445612919,4
33F3,2000,10.004667120016691,2,10.61241535462494,4
33F4,2000,10.413734833488652,1,10.935667426593422,4
34F1,2000,8.825525806668756,2,10.03771147816627,4
34F2,2000,9.23995228199236,2,10.192099886323888,4
34F3,2000,11.76632609744516,6,10.171322367919528,4
34F4,2000,11.38457844688807,2,11.187389393688914,4
35F0,2000,10.053884546682623,2,10.511512165187245,4
35F1,2000,10.788096887267187,1,10.088515213788398,4
35F2,2000,10.494045195639451,2,10.656683514130632,4
35F3,2000,10.056091622780986,2,11.6911147167803,4
35F4,2000,12.513405021040857,2,11.190296956712135,4
36F0,2000,11.451820660650268,2,11.282308580439802,4
36F1,2000,10.980605306162765,2,11.763084786323263,4
36F2,2000,12.542593264481997,2,11.034850497758221,4
36F3,2000,11.99068255299573,3,11.272715262314605,4
36F4,2000,11.329835204183754,3,11.828087533561375,4
36F5,2000,11.15647590559073,3,11.1625498145549,4
36F6,2000,11.567616055191195,2,10.848409585054235,4
36F7,2000,11.095748879800848,2,10.933940445229426,4
37E9,2000,11.814833262216776,1,12.575746884537267,4
37F0,2000,12.279911206697044,2,12.366678709860674,4
37F1,2000,12.2698283328936,2,11.206408016139973,4
37F2,2000,10.674068936234933,2,11.411708338705989,4
37F3,2000,11.162340957811686,2,11.573788535694648,4
37F4,2000,11.651786654618183,4,11.129954536509391,4
37F5,2000,10.100961344226466,3,11.160812196189259,4
37F6,2000,11.040452210598895,3,10.857366908651354,4
37F7,2000,11.114503695978755,3,10.819880660512462,4
37F8,2000,10.013189819148861,3,11.113461436093615,3
38E9,2000,12.64102308711971,2,12.243998931610871,4
38F0,2000,13.930232583682049,2,12.381300581550057,4
38F1,2000,10.89104661546515,2,11.80491881120601,4
38F2,2000,9.672070799636668,2,10.913444182119795,4
38F3,2000,11.978615998929744,3,10.93737316136651,4
38F4,2000,11.92668063981566,2,11.678974537073447,4
38F5,2000,10.794534013949228,3,11.233148234043108,4
38F6,2000,10.646386539209,3,10.93335448779927,4
38F7,2000,11.130131732501246,3,11.282940782600901,3
38F8,2000,NA,0,11.059911312647,4
39E8,2000,10.646059989668679,2,12.25055507257144,4
39E9,2000,12.584869890875979,2,12.239166469623587,4
39F0,2000,13.713221416918326,2,12.629648645216978,4
39F1,2000,11.347543528611725,3,12.005433713993435,4
39F2,2000,10.11004517784935,3,11.376207043963124,4
39F3,2000,10.98840024820203,3,11.317065827233463,4
39F4,2000,12.290961480796636,2,11.574602640803857,4
39F5,2000,12.25856441292131,3,11.394670877948311,4
39F6,2000,10.768299994147718,3,11.340174393538174,4
39F7,2000,12.08793211261495,3,10.994349666076092,4
39F8,2000,11.008391586322936,1,11.429546398816221,3
40E8,2000,11.819965927502441,2,11.41100546268976,4
40E9,2000,11.956361384787634,2,12.351366822491968,4
40F0,2000,12.655948577698162,3,13.082213771086266,4
40F1,2000,13.307421645740911,3,12.67724363060982,4
40F2,2000,13.49681359940207,4,11.466785154532989,4
40F3,2000,10.88864065135812,3,12.225189022850394,4
40F4,2000,11.124765262276432,3,11.979680661417039,4
40F5,2000,11.724888022899666,2,11.481484906550453,4
40F6,2000,10.367814509407433,2,10.958433656093941,4
40F7,2000,11.070575351332469,2,10.741286989363466,4
41E7,2000,11.77884660275849,2,12.08385464782977,4
41E8,2000,11.262753873544234,2,12.137506019213335,4
41E9,2000,12.344682893891296,2,12.266860987753638,4
41F0,2000,13.351850636898195,2,12.856882345913025,4
41F1,2000,13.208668816727322,2,12.76995531487369,4
41F2,2000,11.56103314318357,2,12.857980672504633,4
41F3,2000,13.290776981521041,2,11.854821450859887,4
41F4,2000,13.014232490613736,3,12.108769958016653,4
41F5,2000,12.17479544159664,3,11.669626642563015,4
41F6,2000,10.269971255995912,3,10.933468301190048,4
41F7,2000,10.239430079435573,2,10.688623419936032,4
42E7,2000,12.646170137571296,2,12.172329313857105,4
42E8,2000,12.606528652701112,2,12.361647548331149,4
42E9,2000,12.496478055784486,2,12.655435254822535,4
42F0,2000,13.21822909533532,2,12.757919442138423,4
42F1,2000,12.85951583367208,2,12.656374220101661,4
42F2,2000,11.4356632923681,2,12.110124875187719,4
42F3,2000,11.955379518284127,3,12.075965761577496,4
42F4,2000,11.844742146672502,3,12.092331416636409,4
42F5,2000,11.669414800742748,2,11.42336405796707,4
42F6,2000,10.95183317432055,2,11.052388223263707,4
42F7,2000,10.462113898095197,1,11.139415172200888,4
43E8,2000,13.041188126424581,2,12.413957852772707,4
43E9,2000,12.452300377362418,3,12.760318647293506,4
43F0,2000,12.323833242198926,2,12.6011149165382,4
43F1,2000,12.7629356759759,2,12.368696793658206,4
43F2,2000,12.064571005611093,2,12.02425726648536,4
43F3,2000,11.73268062574834,3,12.031952299984052,4
43F4,2000,11.730298856905026,3,11.777938458229347,4
43F5,2000,10.72208546927859,2,11.907909663165407,4
43F6,2000,11.80805293822097,2,11.41403379930462,4
43F7,2000,11.558344496826457,2,10.865357522518073,4
44E6,2000,12.530196265954082,2,12.649224851494372,3
44E7,2000,12.156731024941926,2,12.690352787895161,4
44E8,2000,12.440271356085375,2,12.845459351273707,4
44E9,2000,13.179775164766033,2,12.360449336806306,4
44F0,2000,11.970994517479166,2,12.397130685871446,4
44F1,2000,12.226867093150727,2,12.239444013530163,4
44F2,2000,12.1657494718491,2,12.2385885018058,4
44F3,2000,12.377559819135964,3,12.470173130758788,4
44F4,2000,12.812245591217959,3,12.314073899468294,4
44F5,2000,12.423872056792884,3,11.997298695610219,4
45E6,2000,13.260660952863404,2,12.564467438172107,3
45E7,2000,12.530282576677786,2,12.763614634663018,4
45E8,2000,13.004143088962287,2,12.511017395580794,4
45E9,2000,12.578231096298268,2,12.507829502235296,4
45F0,2000,11.858047243370098,1,12.160485413719591,4
45F1,2000,12.058096388816482,1,12.204837516850036,4
45F2,2000,12.285356089325422,2,12.724324787024031,4
45F3,2000,13.17001683421975,2,12.435912469426476,4
45F4,2000,12.724564865039298,2,12.678997837194725,4
46E6,2000,NA,0,13.32429780471504,3
46E7,2000,12.632923471884453,2,13.034958706445599,3
46E8,2000,12.495284553261747,2,12.908607096468147,4
46E9,2000,11.989352511842766,2,12.606633658086539,4
46F0,2000,12.034619652284448,2,12.24968494433563,4
46F1,2000,12.449079641553897,1,12.684984917167204,4
46F2,2000,13.50343645321079,2,12.464162116011412,4
46F3,2000,12.356169104205225,2,12.737648793343341,4
47E6,2000,NA,0,13.356116230640858,2
47E7,2000,14.079308989397264,2,13.320466392533769,2
47E8,2000,14.008009313183084,2,13.275470169834689,4
47E9,2000,13.31839933050169,2,12.713981365255908,4
47F0,2000,12.702260380575764,3,12.762516880708079,4
47F1,2000,13.143787174357096,2,12.604275216876422,4
47F2,2000,12.766043628961103,2,12.678395371214773,4
47F3,2000,11.511098256981722,2,12.508617798273972,4
48E7,2000,NA,0,13.392497924685943,3
48E8,2000,13.208887806178055,1,13.017869849029204,3
48E9,2000,12.156303255422014,2,12.907487465209904,4
48F0,2000,12.553261365689082,2,12.520063504804353,4
48F1,2000,12.499717216414922,2,12.810835784162856,4
48F2,2000,12.555259600309487,2,12.620186728514346,4
48F3,2000,12.356998859620074,2,12.278940192848832,4
49E8,2000,12.88929697848251,1,12.462086650615031,4
49E9,2000,12.549401358470789,2,12.435923678249921,4
49F0,2000,12.721973166804712,2,12.739410114293968,4
49F1,2000,12.991034996295763,2,12.904819601600343,4
49F2,2000,12.857987209061285,2,12.544540282429633,4
49F3,2000,12.191415705042836,2,12.499825369756431,4
50E8,2000,12.113936125520837,1,12.619852155800297,4
50E9,2000,11.976121312290447,1,12.620431325558446,4
50F0,2000,12.863942736720235,2,12.880793653309441,4
50F1,2000,13.539600814120453,2,12.738221269313739,4
50F2,2000,12.440450828070443,2,12.987891818901769,4
50F3,2000,12.343864582273925,2,12.674992103081495,4
51E8,2000,12.659545250906309,2,12.582495459838839,4
51E9,2000,12.954445081521921,2,12.508770502184936,4
51F0,2000,13.28547932002215,2,12.61299141167528,4
51F1,2000,12.657456516168516,2,13.224784385253564,4
51F2,2000,13.210114670151416,2,12.745343185158333,4
31F1,2001,11.98130446846753,3,11.979812516936576,4
31F2,2001,13.979408738374868,2,11.655956717948055,4
32F1,2001,10.804963630399962,4,11.43419215729717,4
32F2,2001,12.80948154984195,2,11.60825901340182,4
32F3,2001,11.028077223082773,3,11.674800508905678,4
33F1,2001,10.325396149129528,2,10.056394032018733,4
33F2,2001,10.620586461749676,3,10.94795127989316,4
33F3,2001,11.055851447975478,5,11.347386414454942,4
33F4,2001,12.21328257605561,3,11.383414765760156,4
34F1,2001,9.1989500632996,3,9.98161210904722,4
34F2,2001,9.601075972625692,3,10.452504456694633,4
34F3,2001,11.52759939693171,5,10.873290984382972,4
34F4,2001,11.922130995050665,4,11.890123875476943,4
35F0,2001,9.851394981853929,2,11.037260089767782,4
35F1,2001,10.148581332579726,3,10.430515119164962,4
35F2,2001,10.462881904797545,3,11.016405523021195,4
35F3,2001,10.914105521880055,4,11.446574663156332,4
35F4,2001,12.905508007040401,5,11.181403674054582,4
36F0,2001,12.592675436483034,3,11.594358213872415,4
36F1,2001,12.208833526708771,3,12.231472793781707,4
36F2,2001,13.401859264999304,3,11.436364284077005,4
36F3,2001,10.89030934385567,5,11.866455293428325,4
36F4,2001,10.999068835431943,4,11.840786888772904,4
36F5,2001,12.113323666415353,5,11.066213050570937,4
36F6,2001,10.094505942545787,3,11.745146771267487,4
36F7,2001,10.826679608479827,3,10.913786836659702,4
37E9,2001,11.760700185962271,2,12.967103630900006,4
37F0,2001,12.556504160964687,3,12.599907963509171,4
37F1,2001,12.782775141064764,3,12.373449779914868,4
37F2,2001,12.183432360946034,3,12.265203052108555,4
37F3,2001,12.150787551401999,5,11.600204398552385,4
37F4,2001,11.454006537780188,4,11.640749408515067,4
37F5,2001,11.717270886525826,4,11.899260139840857,4
37F6,2001,12.323312923648944,3,11.15923059365754,4
37F7,2001,11.516874576853903,3,10.968625248297151,4
37F8,2001,9.720453903590174,3,10.457550844061213,4
38E9,2001,13.455753835625687,3,12.552201294515763,4
38F0,2001,13.263481090526614,3,12.843829289562038,4
38F1,2001,12.54502907103998,3,12.357151762275135,4
38F2,2001,10.725390250968154,4,11.578385925544499,4
38F3,2001,11.873069351627647,5,11.10210313814623,4
38F4,2001,11.695870360700496,5,11.418200326883191,4
38F5,2001,11.706397431518942,5,11.639350379935237,4
38F6,2001,11.30827096870464,4,11.606486519619398,4
38F7,2001,11.00405455746966,3,10.377554252183671,4
38F8,2001,8.482594633441467,1,10.017681762912156,4
39E8,2001,12.100972989728112,3,12.84202517873106,4
39E9,2001,13.083650911846057,3,12.887016263505654,4
39F0,2001,12.818030090617793,3,12.98189522210631,4
39F1,2001,12.656960566541008,4,12.018162091865864,4
39F2,2001,9.712012918564335,3,11.450744583154403,4
39F3,2001,9.836364389514271,4,10.672760259587964,4
39F4,2001,10.639327986605988,4,10.534024176965483,4
39F5,2001,11.835989303809988,3,11.49041688237703,4
39F6,2001,11.392181165840045,3,11.44748517705802,4
39F7,2001,10.202476829734673,3,10.355144829350735,4
39F8,2001,9.143741760854118,1,9.89243196347123,4
40E8,2001,11.655387829401468,3,12.196375576989563,4
40E9,2001,13.173308138051027,3,12.81379063584044,4
40F0,2001,12.92348831951156,3,13.153078012861762,4
40F1,2001,12.997576287241346,3,12.787679216831712,4
40F2,2001,12.584263125594182,3,11.397488247423535,4
40F3,2001,10.466630781553883,3,10.571422915563398,4
40F4,2001,8.767872653837175,2,11.098576117064091,4
40F5,2001,12.223760945543143,1,11.219966851642202,4
40F6,2001,12.443203605982777,2,11.191483728799192,4
40F7,2001,9.880601833239119,1,11.17810089234389,4
41E7,2001,11.757012627201174,2,11.814659095739756,4
41E8,2001,11.754208552977941,2,12.504037622935536,4
41E9,2001,13.592635482602681,2,13.076610609147277,4
41F0,2001,13.623397535536881,2,13.118180258825792,4
41F1,2001,12.986004855680097,2,12.956253935175976,4
41F2,2001,12.413733002334572,2,12.291337146138511,4
41F3,2001,11.097191493307964,2,11.191877219321016,4
41F4,2001,11.064584754553355,1,10.826925375488262,4
41F5,2001,11.832801842938862,2,11.859536578502514,4
41F6,2001,11.269390970574461,1,11.676318677025431,4
41F7,2001,10.797332163083647,1,10.999066620790181,4
42E7,2001,10.837925448042792,2,12.34628825044804,4
42E8,2001,13.01111455253682,2,12.302619870030055,4
42E9,2001,13.755528210023257,2,13.217549454813337,4
42F0,2001,12.970592377508826,2,13.53533698137909,4
42F1,2001,12.790308915591105,2,12.91249014981638,4
42F2,2001,12.497889109971801,2,12.21908013074729,4
42F3,2001,10.822560338842255,2,11.533850835749565,4
42F4,2001,11.609835511869044,2,11.47853658673547,4
42F5,2001,12.880409643339096,2,11.542711385689344,4
42F6,2001,11.63193709609644,2,12.042386002645365,4
42F7,2001,11.214336583250708,2,11.819943385137236,4
43E8,2001,12.86281726907623,2,12.881764892417129,4
43E9,2001,13.295855406605025,2,13.362278192304576,4
43F0,2001,13.97211326436511,2,13.233029236241473,4
43F1,2001,13.195474256104795,2,13.307876317273166,4
43F2,2001,12.849718266221231,2,12.2024861447073,4
43F3,2001,10.93048722784945,2,11.634815319506549,4
43F4,2001,11.146591610207167,2,11.497913440814711,4
43F5,2001,11.096271091853028,2,12.268558588542188,4
43F6,2001,12.805406813417195,2,11.753782985776605,4
43F7,2001,12.04509746795166,2,11.612253163961997,4
44E6,2001,12.23342719597579,2,12.333016753835501,3
44E7,2001,11.709172040254634,2,12.758555746874924,4
44E8,2001,13.510917570272039,2,12.614091849660532,4
44E9,2001,12.858654025753708,2,13.240738420693997,4
44F0,2001,13.470194904747244,2,13.045724733520899,4
44F1,2001,13.619364822915218,2,12.850465595066185,4
44F2,2001,12.18609398490316,2,12.632561115515049,4
44F3,2001,11.720391062755542,2,12.35635508823818,4
44F4,2001,12.355059931687325,2,11.92767960728584,4
44F5,2001,12.24182628720529,3,11.79995802568072,4
45E6,2001,13.050797947206643,2,12.748670962940315,3
45E7,2001,12.239080274045225,2,12.889799867454691,4
45E8,2001,13.025724063557558,2,12.962093771897456,4
45E9,2001,12.685985801151684,2,12.655214298447701,4
45F0,2001,11.732766821049557,2,12.759749059189767,4
45F1,2001,12.550099234509542,2,12.7684933950362,4
45F2,2001,12.340770310168201,2,13.13133327680685,4
45F3,2001,13.953779208512783,2,12.50008299294799,4
45F4,2001,12.60190946897536,2,12.841622833212126,4
46E6,2001,NA,0,13.478723347059448,3
46E7,2001,13.773505418799932,2,13.08777946377929,3
46E8,2001,13.412391442120875,2,13.14138893095259,4
46E9,2001,13.003712283429984,2,12.732177729941732,4
46F0,2001,12.332716296350597,2,12.895153739685771,4
46F1,2001,13.381071626011826,2,13.002058417725026,4
46F2,2001,13.835360679301916,2,13.057377027847489,4
46F3,2001,13.337261129892855,2,13.562015274308383,4
47E6,2001,NA,0,13.256965007312216,3
47E7,2001,13.611866675171772,2,12.973880768262589,3
47E8,2001,12.76261395802289,2,13.40231486395448,4
47E9,2001,12.497617380143776,2,13.129031288492389,4
47F0,2001,13.46306422825172,2,12.984441772839226,4
47F1,2001,13.290057460738048,2,13.282804909542703,4
47F2,2001,13.170405045317072,2,13.273362083019052,4
47F3,2001,13.28851616410176,2,13.22706183204788,4
48E7,2001,12.385522927964944,1,13.675379555788547,3
48E8,2001,14.087383958381498,1,12.94043990101629,4
48E9,2001,13.28673468426496,2,13.425129123704144,4
48F0,2001,13.817375954124486,2,13.135677232664424,4
48F1,2001,13.116678738590192,2,13.320658100765632,4
48F2,2001,12.67951402793448,2,13.030792641376959,4
48F3,2001,13.721067125047117,2,12.721558724296397,4
49E8,2001,13.326888033812372,1,12.742796200706122,4
49E9,2001,13.298139202166816,2,12.563732892551203,4
49F0,2001,12.676231279550827,2,13.365396164488784,4
49F1,2001,13.495684960265516,2,12.757224617749312,4
49F2,2001,12.115019656553455,2,12.936210823010818,4
49F3,2001,12.803185048595896,2,12.921350211495087,4
50E8,2001,12.620584069699522,1,12.450879115651965,4
50E9,2001,10.965077572576652,1,12.946697985667136,4
50F0,2001,12.85038454139832,2,12.164223407645936,4
50F1,2001,13.12096879630277,2,12.803671222714227,4
50F2,2001,12.766459255247376,2,12.655081410091835,4
50F3,2001,13.082854809132396,2,12.496536584693862,4
51E8,2001,12.493866726814954,2,12.124490438458388,4
51E9,2001,13.017684129403882,1,11.993536087811156,4
51F0,2001,11.894615982153498,2,12.233825594331137,4
51F1,2001,12.102156133945696,2,12.541862924558327,4
51F2,2001,12.30148237837872,2,12.76810974865706,4
31F1,2002,11.590947250227822,3,10.858679528019092,4
31F2,2002,11.624592351707761,3,10.966915173127507,4
32F1,2002,10.944851985704611,3,10.943229509769024,4
32F2,2002,11.461342508613958,3,10.93916507489007,4
32F3,2002,9.870518947963639,2,10.828859769368373,4
33F1,2002,9.40393126605004,2,10.2321969863639,4
33F2,2002,11.316697014184273,3,10.571342635939068,4
33F3,2002,11.312962278031891,3,10.364243903000213,4
33F4,2002,9.224437276643371,3,10.765169842396926,4
34F1,2002,8.560104454506341,1,9.946560747422907,4
34F2,2002,10.10713449106038,3,10.432285613289604,4
34F3,2002,11.045322373209572,4,10.514942176187722,4
34F4,2002,10.831875770382604,3,10.04628295661901,4
35F0,2002,10.12450608205109,2,10.899320096464866,4
35F1,2002,10.15067115053012,3,10.388679900634227,4
35F2,2002,10.807018611258231,3,10.449154902701611,4
35F3,2002,9.80779616527601,4,10.868271576384874,4
35F4,2002,10.107576011347081,3,10.783946648880441,4
36F0,2002,12.823414326101753,4,11.430273763271185,4
36F1,2002,12.063090454721248,3,12.03516338142974,4
36F2,2002,11.731017803939935,3,11.646194405134793,4
36F3,2002,11.51316930972461,4,11.22086122809709,4
36F4,2002,10.982945350138545,3,11.043801684356856,4
36F5,2002,11.091691314132017,4,10.780102890577652,4
36F6,2002,10.389253301849964,1,10.961892800638843,4
36F7,2002,10.659107055934193,2,10.89658992755868,4
37E9,2002,11.561334523775415,2,12.759331791862285,4
37F0,2002,11.972163992536988,2,12.825888111628089,4
37F1,2002,13.435550245147148,3,11.949988434781007,4
37F2,2002,12.201499244835082,3,11.99875206817254,4
37F3,2002,12.361685593033872,4,11.864469906975465,4
37F4,2002,11.462770102223717,3,11.26399044139564,4
37F5,2002,10.285442808098384,2,11.402385423976373,4
37F6,2002,11.811330024390774,1,10.751066355725618,4
37F7,2002,10.789526086663418,2,11.057467747882779,4
37F8,2002,10.596250297330561,1,10.870605585491067,3
38E9,2002,12.758495497322357,3,12.666933482537814,4
38F0,2002,13.483253351488043,3,12.265582890777004,4
38F1,2002,11.563200047030708,3,12.2117284985055,4
38F2,2002,10.466754630569204,3,11.650820279745774,4
38F3,2002,12.280440971118454,4,11.215798942324824,4
38F4,2002,11.425888014311758,4,11.627702157578284,4
38F5,2002,11.243750255158982,3,11.491533417697244,4
38F6,2002,11.540043226290706,3,11.44424429663159,4
38F7,2002,11.163183613875587,3,11.219511211767893,3
38F8,2002,NA,0,11.411766097470236,4
39E8,2002,12.688475063928115,3,12.342646622349243,4
39E9,2002,12.934670990959681,3,12.587800808476938,4
39F0,2002,12.768472026217966,4,12.520386800627302,4
39F1,2002,11.461355766817604,4,11.785318991699393,4
39F2,2002,10.558140855998852,4,11.170976996195385,4
39F3,2002,10.608867531384462,4,11.16613174546189,4
39F4,2002,11.523847301811983,4,11.036146694521072,4
39F5,2002,12.714759622088126,3,11.816705079455945,4
39F6,2002,11.558713293101015,3,11.58653713646679,4
39F7,2002,11.328964322349556,3,11.599371692149102,4
39F8,2002,12.55866615632524,1,11.20302388050657,3
40E8,2002,11.541659354675616,2,11.750187997183616,4
40E9,2002,12.135760646439312,3,12.225208213066093,4
40F0,2002,12.202267093243877,4,12.308379366859775,4
40F1,2002,12.251463037550046,4,12.04785307785317,4
40F2,2002,12.146930056010271,4,11.252021490083951,4
40F3,2002,10.30209785291827,4,10.839260034134057,4
40F4,2002,9.395071610299947,3,11.65577684650616,4
40F5,2002,12.940509467751799,2,11.274628585292195,4
40F6,2002,10.762381375138773,2,11.693897199758545,4
40F7,2002,11.116923705294568,2,10.983816555175581,4
41E7,2002,11.01691156967006,3,11.046152979782992,4
41E8,2002,11.159604708696975,3,11.409967440967838,4
41E9,2002,12.222235413385196,3,11.9048162933041,4
41F0,2002,12.07782175723178,3,12.360374794321174,4
41F1,2002,12.380859395340925,3,12.415192451524094,4
41F2,2002,11.896384213868636,3,11.988530569914689,4
41F3,2002,11.206170938841549,2,11.293291210883147,4
41F4,2002,11.85665276354259,3,11.084278652775465,4
41F5,2002,12.22630173364193,2,12.173674740576722,4
41F6,2002,11.159442332886798,2,11.434802534044085,4
41F7,2002,10.6844781903272,2,11.281900498785529,4
42E7,2002,10.624284429618896,2,11.011859901502506,3
42E8,2002,10.85906342614048,3,11.343322399721401,3
42E9,2002,12.246078060848333,2,11.89798999406953,4
42F0,2002,12.636137275314695,2,12.661047982544067,4
42F1,2002,13.435100797445916,2,12.417201908704666,4
42F2,2002,12.22016188946601,2,12.381575986472798,4
42F3,2002,11.118030013203096,2,11.596859631868902,4
42F4,2002,11.509570328318432,2,11.855747809682597,4
42F5,2002,12.738094398125705,2,11.931035741452412,4
42F6,2002,12.06604883706844,3,11.475261849681468,4
42F7,2002,10.785187119892312,3,11.461114950919086,4
43E8,2002,NA,0,11.787971603461166,4
43E9,2002,11.874523861437744,2,12.559614445553143,3
43F0,2002,12.885191314650239,2,12.382195802619046,4
43F1,2002,12.43164907469703,2,13.198462461693593,4
43F2,2002,13.076788921373543,1,11.969878662620564,4
43F3,2002,11.451535370849623,2,11.733090337069136,4
43F4,2002,11.710214063858997,2,11.43112444960482,4
43F5,2002,11.922222066780847,2,12.277844179770756,4
43F6,2002,11.218323547821058,3,12.327156210396549,4
43F7,2002,11.875609228459643,3,11.188509423777251,4
44E6,2002,12.745651003458388,2,12.225236328095415,3
44E7,2002,11.631571859777878,2,12.644128848613828,4
44E8,2002,12.786727266488562,2,12.506940896169485,3
44E9,2002,12.547573961160856,2,12.570705513638265,4
44F0,2002,12.586472999026714,2,12.685989778671072,4
44F1,2002,13.396768813304675,2,12.30549474562796,4
44F2,2002,11.776168315469597,2,12.3360480603054,4
44F3,2002,11.027328349840904,2,11.631303096035754,4
44F4,2002,10.841170032470373,2,12.406988735751876,4
44F5,2002,13.444744709277263,2,11.979818495785139,4
45E6,2002,12.165246659371878,2,12.507266810117445,3
45E7,2002,12.878890465136486,2,12.258938587119234,4
45E8,2002,13.34167686756972,2,13.160789962378498,4
45E9,2002,13.035097927600038,2,12.810664207455934,4
45F0,2002,11.914425025568516,2,12.833613811130293,4
45F1,2002,12.4276885933185,2,12.621362806137132,4
45F2,2002,11.843306156702475,2,12.680058109480562,4
45F3,2002,12.456338665353423,2,12.208519477336303,4
45F4,2002,13.44566782003034,2,11.710653157609046,4
46E6,2002,NA,0,12.62046623026941,3
46E7,2002,11.897258961757458,2,13.540075908368093,3
46E8,2002,13.942444190288905,2,13.250951870756356,4
46E9,2002,13.438980975524645,2,13.391804457792766,4
46F0,2002,13.285195724575921,2,13.011824946265229,4
46F1,2002,13.330951228972864,2,13.509177188361111,4
46F2,2002,14.06003686378073,2,12.758400315076534,4
46F3,2002,12.517775582771488,2,13.018617634928521,4
47E6,2002,NA,0,12.848076015718174,2
47E7,2002,13.79889306967889,2,13.11157481996553,2
47E8,2002,14.325890678173602,2,13.839460798688425,4
47E9,2002,13.3044799887062,2,13.667838697856808,4
47F0,2002,13.362942554994888,2,13.62774143855366,4
47F1,2002,14.26378757176929,2,13.362043920760966,4
47F2,2002,13.341568291859309,2,13.263829298821928,4
47F3,2002,12.216526718720626,2,12.721350303592418,4
48E7,2002,NA,0,13.618184214473851,3
48E8,2002,14.312025946079707,2,13.53768829619022,3
48E9,2002,13.5435405827341,2,13.481357806216904,4
48F0,2002,13.657502469163223,2,13.429083059224082,4
48F1,2002,13.412713607216801,2,13.599102268873946,4
48F2,2002,12.514966041017068,2,13.04528651914618,4
48F3,2002,12.511091298721809,2,12.659086131526134,4
49E8,2002,12.743633627662959,2,13.111713560319286,4
49E9,2002,12.651422820918487,2,13.196995405638031,4
49F0,2002,13.39713549195054,2,13.253915945508446,4
49F1,2002,13.960152993546197,2,13.3319787050497,4
49F2,2002,12.915772878786797,2,12.849220111032704,4
49F3,2002,12.98907888758005,2,12.509001906426487,4
50E8,2002,12.379733554074424,1,12.971076347282764,4
50E9,2002,13.103671920204526,2,12.61132231409459,4
50F0,2002,12.746585498405878,2,13.240438793696349,4
50F1,2002,13.602292842244665,2,12.92025295979654,4
50F2,2002,11.932682521987498,2,13.024942945664861,4
50F3,2002,12.676460926209845,2,12.685694855943122,4
51E8,2002,13.369452458284002,2,12.752401944411046,4
51E9,2002,12.667547382979572,1,12.927878213237154,4
51F0,2002,12.85865492038566,1,12.889848906709142,4
51F1,2002,13.04159082524659,2,13.028194599113586,4
51F2,2002,12.905245135418141,2,12.813256778922149,4
31F1,2003,11.085269167044714,4,10.952599987055876,4
31F2,2003,12.513613106048794,3,11.012524578443097,4
32F1,2003,10.473237297709616,4,10.320400994856332,4
32F2,2003,11.393517564677115,3,10.864427489003717,4
32F3,2003,11.098074284340942,2,10.504364616320519,4
33F1,2003,9.430031979787982,5,9.55240015714855,4
33F2,2003,9.372785267915518,4,10.195194054887065,4
33F3,2003,10.411305118621943,4,10.71798524881652,4
33F4,2003,10.839850514067503,3,10.88887324105875,4
34F1,2003,8.817656506507852,2,10.18694154969648,4
34F2,2003,9.545921556461218,4,10.062102070204462,4
34F3,2003,11.561230928942118,4,10.058578085397148,4
34F4,2003,10.484882632329995,3,11.179958988723973,4
35F0,2003,11.13395635709816,2,11.223710722784375,4
35F1,2003,10.637856305438559,3,10.516726156307874,4
35F2,2003,10.49673557745236,3,10.601749144000992,4
35F3,2003,9.792203034175433,3,11.58301042465998,4
35F4,2003,12.526551477710836,2,11.085491335016616,4
36F0,2003,13.820773895017966,3,12.011654680434049,4
36F1,2003,11.618556184173123,3,12.205835081381391,4
36F2,2003,12.431015679928757,3,11.661947236540264,4
36F3,2003,11.747523714534605,4,11.65688600440375,4
36F4,2003,12.31735595902643,3,11.968862180292131,4
36F5,2003,11.452363725875673,3,11.686596545683251,4
36F6,2003,11.418402816125962,3,11.071114180725791,4
36F7,2003,10.770788917008229,2,11.215971103147517,4
37E9,2003,12.809741473056066,2,13.303429370593323,4
37F0,2003,12.484364707408844,3,13.058316053966607,4
37F1,2003,11.933694445140281,3,12.437198897131225,4
37F2,2003,12.784973470000965,2,12.156256191811318,4
37F3,2003,12.086969344484382,3,12.351348666966976,4
37F4,2003,12.149009803047415,3,11.738293136861522,4
37F5,2003,10.861617604533201,2,11.436784988925906,4
37F6,2003,11.199686475486061,2,11.568648619149327,4
37F7,2003,12.271323057572214,2,10.733018497261495,4
37F8,2003,9.974472063405829,1,10.713056744611443,4
38E9,2003,13.239524477294367,2,12.763243464788413,4
38F0,2003,13.669054402652113,3,12.959116511701914,4
38F1,2003,12.860901226941964,3,12.737881083174326,4
38F2,2003,12.173345297691853,2,12.573655489411497,4
38F3,2003,12.72388768028492,3,11.865902789844156,4
38F4,2003,11.68722963940207,3,11.974486418917419,4
38F5,2003,10.946079951294477,3,11.456336410908266,4
38F6,2003,11.72325099836593,3,11.313638807608493,4
38F7,2003,10.987126533145863,3,11.026824256983105,4
38F8,2003,8.822988470719462,1,10.402278875289516,4
39E8,2003,11.133575923099622,3,12.537303281959812,4
39E9,2003,13.440602060345848,3,12.647272005586768,4
39F0,2003,13.25167563516248,3,13.371879573508396,4
39F1,2003,13.175430187213058,3,12.824144264173672,4
39F2,2003,11.924859580418135,4,12.291070055995437,4
39F3,2003,11.516066877798321,3,12.02838115540849,4
39F4,2003,12.078968241042862,3,11.484122225603015,4
39F5,2003,11.553247401331864,2,11.721593400793191,4
39F6,2003,12.121662270507573,3,11.314112428396731,4
39F7,2003,11.289734501274808,3,10.875647637154067,4
39F8,2003,9.357782403331564,1,10.53396721169285,4
40E8,2003,10.504774603408427,4,11.696601143393174,4
40E9,2003,12.964311986790602,4,12.459680287399975,4
40F0,2003,13.202431643822564,3,13.213061090706866,4
40F1,2003,13.259140614172113,3,12.783996687122496,4
40F2,2003,12.29943786127852,3,12.208376649150702,4
40F3,2003,11.385809119888043,3,11.81829832000125,4
40F4,2003,11.179944983879805,3,11.826865176826411,4
40F5,2003,11.739663140327853,2,11.498169203235435,4
40F6,2003,10.690216812614322,2,11.50874023863633,4
40F7,2003,11.036019341631265,2,11.386728036733754,4
41E7,2003,11.60705795834423,3,11.305397887338092,4
41E8,2003,11.081458705338243,3,11.647320641902859,4
41E9,2003,12.690912842023058,3,12.564665971853318,4
41F0,2003,13.377116126702267,3,12.807397925239727,4
41F1,2003,12.458687056175838,3,12.947922643652472,4
41F2,2003,12.263697282124522,3,12.127752738725862,4
41F3,2003,12.277743557048357,2,11.815167387432652,4
41F4,2003,12.103020206046887,3,11.86622441045122,4
41F5,2003,12.569267615115749,2,11.657828729163723,4
41F6,2003,11.13761620207863,2,11.667492182237977,4
41F7,2003,12.42934463096725,2,10.873468448953373,4
42E7,2003,11.84882107676998,2,11.821708304442128,4
42E8,2003,11.786537163835717,2,12.144459060235175,4
42E9,2003,12.835777068582157,2,12.81961182145057,4
42F0,2003,12.877560158937442,2,12.839662771016982,4
42F1,2003,12.89173655161099,2,12.214605607275026,4
42F2,2003,11.47514248040073,2,12.16507437531527,4
42F3,2003,11.50814294167116,2,11.586425098153573,4
42F4,2003,11.43794148576097,2,11.75530246827198,4
42F5,2003,11.651015368201524,2,11.629609040865489,4
42F6,2003,10.981139670254585,2,11.196055458036586,4
42F7,2003,10.339098581849012,1,11.557442564931375,4
43E8,2003,12.811779390250319,2,12.56509395012907,4
43E9,2003,13.923437121006064,2,12.686257022168702,4
43F0,2003,12.254021337172514,2,12.743273239756174,4
43F1,2003,12.047032733586091,2,12.310053492530665,4
43F2,2003,11.996720725854406,2,11.475703749380916,4
43F3,2003,11.154872869404233,2,11.696098125237208,4
43F4,2003,11.759031357168348,2,11.358538646943769,4
43F5,2003,11.530087392330655,2,11.763953934965302,4
43F6,2003,11.65649168001718,2,11.415824668886469,4
43F7,2003,11.16279427848648,2,11.351518640772007,4
44E6,2003,11.784371971947277,2,12.295346127112387,3
44E7,2003,11.892906500574734,2,12.358749716952367,4
44E8,2003,12.657495015099764,2,12.620698834371364,4
44E9,2003,12.84345029266982,2,12.928774898806575,4
44F0,2003,12.125062945495099,2,12.330743810056797,4
44F1,2003,12.097735355484751,2,11.875151873517773,4
44F2,2003,11.225766914132608,2,11.669092076693923,4
44F3,2003,11.52049747625492,2,11.483687961568044,4
44F4,2003,11.311252840279217,2,12.084712412942693,4
44F5,2003,11.989277334474158,2,11.91760376841289,4
45E6,2003,12.42980114746683,2,12.391683768733673,3
45E7,2003,12.563330733295599,2,12.521178850747571,4
45E8,2003,12.934659153990582,2,12.779599405022166,4
45E9,2003,13.009104513625374,2,12.486163717908063,4
45F0,2003,12.1277682549001,2,12.382052527904257,4
45F1,2003,12.102744900857289,2,11.974558069041889,4
45F2,2003,11.061414749181615,2,12.136517004384485,4
45F3,2003,12.242859222456122,2,12.117371049618853,4
45F4,2003,13.070043483873341,2,11.97303450703895,4
46E6,2003,NA,0,12.80477153044482,3
46E7,2003,12.827348600958143,2,12.86965431142434,3
46E8,2003,12.88846735806793,2,12.743104502987402,4
46E9,2003,12.03877717007175,2,12.743830631124844,4
46F0,2003,12.291297751639267,2,12.339369346333104,4
46F1,2003,12.611313916601087,2,12.037624645235494,4
46F2,2003,12.974696980091924,2,12.31606232999184,4
46F3,2003,12.817528489165538,2,12.43916285484774,4
47E6,2003,NA,0,12.58185052459232,3
47E7,2003,13.157164842909488,2,12.586673272598867,3
47E8,2003,13.17163308692913,2,13.207841813528324,4
47E9,2003,12.786452901166804,2,12.927391095168545,4
47F0,2003,12.579618043759481,2,12.556676304656488,4
47F1,2003,10.7817589483535,2,12.620106676854977,4
47F2,2003,12.77399216501912,2,12.057318721420978,4
47F3,2003,11.765103051823793,2,12.850220554454147,4
48E7,2003,11.761038129909327,1,13.53073996052786,3
48E8,2003,13.999282151969073,2,13.071995045864323,4
48E9,2003,13.919536079913815,2,13.549969185033913,4
48F0,2003,14.367195617466377,2,13.112101728804685,4
48F1,2003,12.51550258204022,2,12.869213232577554,4
48F2,2003,12.707715905414698,2,12.62070310734422,4
48F3,2003,13.101645658217233,2,12.484396797328179,4
49E8,2003,13.435772886705019,2,12.946980993073437,4
49E9,2003,13.046946069533396,2,13.206483230111338,4
49F0,2003,13.433750209505222,3,13.444558872942835,4
49F1,2003,13.620182459075641,2,12.669589212921371,4
49F2,2003,12.091672024100308,2,13.419474760566391,4
49F3,2003,13.373096207973914,1,13.23474834749948,4
50E8,2003,12.704822006469978,1,12.633616680731992,4
50E9,2003,12.036873744321298,1,12.637682448905856,4
50F0,2003,12.743911345695926,2,12.662522967776539,4
50F1,2003,12.637432036039737,2,13.047616682765288,4
50F2,2003,13.976904469801312,2,12.743897544050249,4
50F3,2003,13.768771237879069,2,12.979846895014353,4
51E8,2003,13.006769717977523,2,12.334695501488826,4
51E9,2003,12.055050373924125,2,12.572625337502176,4
51F0,2003,12.542035881239903,2,12.171325980107405,4
51F1,2003,11.84946845648827,1,12.600273535289361,4
51F2,2003,12.477714878181878,2,13.058144050052096,4
31F1,2004,11.615452408598806,2,11.89786345286915,4
31F2,2004,14.10653180595153,3,11.176566953411557,4
32F1,2004,10.113137134095975,3,11.300293299291328,4
32F2,2004,13.046638185372174,2,11.091161235691049,4
32F3,2004,9.931040085579275,1,11.461832228173739,4
33F1,2004,10.325146686056915,2,9.777249523808067,4
33F2,2004,10.213935917137414,3,11.040032424376678,4
33F3,2004,10.745314396149372,3,10.719393959112185,4
33F4,2004,11.841440414035993,2,10.769611141549285,4
34F1,2004,8.738894614070624,2,10.397932108555885,4
34F2,2004,10.043030429928251,2,9.925130141661189,4
34F3,2004,10.891159419696057,3,10.599202406745215,4
34F4,2004,11.51093066477244,3,11.127414150283506,4
35F0,2004,10.987461248483168,2,10.835230650799048,4
35F1,2004,10.236090069755209,2,10.207013184059381,4
35F2,2004,9.856530615740656,2,10.490870405719091,4
35F3,2004,10.097534136130799,3,11.069322084630922,4
35F4,2004,11.679522631271173,3,11.219889476079903,4
36F0,2004,13.120771661427277,2,11.681318449291885,4
36F1,2004,11.24516625794308,2,11.767642205256978,4
36F2,2004,11.586826987062105,2,11.402836639441592,4
36F3,2004,11.850075671815802,4,11.248782594980169,4
36F4,2004,11.421017431600571,2,11.653042261507007,4
36F5,2004,11.824533029981328,2,11.326831661906763,4
36F6,2004,11.118909617458435,2,11.616195059023994,4
36F7,2004,11.943061552909631,2,11.806472399438015,4
37E9,2004,12.25962205422737,1,12.717916956831667,4
37F0,2004,12.23302423651392,3,12.552059580621311,4
37F1,2004,12.126880102783321,2,12.131418600287581,4
37F2,2004,12.659574012266827,3,11.539240904481408,4
37F3,2004,11.8897518251272,3,11.941737327284958,4
37F4,2004,11.258037712959723,2,11.669468115599997,4
37F5,2004,11.509361885608321,2,11.362890020275888,4
37F6,2004,11.187823767596692,2,11.807215988442586,4
37F7,2004,13.164514473263306,2,11.632602600306953,4
37F8,2004,11.754641739433627,2,11.724949579555924,4
38E9,2004,12.816907425338192,2,12.417702693891858,4
38F0,2004,12.700964504047278,2,12.40250093065571,4
38F1,2004,12.387909894426496,2,11.560856563644801,4
38F2,2004,10.553504702953004,3,12.156184589451271,4
38F3,2004,11.999261912097483,3,11.344250981741393,4
38F4,2004,11.857741320063898,2,11.57378648909325,4
38F5,2004,11.181165570565806,2,11.385840437219859,4
38F6,2004,11.436077977440277,3,11.258027353130261,4
38F7,2004,11.644883341287866,3,11.253580845048502,4
38F8,2004,10.147338950762892,1,10.85193588428527,4
39E8,2004,12.249637838106182,2,12.283341408134152,4
39E9,2004,12.4605863791866,2,12.51429298045173,4
39F0,2004,12.172162166344236,2,12.12350500435908,4
39F1,2004,10.862076944795598,3,12.16637167416878,4
39F2,2004,11.57799253901428,3,11.493899550405771,4
39F3,2004,11.076006078821468,3,11.585047620370696,4
39F4,2004,11.856680760749988,2,10.854056738397226,4
39F5,2004,10.740180565766938,2,11.606903425319555,4
39F6,2004,11.018236733070681,3,10.656602120036812,4
39F7,2004,10.266391978727532,3,10.748717389116084,4
39F8,2004,9.741826477692054,1,10.662134318798007,4
40E8,2004,11.03740733599351,2,12.141903312802876,4
40E9,2004,12.818464492018308,2,12.014604810885926,4
40F0,2004,12.470392189406844,2,12.680642727344743,4
40F1,2004,12.527422096890106,3,12.790193467690703,4
40F2,2004,13.484010475053015,3,11.71684381402764,4
40F3,2004,10.906255269621035,3,11.381796698573488,4
40F4,2004,9.742298988936597,3,11.609202938649368,4
40F5,2004,12.371530636891746,2,10.422081675797756,4
40F6,2004,10.183757958212505,2,11.07594744932792,4
40F7,2004,10.589923004413738,2,10.371797244778554,4
41E7,2004,11.890882719104761,3,11.004178446692936,4
41E8,2004,11.608628201982256,3,11.422351941941658,4
41E9,2004,12.09003333895675,3,12.541824325474913,4
41F0,2004,13.20452215412632,2,12.773213265576496,4
41F1,2004,14.34429426150735,2,12.496905743825057,4
41F2,2004,11.855705350585144,2,12.573201863778012,4
41F3,2004,11.224871251482874,2,11.455573445772552,4
41F4,2004,11.302345087334698,3,10.93151361254024,4
41F5,2004,11.022089190274986,2,11.401817350664432,4
41F6,2004,10.324099422935513,2,11.182430136147552,4
41F7,2004,10.712939619238668,2,10.965177614611676,4
42E7,2004,10.699593875084366,2,11.635425623103144,4
42E8,2004,10.671084373711611,2,11.803752932113335,4
42E9,2004,12.535682453772772,2,11.868297557874966,4
42F0,2004,12.18813327243504,2,12.479697225239338,4
42F1,2004,12.39997337369866,2,12.385157778038035,4
42F2,2004,11.239631467068806,2,11.789129588354971,4
42F3,2004,11.757988075549331,2,11.303249517940232,4
42F4,2004,11.736795019466499,2,11.611823775213988,4
42F5,2004,11.609294255495772,2,11.666117496550516,4
42F6,2004,12.810933776864053,1,10.732648557521975,4
42F7,2004,10.135754254233397,1,11.275087767418087,4
43E8,2004,12.371107197613949,2,12.05753190267659,4
43E9,2004,12.52393924639646,2,12.266762698155112,4
43F0,2004,11.778610919359597,2,11.949566647217985,4
43F1,2004,11.76857211114094,2,11.817356346283013,4
43F2,2004,11.142851553586745,2,11.412034622253612,4
43F3,2004,11.011700333742752,2,11.29799640612984,4
43F4,2004,11.777667682476151,2,10.775127032421192,4
43F5,2004,11.094651999596529,2,11.885720932113006,4
43F6,2004,10.861446297423214,2,11.978773161415972,4
43F7,2004,10.715031376146417,2,11.130268486939833,4
44E6,2004,11.338124330219873,2,12.151970603932384,3
44E7,2004,12.667630575155773,2,11.873469745575944,4
44E8,2004,12.367473415442522,2,12.596548785756418,4
44E9,2004,12.381650221874132,2,12.094508953990362,4
44F0,2004,11.317621958899496,2,12.103666687836172,4
44F1,2004,11.947989538487054,2,11.769736271348565,4
44F2,2004,11.628234577061953,2,11.106426888173235,4
44F3,2004,10.513478312907136,2,11.23930137900814,4
44F4,2004,9.257360776878992,1,12.17643208177143,4
44F5,2004,13.294475493056888,2,11.312446824399304,4
45E6,2004,11.864614674607736,2,12.093467105605152,3
45E7,2004,11.923666562033644,2,12.629165705676817,4
45E8,2004,12.96580714838182,2,12.334936268008255,4
45E9,2004,12.169001195222972,2,12.319861221843585,4
45F0,2004,12.306416071623909,2,12.149130384971288,4
45F1,2004,12.364516438291869,2,11.651962373697291,4
45F2,2004,10.821388147712003,2,12.339114869157024,4
45F3,2004,13.05990982834886,2,11.771587377395932,4
45F4,2004,13.120106838645544,2,11.365531282113508,4
46E6,2004,NA,0,12.639272435406278,3
46E7,2004,13.018610424561938,2,12.612620889472229,3
46E8,2004,12.879603899333883,2,12.626079600999134,4
46E9,2004,11.625571445494474,2,12.594637245613832,4
46F0,2004,12.745381947470815,2,12.25751184977815,4
46F1,2004,11.532055736966198,2,12.491114640978811,4
46F2,2004,12.303798632925414,2,11.800766452360001,4
46F3,2004,12.631376210319043,2,12.524597137038384,4
47E6,2004,NA,0,12.351411248112099,3
47E7,2004,13.034592207049162,2,12.304656974281812,3
47E8,2004,12.8943293855583,2,12.81562886721142,4
47E9,2004,12.584561940427662,2,12.960132608363951,4
47F0,2004,13.566004145028018,2,12.697913867781704,4
47F1,2004,12.55076154522715,2,12.787240950413645,4
47F2,2004,12.218245714442762,2,12.35245417424816,4
47F3,2004,12.516434372436496,2,12.681232231107954,4
48E7,2004,11.001031112725196,1,12.391038290474382,3
48E8,2004,12.76375742203497,2,12.25618779949938,4
48E9,2004,13.75462545737501,2,12.675751147496996,4
48F0,2004,12.910950038001186,2,13.566131680185736,4
48F1,2004,13.832658205217601,2,12.418894107555149,4
48F2,2004,12.038822146403584,2,12.867882812857022,4
48F3,2004,13.836484853266427,2,12.62556339749902,4
49E8,2004,11.374765242339013,1,11.762350468753798,4
49E9,2004,12.443735189524167,2,12.32134915793389,4
49F0,2004,13.111238913122316,1,12.318219456539564,4
49F1,2004,12.175042700588673,2,12.687507825078775,4
49F2,2004,11.584142478501299,2,12.79708305456715,4
49F3,2004,14.362854592654703,2,12.649965692921185,4
50E8,2004,10.797142244556834,1,11.371877200049617,4
50E9,2004,11.044767018899218,2,11.730657890561222,4
50F0,2004,11.743149898044233,2,12.396263143605125,4
50F1,2004,12.221991703473883,2,12.49363601379784,4
50F2,2004,12.611612778621636,2,11.834845981811203,4
50F3,2004,12.567622661295378,2,12.381059233437973,4
51E8,2004,11.12937230884058,2,11.746892108125198,4
51E9,2004,11.938604230119656,2,11.544584127805429,4
51F0,2004,13.207054938925086,1,12.042814956249982,4
51F1,2004,13.44473867793682,1,12.034455906104364,4
51F2,2004,10.965627083974255,1,12.71149145533193,4
31F1,2005,11.485635110201837,2,10.428415639459462,4
31F2,2005,11.738081667981735,2,10.848947724121816,4
32F1,2005,10.135680514578883,4,10.280589107920196,4
32F2,2005,10.513322498428135,2,10.732933975510184,4
32F3,2005,11.26115277327841,3,10.621088126326832,4
33F1,2005,9.3265778768491,2,9.913766655024302,4
33F2,2005,9.79682094620171,2,10.404209328555934,4
33F3,2005,11.431006515366768,4,10.842552310445619,4
33F4,2005,10.743202545310712,2,11.322419205450887,4
34F1,2005,9.376634735736879,2,9.759674806874564,4
34F2,2005,10.345930423579736,3,10.294057863561168,4
34F3,2005,11.569032976991648,3,10.818814893620603,4
34F4,2005,11.028484556166719,2,11.15286073771113,4
35F0,2005,10.910656275019186,2,10.337623061965033,4
35F1,2005,8.45553465205023,1,10.606342792082293,4
35F2,2005,10.433742795314435,3,10.167749366549609,4
35F3,2005,10.469838079369188,2,11.37569816303176,4
35F4,2005,11.829369349172968,3,11.066188549737014,4
36F0,2005,11.813985497814347,2,11.179431043652702,3
36F1,2005,11.704337362258673,3,11.177284215172262,4
36F2,2005,11.39969431119928,2,11.484089439654717,4
36F3,2005,11.670647530647994,3,11.121631167579453,4
36F4,2005,11.095784032764156,2,11.535964380718925,4
36F5,2005,11.614065445622465,2,11.043601291769358,4
36F6,2005,10.895463674725686,2,11.316339704174778,4
36F7,2005,11.426286425267204,2,11.142534690518676,4
37E9,2005,NA,0,11.739305405429118,4
37F0,2005,10.923299493680245,1,12.36191001331136,3
37F1,2005,13.039922399625192,2,11.158272748367015,4
37F2,2005,12.127630070397762,3,11.414316215851542,4
37F3,2005,11.52120824698519,3,11.702596068499819,4
37F4,2005,11.029775197432274,2,11.386033801193024,4
37F5,2005,11.153382262155317,2,11.432483671087786,4
37F6,2005,11.071624683654129,2,11.248688128811894,4
37F7,2005,11.945105750079247,2,10.76128789131086,4
37F8,2005,10.657944653615642,2,11.347850487482741,4
38E9,2005,11.98811448772733,2,12.045365310859967,3
38F0,2005,12.231822142494545,2,11.475559327679013,4
38F1,2005,9.877824067131375,2,11.518330298511055,4
38F2,2005,9.696439905596508,3,10.985187780432696,4
38F3,2005,11.982331475521244,3,11.154718015225363,4
38F4,2005,11.773760662867433,2,11.63564880203866,4
38F5,2005,12.014469357642277,2,11.253453816448351,4
38F6,2005,11.000800828287327,3,11.057482488837636,4
38F7,2005,9.88929580270646,2,11.568507724144558,4
38F8,2005,12.130713971878055,1,10.699151952794164,4
39E8,2005,11.849628129597635,2,11.402010392551023,4
39E9,2005,12.05464566048772,2,11.954988099884787,4
39F0,2005,13.112999262177105,2,11.876338003036892,4
39F1,2005,11.105136746327974,3,11.181012525038964,4
39F2,2005,9.952965508680407,3,11.193327121835349,4
39F3,2005,11.627463245452326,3,10.912624717146194,4
39F4,2005,11.516019177558842,2,11.344145499136175,4
39F5,2005,11.085871512483326,2,11.726763398337855,4
39F6,2005,11.254540111347673,3,11.012588209359063,4
39F7,2005,11.197410346333601,3,10.765889381232522,4
39F8,2005,11.051957008520949,1,11.021296180818283,4
40E8,2005,10.696070901951963,2,11.362992057430818,4
40E9,2005,10.869210520037079,2,11.459460353116008,4
40F0,2005,12.113747462837326,3,12.170615676947095,4
40F1,2005,11.780261262166972,3,12.187620313359846,4
40F2,2005,12.344268589964585,3,10.890680507704298,4
40F3,2005,10.199182706824283,3,11.444873437297202,4
40F4,2005,10.889486575741612,3,11.338708449179087,4
40F5,2005,12.122024946802625,2,11.049131907213216,4
40F6,2005,10.766270150331993,2,11.329037891160695,4
40F7,2005,10.86776460235501,3,10.838885773757825,4
41E7,2005,12.538603102349548,3,11.035162427810835,4
41E8,2005,10.194526477739007,3,11.576406847396132,4
41E9,2005,10.973377387187023,3,11.48717342328821,4
41F0,2005,12.919991663407224,3,12.116642340207838,4
41F1,2005,13.1873284543095,3,12.136533250946155,4
41F2,2005,11.63031255314553,2,11.77691282281289,4
41F3,2005,10.918275338030284,3,11.05310096090436,4
41F4,2005,11.517606965530595,3,11.11829610162319,4
41F5,2005,11.454899390295932,2,11.689703766385842,4
41F6,2005,11.071821904137476,2,10.956332653892487,4
41F7,2005,10.320040694228233,3,10.942848091296412,4
42E7,2005,11.15247633345637,2,11.697452725598344,4
42E8,2005,12.097575998095998,2,11.317768291843432,4
42E9,2005,11.96496503196953,2,11.77641596920769,4
42F0,2005,12.1921160564975,2,12.431661901791998,4
42F1,2005,12.215567525064893,2,12.048231039199607,4
42F2,2005,10.65777890894719,2,11.527465260943188,4
42F3,2005,10.865301618117032,2,10.811074031671485,4
42F4,2005,11.210523102424936,2,11.313376370718778,4
42F5,2005,12.047361249072672,2,11.219860319094206,4
42F6,2005,11.284120380713789,2,11.643900098914061,4
42F7,2005,10.547685477979377,4,11.049106718106053,4
43E8,2005,11.959105324208824,2,11.501981947730336,4
43E9,2005,11.842594435050241,2,12.097470673881206,4
43F0,2005,12.62612338672634,2,12.117225702896327,4
43F1,2005,12.155700737044235,2,12.261661523149096,4
43F2,2005,11.3986793474453,2,11.10931332998181,4
43F3,2005,10.457718777283532,2,10.80841739206992,4
43F4,2005,10.823235650154817,2,11.029261615735397,4
43F5,2005,10.929898402942168,2,11.913351882050646,4
43F6,2005,12.90873176446672,2,10.94290792029495,4
43F7,2005,9.683534033015468,2,11.26514457934703,4
44E6,2005,12.709550026925157,2,11.733684892546666,4
44E7,2005,11.766949804431295,2,11.39876743010241,4
44E8,2005,10.300807553343812,2,11.966940909446784,4
44E9,2005,11.839688952620131,3,11.745573169341043,4
44F0,2005,12.278491582993329,2,11.940316324782685,4
44F1,2005,12.806275833359852,2,11.512842009764885,4
44F2,2005,11.16605489665228,2,11.113150534125875,4
44F3,2005,10.14645295256253,2,11.40832292474893,4
44F4,2005,11.518906180290955,2,10.956492935336607,4
44F5,2005,11.874078864508373,2,11.063561126877161,4
45E6,2005,11.094588232415205,2,12.26715167016257,4
45E7,2005,11.490123907725469,2,11.862353178439585,4
45E8,2005,12.302019556526881,2,11.595546800402735,4
45E9,2005,12.56039910597679,2,11.382672908713726,4
45F0,2005,10.489177126424423,2,12.311464707348886,4
45F1,2005,10.451120822369699,2,11.630691643565378,4
45F2,2005,10.101194003135817,2,11.393613737991553,4
45F3,2005,12.490611844768953,2,11.17732897152484,4
45F4,2005,10.982204274120708,2,11.908858908475686,4
46E6,2005,12.583077625614692,1,11.512568801463592,4
46E7,2005,12.285855120384959,2,11.933508562132673,4
46E8,2005,12.030856634564866,3,11.853544300345817,4
46E9,2005,10.899805999283469,2,12.577446818911847,4
46F0,2005,13.955847318055723,2,11.80879414048474,4
46F1,2005,13.126119611341423,2,11.957949543874168,4
46F2,2005,11.466667388175278,2,12.123071712993712,4
46F3,2005,13.479464656280308,2,11.863078555454408,4
47E6,2005,11.03985577242854,1,12.039872602410073,4
47E7,2005,11.629976080625667,2,11.728197250254107,4
47E8,2005,11.926496525187957,2,12.445894301563431,4
47E9,2005,11.762684217050008,2,12.025563164436177,4
47F0,2005,12.720073824889642,2,12.513156741109935,4
47F1,2005,11.958162646895975,2,12.691180579796152,4
47F2,2005,11.7855085812173,2,11.656223765049209,4
47F3,2005,11.709526407656103,2,12.19447024383643,4
48E7,2005,11.660581583014972,1,12.79838501081251,4
48E8,2005,14.360060274013186,2,12.576650583192304,4
48E9,2005,12.55587630838364,2,13.165216633339641,4
48F0,2005,12.375932782438031,2,12.593844993457443,4
48F1,2005,13.133020301736241,2,12.071343604086408,4
48F2,2005,11.490538617469475,2,11.98714238321245,4
48F3,2005,12.022369120378631,2,11.891216677526632,4
49E8,2005,14.163647916182649,2,13.207094042326942,4
49E9,2005,14.162189259857339,2,12.786707195221044,4
49F0,2005,11.966409538820251,2,12.609120763629253,4
49F1,2005,12.460740369542147,2,12.26030183477097,4
49F2,2005,11.007671529517626,2,12.198247493364676,4
49F3,2005,13.357130155463324,2,11.52778713183039,4
50E8,2005,11.845231617939605,1,12.841368565677861,4
50E9,2005,12.460895017497634,2,12.422271580160126,4
50F0,2005,11.437620642679496,2,12.347399690195736,4
50F1,2005,12.934105969009762,2,11.810649580064808,4
50F2,2005,11.48458083098376,2,11.882924501859321,4
50F3,2005,11.596527046441546,1,11.960693994608265,4
51E8,2005,12.496886528867096,1,12.14458991776415,4
51E9,2005,12.244044800164064,2,12.207800349939909,4
51F0,2005,12.0281882354553,1,12.000554234348757,4
51F1,2005,11.859656477053832,1,12.098327077403226,4
51F2,2005,11.993393462468351,1,11.968717580872225,4
31F1,2006,10.547239388841017,2,10.638499519886247,4
31F2,2006,10.855823023817205,2,10.622995258083453,4
32F1,2006,10.575629069969374,2,10.248256084512317,4
32F2,2006,11.297501773074332,4,10.206575464421377,4
32F3,2006,10.071610800449086,3,10.239853481453457,4
33F1,2006,9.825044212684077,2,9.576504037109427,4
33F2,2006,9.323238963449839,2,10.336330688884757,4
33F3,2006,10.29665397883196,3,10.009952057436724,4
33F4,2006,10.042019210457694,3,10.642954506917517,4
34F1,2006,8.481025324069835,1,9.618516275352878,4
34F2,2006,9.926122790948657,2,9.889478353087329,4
34F3,2006,10.602939255390279,3,10.42728133107322,4
34F4,2006,11.600613992998744,3,10.555231997261634,4
35F0,2006,9.794850104939922,1,10.373819313796288,4
35F1,2006,8.928047992838856,2,10.2933644491207,4
35F2,2006,11.150709869439364,2,10.159231098212608,4
35F3,2006,9.885734561513516,2,11.201718645888556,4
35F4,2006,11.690234961685046,3,10.763545444404713,4
36F0,2006,12.339331440242784,3,10.942878451800777,3
36F1,2006,11.746872498033678,3,11.502790448663621,4
36F2,2006,11.897019047549405,3,11.59412018433952,4
36F3,2006,11.362990497039537,3,11.12083336869606,4
36F4,2006,10.204842726067056,3,11.358975878666742,4
36F5,2006,10.41142252420008,2,10.18072235854088,4
36F6,2006,8.006646712419872,3,10.211679755725934,4
36F7,2006,9.043858364267473,2,9.397086841212953,4
37E9,2006,NA,0,11.789039263907863,4
37F0,2006,11.286912752428728,3,12.412151252824446,3
37F1,2006,12.84676331402344,2,11.504945067798129,4
37F2,2006,12.115907872845504,2,11.61016643993727,4
37F3,2006,12.495737139654263,3,11.861066097840325,4
37F4,2006,11.971255531742303,3,11.284101368872172,4
37F5,2006,10.540144463934292,2,11.454657129324918,4
37F6,2006,10.851293670501889,2,10.0163118746142,4
37F7,2006,10.152897338307355,2,9.604822867283529,4
37F8,2006,8.577509643622694,2,9.66378810747893,4
38E9,2006,11.47955385875283,2,11.921705066134168,3
38F0,2006,12.050359004207113,3,11.675164413259076,4
38F1,2006,10.870087147884606,3,11.76255601008922,4
38F2,2006,9.201146258521973,2,11.476761095444223,4
38F3,2006,11.994110489733956,2,11.122698728326965,4
38F4,2006,11.895681145833073,2,11.93845773560064,4
38F5,2006,12.584656790855401,2,11.296895540415735,4
38F6,2006,11.36555898379528,3,11.140832233594622,4
38F7,2006,9.94662979074206,3,10.211910232636338,4
38F8,2006,9.511766936598825,1,9.466188441029159,4
39E8,2006,11.276751123256153,2,12.313515871193365,4
39E9,2006,12.438005070939235,3,12.131482821681141,4
39F0,2006,13.06410389397014,3,12.408285279236344,4
39F1,2006,12.951955463604355,3,11.715269038166682,4
39F2,2006,10.926938871312824,3,11.174070779952705,4
39F3,2006,10.898230369298549,2,11.312348032849348,4
39F4,2006,11.2038081300709,2,11.118826788286995,4
39F5,2006,11.386197568100291,2,11.748276256442242,4
39F6,2006,11.180748682279143,3,11.204897266365172,4
39F7,2006,9.817417671843893,3,10.058610591481543,4
39F8,2006,9.52319665790799,1,9.714920408545439,4
40E8,2006,12.630982144335956,2,12.087648458954831,4
40E9,2006,12.705522410745441,2,12.354597720204053,4
40F0,2006,12.19282157819467,3,12.614906696878773,4
40F1,2006,11.999946239499154,3,12.283552507681836,4
40F2,2006,11.644951028385943,3,11.434501574904084,4
40F3,2006,11.12453464027971,3,11.002216897202171,4
40F4,2006,10.295198069916067,3,11.458855378930728,4
40F5,2006,12.023891422563525,2,11.415789001881326,4
40F6,2006,12.250414841721224,2,10.99300832686508,4
40F7,2006,9.583867234996976,2,10.914162442150827,4
41E7,2006,12.366884937370369,3,12.273514228505892,4
41E8,2006,12.001435364447362,3,12.296130613912602,4
41E9,2006,12.156582087346353,3,12.432066704141945,4
41F0,2006,12.690054243300354,3,12.23556655152106,4
41F1,2006,12.34448196054238,2,12.312630109406832,4
41F2,2006,11.686586548524648,2,11.650030379851126,4
41F3,2006,11.170488121208127,2,11.447306585870013,4
41F4,2006,11.483187322808778,3,11.188549355458074,4
41F5,2006,11.731345527787717,2,11.612734563483428,4
41F6,2006,11.183525967620675,2,11.273384592118369,4
41F7,2006,10.40529128741752,2,10.428406237439138,4
42E7,2006,12.431566118642515,2,12.282376162113392,4
42E8,2006,12.030073286597736,2,12.37384183530065,4
42E9,2006,12.331254798074621,2,12.384041873577651,4
42F0,2006,12.248380580000838,2,12.521410487783049,4
42F1,2006,12.87393340630317,2,11.934835461322637,4
42F2,2006,11.440200409268051,2,11.799957848235472,4
42F3,2006,11.494917831866914,2,11.289003448308712,4
42F4,2006,11.557165702920383,2,11.439467957189063,4
42F5,2006,11.760333540940735,2,11.35406533236501,4
42F6,2006,10.706486711547019,1,11.165776765001386,4
42F7,2006,10.239745035591882,2,10.567620627173607,4
43E8,2006,12.731111060038103,2,12.337559916262915,4
43E9,2006,13.101131540365682,2,12.369534171471564,4
43F0,2006,12.190399503454053,2,12.26222422828386,4
43F1,2006,11.706278895479276,2,11.968754254961127,4
43F2,2006,11.144393606247156,2,11.170379281490867,4
43F3,2006,10.98815955983829,2,11.1646845640418,4
43F4,2006,11.019433133139826,2,11.148321719137488,4
43F5,2006,11.421263387204927,2,11.468455538915325,4
43F6,2006,11.479502515852253,2,10.855376264589516,4
43F7,2006,9.679201993877633,1,10.707756387602169,4
44E6,2006,11.626716477218263,2,12.29356655459189,3
44E7,2006,12.711920195124431,2,11.82565264720833,4
44E8,2006,11.507114642963815,2,12.52699367495481,4
44E9,2006,12.225371324319479,2,12.05815391450978,4
44F0,2006,11.993105897289645,2,12.107725129443143,4
44F1,2006,11.666290503840127,2,11.620631403390746,4
44F2,2006,10.546878261377845,2,11.215162526662128,4
44F3,2006,10.999993684913303,2,10.985863554188818,4
44F4,2006,10.626698226586356,2,11.292985107682243,4
44F5,2006,11.614552965728487,2,11.151338848469617,4
45E6,2006,12.404985725881271,2,11.74413580284721,3
45E7,2006,11.76379374276997,2,12.349593807474081,4
45E8,2006,12.439572120337226,2,11.851258577338173,4
45E9,2006,11.631263577419983,2,12.032574796036894,4
45F0,2006,12.348839186158916,2,12.367150138809484,4
45F1,2006,12.236262559416218,2,11.672510118137739,4
45F2,2006,11.049972311647927,2,11.437077973618658,4
45F3,2006,11.781718168952777,1,11.064736885792,4
45F4,2006,11.537960646947358,2,11.019857745027963,4
46E6,2006,NA,0,11.849667983521632,3
46E7,2006,11.841897188553393,2,11.85625904169971,3
46E8,2006,12.502862346198928,2,11.888032671407682,4
46E9,2006,11.116516553331953,2,12.489608273786523,4
46F0,2006,13.607968521112086,2,11.571805930012125,4
46F1,2006,11.624938470903984,2,11.963366837531963,4
46F2,2006,11.18345290472779,2,11.837739921788339,4
46F3,2006,10.671020899659412,2,12.502165782418874,4
47E6,2006,NA,0,11.688239121007376,3
47E7,2006,11.302121036130231,2,11.97224705010002,3
47E8,2006,12.154144823408158,2,12.085626551371533,4
47E9,2006,12.216338650415091,2,11.557789964151155,4
47F0,2006,11.196929509653652,2,12.25393676022635,4
47F1,2006,10.825783364871757,2,12.413970299711245,4
47F2,2006,14.00502800494203,2,12.013707858791298,4
47F3,2006,13.038464051052904,1,12.437020321265654,4
48E7,2006,11.920699138338506,1,13.154902165503117,3
48E8,2006,12.321184172741884,2,12.919953554898688,4
48E9,2006,11.763568970210855,2,12.037474897943628,4
48F0,2006,12.365656504506468,2,11.952875958929388,4
48F1,2006,12.828985213345318,2,11.917384437598294,4
48F2,2006,13.007131114512738,2,12.691697075325678,4
48F3,2006,12.064901265948436,2,12.508108916500573,4
49E8,2006,15.841401287637234,1,10.878605953197868,4
49E9,2006,11.246720264111072,2,12.401660877914615,4
49F0,2006,12.022020142507728,2,11.751653016679917,4
49F1,2006,11.470966766502213,2,12.40716899477655,4
49F2,2006,11.867873817066926,2,12.400044530287397,4
49F3,2006,12.118966683369724,2,12.459444360414269,4
50E8,2006,9.966866264635874,1,12.346725834390092,4
50E9,2006,9.979653111302643,2,11.330286321211538,4
50F0,2006,11.923268531599911,2,11.839561311026902,4
50F1,2006,12.909796806186225,2,12.494788447752121,4
50F2,2006,13.003113556764912,2,12.484230764934676,4
50F3,2006,12.9018888018768,2,12.311829422952579,4
51E8,2006,11.381558714121196,2,11.144396196137206,4
51E9,2006,12.1842902244993,2,10.943713318542681,4
51F0,2006,12.446775184111011,2,11.917254200885827,4
51F1,2006,13.581804936141452,2,12.384301039126477,4
51F2,2006,12.257363634608756,2,13.099151025242348,4
31F1,2007,11.1803578015846,3,11.10912464560668,4
31F2,2007,12.11770550359697,1,10.665583286502413,4
32F1,2007,11.593061254508367,3,10.332256880663428,4
32F2,2007,10.512026126802969,2,10.627648154491695,4
32F3,2007,9.376887963113717,2,10.58207497111669,4
33F1,2007,10.213705697518417,2,9.899174779152117,4
33F2,2007,9.422937896747726,2,10.399875783815231,4
33F3,2007,11.22046722256429,3,10.461511758583457,4
33F4,2007,11.172868638351778,3,10.652826366508727,4
34F1,2007,8.927395876977126,1,10.547732152991316,4
34F2,2007,9.65330408837525,2,10.004198322076993,4
34F3,2007,11.873352536120608,3,10.275411389154717,4
34F4,2007,10.140597744236295,3,11.152620429527513,4
35F0,2007,11.117045271364024,2,11.21667043456207,4
35F1,2007,11.20687355470757,3,10.549481015706608,4
35F2,2007,9.793106978462514,2,10.837568439402716,4
35F3,2007,10.087276501443036,3,11.361569710288139,4
35F4,2007,11.476984042194633,2,10.814035409491913,4
36F0,2007,12.372036370540823,2,11.877529563158529,4
36F1,2007,12.360375936022763,2,11.98779003619793,4
36F2,2007,12.402819613085011,2,11.572140743061025,4
36F3,2007,12.3028352843748,3,11.386972322458977,4
36F4,2007,10.725432107913523,2,11.343016661566008,4
36F5,2007,10.481738668174154,2,10.700263123185046,4
36F6,2007,10.717874491814666,2,10.368936257170482,4
36F7,2007,10.310835857887334,2,10.63298568720159,4
37E9,2007,12.476248431697536,1,12.096438213267273,4
37F0,2007,11.556448613549794,2,12.36394891228025,4
37F1,2007,11.96943060645832,2,11.894192813232474,4
37F2,2007,11.832244773384025,2,11.866342012744473,4
37F3,2007,12.332361067394334,3,11.832407039266066,4
37F4,2007,11.110508651520444,3,11.433194223307556,4
37F5,2007,10.247237241491547,3,10.771524530762822,4
37F6,2007,10.435933261128895,2,10.76912497211794,4
37F7,2007,10.899648478914312,2,10.35477553739333,4
37F8,2007,10.478486516948486,2,10.477241844649217,4
38E9,2007,11.81918762855415,2,12.02006672737155,4
38F0,2007,12.638080240424326,2,11.869314279935661,4
38F1,2007,11.827701929973315,2,11.584971096501896,4
38F2,2007,10.760756764040227,2,11.546454057129981,4
38F3,2007,12.084039447784999,2,11.762539986418638,4
38F4,2007,12.42774647643082,2,11.540457635779605,4
38F5,2007,11.057917542227793,2,11.552157731283982,4
38F6,2007,11.211739676251238,3,10.788394988716302,4
38F7,2007,10.193846513608603,3,10.849218833085892,4
38F8,2007,10.504636528186623,1,10.355200777658322,4
39E8,2007,10.974251971386145,2,11.072456823760392,4
39E9,2007,11.991686265978192,2,11.530745965532404,4
39F0,2007,12.27391894766539,2,11.972602258586871,4
39F1,2007,10.97161677508471,3,11.477765493710809,4
39F2,2007,10.441830077377583,3,11.102116680835113,4
39F3,2007,11.52929563780917,2,11.052782887529103,4
39F4,2007,11.909364901585182,2,11.715331834739658,4
39F5,2007,12.321907530962324,2,11.473727560010365,4
39F6,2007,11.465882637899917,3,11.272782207778263,4
39F7,2007,10.7808506489914,3,10.780694440208089,4
39F8,2007,9.967619431084799,1,10.743690717256417,4
40E8,2007,9.4233280859853,2,11.27958810699489,4
40E9,2007,11.055625314523926,2,11.245466324948133,4
40F0,2007,12.289025752860253,2,11.88773722849936,4
40F1,2007,11.36761101982695,2,11.449997148144623,4
40F2,2007,11.146797546406349,2,10.985735013271668,4
40F3,2007,9.775897123368651,2,11.24632431030064,4
40F4,2007,10.582377693756321,3,11.158420851885381,4
40F5,2007,11.461745158328572,2,11.428563518378777,4
40F6,2007,10.776630974908091,2,11.388568615750454,4
40F7,2007,11.49542917823904,2,10.971079795403444,4
41E7,2007,12.055817714119083,2,10.805867865047157,4
41E8,2007,11.032657427950404,2,11.016869951004372,4
41E9,2007,11.277825194968782,2,11.781134960274127,4
41F0,2007,12.853793631981173,2,11.610353496039535,4
41F1,2007,11.392548518227184,2,12.090518936239693,4
41F2,2007,12.357601832513492,2,11.499796347425585,4
41F3,2007,11.726826363230721,2,11.291703081993456,4
41F4,2007,11.48667622425912,3,11.424259067952374,4
41F5,2007,12.033337873888367,2,11.807773829092394,4
41F6,2007,11.131217488534286,2,11.457313033390735,4
41F7,2007,11.195620069179999,2,11.254842814283206,4
42E7,2007,11.4569771373086,2,11.481846904236658,4
42E8,2007,11.310508808944324,2,11.550125424458209,4
42E9,2007,12.182463466641007,2,12.147925730377107,4
42F0,2007,11.482014518101922,2,12.427740636895418,4
42F1,2007,11.783069260637161,2,11.592205896227107,4
42F2,2007,11.733012961838089,1,11.896705737935877,4
42F3,2007,11.546637147832557,1,11.71368938974969,4
42F4,2007,11.354494340934089,1,11.967346274639016,4
42F5,2007,13.151456445247597,2,11.84041724630109,4
42F6,2007,11.823663215586482,2,11.786100861035425,4
42F7,2007,10.56906137477302,2,11.693409686069664,4
43E8,2007,11.528403665932819,2,12.526531312586968,4
43E9,2007,14.521354399493402,2,12.142565600937619,4
43F0,2007,12.891636188322328,2,12.665875096450204,4
43F1,2007,11.76124758674123,2,12.205079728236964,4
43F2,2007,11.899514710760297,2,11.95628614631617,4
43F3,2007,12.040423892995864,2,11.796877363722063,4
43F4,2007,11.684615281216791,1,11.556881863815875,4
43F5,2007,12.150173554795426,2,12.28729869469348,4
43F6,2007,12.2926681355868,2,11.863994752757502,4
43F7,2007,11.461687323925375,2,11.470253198781574,4
44E6,2007,10.91444467666011,2,11.740952198175004,4
44E7,2007,11.705784207891835,2,11.830355929946718,4
44E8,2007,12.56847783401831,2,11.899040738480567,4
44E9,2007,11.967759082854322,2,12.827170558771268,4
44F0,2007,12.898883881464258,2,12.169613751559636,4
44F1,2007,12.246098753228067,2,12.212704931928103,4
44F2,2007,12.2904601436895,2,11.547540127667096,4
44F3,2007,12.056742315078605,2,11.737383862017564,4
44F4,2007,10.682435666538119,1,12.05263333470645,4
44F5,2007,12.020454916722729,1,11.741486332089503,4
45E6,2007,11.808338646438832,2,12.005007593822965,4
45E7,2007,12.03016256266962,2,12.39105965295909,4
45E8,2007,12.39421599724329,2,12.084881947693564,4
45E9,2007,11.319966120109104,2,11.962529658375233,4
45F0,2007,11.572960981833825,2,12.22923728218419,4
45F1,2007,11.900228115817423,2,11.549948643730007,4
45F2,2007,9.987804731601416,1,11.947093918891767,4
45F3,2007,11.936215744846773,2,11.469220646974932,4
45F4,2007,12.448720825807674,1,11.514752110468883,4
46E6,2007,11.419523375699729,1,12.850046585256626,4
46E7,2007,13.6558997602624,2,12.550651460881316,4
46E8,2007,12.420921273977218,2,12.67181029562828,4
46E9,2007,11.915182571569495,2,12.288452722655299,4
46F0,2007,12.797871011345979,2,12.033125319527265,4
46F1,2007,12.392930108256717,2,12.158769139504628,4
46F2,2007,11.661471671213373,2,11.511277005686807,4
46F3,2007,11.383614715412035,2,11.947072552614351,4
47E6,2007,11.60394930314658,1,13.168198309467318,4
47E7,2007,14.331998631178692,2,12.81179084689384,4
47E8,2007,12.72194285343793,2,12.83931823080631,4
47E9,2007,12.615052485188894,1,12.182116234022745,4
47F0,2007,12.251427616449027,2,12.591846503248563,4
47F1,2007,12.275505759641739,2,12.278618584598227,4
47F2,2007,12.280758467477057,2,11.90313591808124,4
47F3,2007,11.909844326920197,2,11.89094809015113,4
48E7,2007,13.265371470728452,1,12.739618501041532,4
48E8,2007,11.989300532880431,1,12.715112938940333,4
48E9,2007,11.839911894634525,1,12.661414625648915,4
48F0,2007,12.67895675681764,1,12.070319089782165,4
48F1,2007,12.189358146210107,1,12.236491857181942,4
48F2,2007,11.76572191454965,2,11.877496331664261,4
48F3,2007,12.133697263165782,2,11.899088198971121,4
49E8,2007,13.033225536960424,1,12.316791314996486,4
49E9,2007,13.362348727708696,2,11.964173666537967,4
49F0,2007,12.000578701835002,2,12.544785896409104,4
49F1,2007,12.225782997718746,2,12.053186834617863,4
49F2,2007,10.906171449804098,2,12.29416184809897,4
49F3,2007,13.014615104610542,2,12.076513766090095,4
50E8,2007,12.932537466674908,1,12.622746024489828,4
50E9,2007,10.982978532721912,2,12.849628648726172,4
50F0,2007,11.912055103391335,2,12.036665191385032,4
50F1,2007,13.116639040622243,2,12.096795854030628,4
50F2,2007,12.170527375516944,2,12.353204943887896,4
50F3,2007,13.095658975873558,2,12.096416059795818,4
51E8,2007,13.283206731147224,1,12.288388446721886,4
51E9,2007,13.191573297129752,2,12.311296805226252,4
51F0,2007,12.046464490360968,2,12.041356218184621,4
51F1,2007,12.078817939495483,2,12.342377235906557,4
51F2,2007,12.294350309251683,2,12.615410832877057,4
31F1,2008,12.318073015575433,3,11.921485234811932,4
31F2,2008,11.631368247044126,3,12.432038578497128,4
32F1,2008,11.581209537166933,2,11.612889257213613,4
32F2,2008,13.94775483263226,2,11.188453892766823,4
32F3,2008,11.881116928613885,2,11.07183128244461,4
33F1,2008,10.525608322404413,2,10.237368434272142,4
33F2,2008,9.66012085824235,2,11.146061571940486,4
33F3,2008,10.352162565913602,2,10.736812454545156,4
33F4,2008,10.327286872990227,3,10.899559814782197,4
34F1,2008,9.949422774867616,1,10.795548369358114,4
34F2,2008,9.758720566811668,2,10.50846513887571,4
34F3,2008,11.07872515833416,3,10.561205638280654,4
34F4,2008,10.286234606267142,3,11.555746349772344,4
35F0,2008,11.567048765690778,1,11.40450318216059,4
35F1,2008,11.330815822525599,2,11.21432418255611,4
35F2,2008,11.345591764058717,2,11.244501936501894,4
35F3,2008,11.847704814130207,4,11.840834829958078,4
35F4,2008,12.969268553634782,3,11.29430274154422,4
36F0,2008,12.342540705641818,2,11.814627075477686,3
36F1,2008,11.995233425607331,2,12.035672800835155,4
36F2,2008,12.0407665425401,2,11.671762309073841,4
36F3,2008,11.969753843804654,3,11.911458635801857,4
36F4,2008,11.073517701974879,3,11.90779969178212,4
36F5,2008,11.423213414680312,3,11.202568496630906,4
36F6,2008,11.748948147334566,3,11.240170604787703,4
36F7,2008,11.741974686420537,2,11.311502460668112,4
37E9,2008,NA,0,12.193500739143758,4
37F0,2008,11.88159903513495,2,12.440717272742015,3
37F1,2008,12.428568132633103,2,11.83554098681062,4
37F2,2008,11.37647020282466,2,12.135209331903395,4
37F3,2008,12.68384548456224,2,11.82516554560386,4
37F4,2008,11.268962955008734,3,11.680800937987874,4
37F5,2008,10.718845182205444,3,11.446519195762443,4
37F6,2008,11.076649135844525,3,11.385181100669943,4
37F7,2008,11.849713163849804,3,10.908222139006075,4
37F8,2008,10.570699395643555,2,10.987558201575196,4
38E9,2008,11.998820235847145,2,11.869734509196263,3
38F0,2008,12.551042979951122,2,12.027639654799136,4
38F1,2008,12.088861283675545,2,11.942064007877873,4
38F2,2008,11.387657167878139,2,11.774205733104914,4
38F3,2008,12.685475180777388,2,11.883996237174843,4
38F4,2008,12.246995383208933,2,12.074919750969821,4
38F5,2008,12.017251277516202,2,11.489773478312877,4
38F6,2008,11.223217909289954,3,11.184126637796684,4
38F7,2008,10.243565338115685,3,11.482081072957856,4
38F8,2008,10.114979617914758,1,10.836381480997238,4
39E8,2008,11.724091812042875,2,11.082735250803426,4
39E9,2008,11.334068735594794,2,11.652012672776415,4
39F0,2008,12.141278064538906,2,11.845757719972594,4
39F1,2008,11.400987751049128,2,11.72946794286354,4
39F2,2008,10.946016265142063,3,11.250821931119791,4
39F3,2008,11.21748691305006,2,11.760540585726993,4
39F4,2008,12.327989590576959,2,11.40918545379362,4
39F5,2008,11.770035438547179,2,12.01388246865789,4
39F6,2008,11.399040799710326,3,11.680294502097636,4
39F7,2008,12.740413600776906,3,10.690801050840646,4
39F8,2008,9.790847589452808,1,11.107177258222778,4
40E8,2008,10.254191453095032,2,11.15498397069685,4
40E9,2008,10.743860578676733,2,11.313553912554255,4
40F0,2008,12.096931413295334,2,11.723311835872146,4
40F1,2008,11.741716158097649,2,11.71157976928835,4
40F2,2008,10.99715589250184,2,11.406223507858314,4
40F3,2008,11.082681306411562,3,11.008745950768189,4
40F4,2008,10.402224080368311,3,11.83433946797772,4
40F5,2008,12.311248206828072,2,11.361043036989857,4
40F6,2008,10.987511059776509,2,11.603037116032382,4
40F7,2008,11.329750476083767,2,11.561145795625212,4
41E7,2008,11.605170792959381,2,10.600337041446066,4
41E8,2008,10.546812699108417,2,11.130477279148604,4
41E9,2008,11.569024048231856,2,11.302793338325602,4
41F0,2008,12.266392542175298,2,11.976466313118916,4
41F1,2008,12.3512440203071,2,11.959556868787294,4
41F2,2008,11.854480301781983,3,11.551839250464804,4
41F3,2008,11.418116917152545,2,11.592335183406673,4
41F4,2008,11.615438768094293,3,11.367313562648132,4
41F5,2008,12.284401569267427,2,11.729163406955335,4
41F6,2008,11.372108981507363,2,11.42339532768038,4
41F7,2008,11.144549540440066,2,11.043664259731056,4
42E7,2008,10.506821191272667,2,11.268546078668315,4
42E8,2008,11.093522822308149,2,11.13410485600509,4
42E9,2008,11.65410753334196,2,11.736821292794414,4
42F0,2008,11.888665770641374,2,11.917934525460458,4
42F1,2008,11.975638473094243,2,11.813362596011764,4
42F2,2008,11.440840171897731,2,11.883691143220023,4
42F3,2008,11.816740357338855,2,11.538146809321606,4
42F4,2008,11.364511683804245,2,11.607770725562727,4
42F5,2008,11.617857671391612,2,11.4853888907927,4
42F6,2008,11.27711914123752,3,11.249960251979982,4
42F7,2008,10.195678440095573,2,11.13608735971028,4
43E8,2008,11.828678000297314,2,11.71382360921622,4
43E9,2008,12.396072529996275,2,11.84580421420779,4
43F0,2008,11.775599553230329,2,11.957897938067866,4
43F1,2008,11.572700421200853,2,11.848561076101582,4
43F2,2008,11.887905440665016,2,11.695010241433758,4
43F3,2008,11.929118464431905,2,11.508673667782995,4
43F4,2008,11.381046105426146,2,11.257650289613714,4
43F5,2008,11.015523168861609,2,11.83482663506279,4
43F6,2008,11.814195914925381,2,11.281833500211325,4
43F7,2008,10.308484842238148,3,11.107885759174636,4
44E6,2008,11.51156468770505,2,11.757603910237968,4
44E7,2008,11.524599788952392,2,11.82619201045808,4
44E8,2008,11.841099295608064,2,11.888753481716503,4
44E9,2008,12.124831769961558,2,12.006738204255077,4
44F0,2008,11.974153030432966,2,11.755573295383131,4
44F1,2008,11.755100837416744,2,11.771788375150718,4
44F2,2008,11.837381908204545,2,11.441622699270672,4
44F3,2008,10.949002767701966,2,11.727819604162338,4
44F4,2008,10.721447841357094,2,11.868387234953921,4
44F5,2008,12.526206848508023,3,11.4338275834561,4
45E6,2008,11.897361534237696,2,11.893684070422312,4
45E7,2008,12.05474252428151,2,11.98839574176681,4
45E8,2008,12.076904367654745,2,12.408890581342993,4
45E9,2008,11.815627960983003,2,11.666306722111253,4
45F0,2008,11.366761020923896,2,11.78435056085681,4
45F1,2008,11.70291814076451,2,11.477553847662008,4
45F2,2008,11.174481751298963,2,12.077628902540186,4
45F3,2008,12.423330202655805,2,11.936492379690435,4
45F4,2008,12.617293218179553,3,11.774743148324031,4
46E6,2008,11.553711793480275,2,12.026313568147721,4
46E7,2008,12.45471727622241,2,12.328874197132766,4
46E8,2008,13.924092544499395,2,12.131472794180288,4
46E9,2008,11.096729729904814,2,12.197984776530287,4
46F0,2008,11.644703111246763,2,11.475825448026713,4
46F1,2008,11.613871781008434,2,11.935175324837356,4
46F2,2008,12.34688535853588,2,11.879669562309129,4
46F3,2008,13.005191781581257,2,12.076613636762584,4
47E6,2008,11.970225535860898,2,12.047705939232108,4
47E7,2008,11.78294992626988,2,12.430481843994588,4
47E8,2008,12.897539802939182,2,12.389381542993572,4
47E9,2008,11.407515489391987,2,12.159305562284334,4
47F0,2008,11.825939260269706,2,12.05122218046921,4
47F1,2008,12.04619468880227,2,11.87804775910568,4
47F2,2008,11.725132935347865,2,12.044537309061129,4
47F3,2008,11.811106050510784,2,12.449726494683318,4
48E7,2008,12.399444760955863,2,12.246061062293322,4
48E8,2008,12.44296821181303,2,12.725524648787038,4
48E9,2008,12.817013456023632,2,12.383411751532112,4
48F0,2008,13.106475432435824,2,12.2675282412513,4
48F1,2008,12.347247059796711,2,12.441867261253709,4
48F2,2008,11.97396313839558,2,12.042222012330148,4
48F3,2008,13.094618123408567,2,11.805858034593403,4
49E8,2008,12.788100575229478,2,12.301772730049365,4
49E9,2008,12.576687872487604,2,12.307681988744145,4
49F0,2008,12.07991318891515,1,12.65363256987569,4
49F1,2008,12.64083578538116,1,12.106301788403258,4
49F2,2008,11.001889930767447,1,12.556019005621863,4
49F3,2008,12.436473018699802,1,12.423104044728975,3
50E8,2008,12.641734101088504,2,12.393381866653566,4
50E9,2008,11.545700734808317,2,12.51815053864663,4
50F0,2008,12.290531189198171,2,12.291793158907108,4
50F1,2008,12.996156974133726,1,12.715480290235906,4
50F2,2008,13.172804080010907,1,12.46430670774924,3
50F3,2008,NA,0,12.501510061956175,4
51E8,2008,12.67607716476423,2,12.324121391370076,4
51E9,2008,12.563648991812236,2,12.352228434608074,4
51F0,2008,12.545401737771243,2,12.289407755543028,4
51F1,2008,12.757750106353386,1,12.806740779862421,4
51F2,2008,13.394873218346543,1,12.975570386832674,3
31F1,2009,11.68109273184609,4,12.067367242303327,4
31F2,2009,13.638382608185562,2,11.473723833885295,4
32F1,2009,11.781236955180471,2,11.086844997858861,4
32F2,2009,12.027755752700346,4,11.410216828230597,4
32F3,2009,10.404809895814275,3,10.563209780027995,4
33F1,2009,10.822093653146927,3,10.793397263204708,3
33F2,2009,9.81643785374208,3,10.911795790379838,4
33F3,2009,10.014816774980506,4,10.850199309332904,4
33F4,2009,10.393828738689045,3,11.293763162783051,4
34F1,2009,NA,0,10.39954830386931,4
34F2,2009,10.782516980691573,2,10.893234262362549,3
34F3,2009,12.78572074908622,3,11.060466973861274,4
34F4,2009,11.969705231251202,3,11.705437467653656,4
35F0,2009,9.97419173265168,2,11.753618391683492,3
35F1,2009,10.019390848987062,2,10.416977902361557,3
35F2,2009,10.077544184259345,2,10.5792222634038,4
35F3,2009,11.474828908521816,4,11.735800500635259,4
35F4,2009,12.167371474317543,3,11.925561476270797,4
36F0,2009,14.04226653588977,2,10.51810223197702,3
36F1,2009,11.199197790173645,2,11.346922629920359,4
36F2,2009,10.040152315414751,2,11.529610967070816,4
36F3,2009,11.912565594877925,2,11.40257471422253,4
36F4,2009,12.345146170432248,2,11.902480419928379,4
36F5,2009,11.655667104227412,2,11.06159950936956,4
36F6,2009,8.538822815142552,2,11.363019333608664,4
36F7,2009,10.843457268454303,2,10.78310824285313,4
37E9,2009,NA,0,12.386186665598641,4
37F0,2009,10.380917173105736,2,12.742657323912512,3
37F1,2009,11.285880819389853,2,11.374695319085536,4
37F2,2009,12.929136298972352,2,10.924728325653804,4
37F3,2009,11.750171462521303,2,12.300825970721757,4
37F4,2009,11.874317506290634,2,12.16794760167659,4
37F5,2009,11.488111545612803,2,11.65045183915873,4
37F6,2009,11.464841416140139,2,10.891769074232572,4
37F7,2009,11.442875023918763,3,10.882608976443743,4
37F8,2009,11.685893716211066,2,10.295917290381272,4
38E9,2009,12.221738336941144,2,12.058051456537985,3
38F0,2009,12.899824616457916,2,11.309725015708253,4
38F1,2009,10.98953001409041,3,11.29438033981306,4
38F2,2009,10.622708705289313,3,11.6595254532805,4
38F3,2009,12.48728448274612,2,11.841469739273183,4
38F4,2009,13.088361228140002,2,11.926585046782224,4
38F5,2009,11.606981329976739,2,12.019862629523866,4
38F6,2009,12.097266912256172,3,10.909296202128424,4
38F7,2009,9.536243504969462,4,10.541968535971217,4
38F8,2009,9.361093364182562,2,10.180015369889023,4
39E8,2009,12.213625687515826,2,11.355078992771004,4
39E9,2009,11.060704065640213,2,11.860926906567212,4
39F0,2009,11.64671453869572,2,11.640414805851233,4
39F1,2009,10.369107218115154,2,11.155150515472151,4
39F2,2009,10.232151017313116,2,11.01869408279995,4
39F3,2009,11.904637561142113,2,11.301558824022681,4
39F4,2009,11.737756868115401,2,11.716797806650927,4
39F5,2009,11.405710832086484,2,11.352984862183932,4
39F6,2009,11.029118557427358,3,11.160056812096503,4
39F7,2009,9.266638843527371,3,10.116116248092819,4
39F8,2009,10.231285414848198,2,9.457948306951414,4
40E8,2009,10.776244505386497,2,11.466787629713604,4
40E9,2009,11.36162906311616,2,11.268126667541395,4
40F0,2009,12.232023323191651,2,11.439724122743236,4
40F1,2009,11.752206491789355,2,11.473263202994726,4
40F2,2009,11.17832284665322,2,11.069021042791263,4
40F3,2009,10.749042927916086,2,11.06009792733931,4
40F4,2009,10.468481605235112,2,11.14603199843652,4
40F5,2009,11.038082693216232,2,11.305870738172192,4
40F6,2009,11.870610660515982,2,10.695225570119446,4
40F7,2009,9.66781751512626,2,10.822599205674088,4
41E7,2009,11.273719946161854,2,10.836676931066417,4
41E8,2009,11.018175822060574,2,11.003986009227255,4
41E9,2009,11.00353477594722,2,11.421161469615107,4
41F0,2009,10.998346397371705,2,11.741614461813356,4
41F1,2009,12.11359942401888,2,11.381213454553698,4
41F2,2009,11.542683734146493,2,11.267411912692381,4
41F3,2009,10.688949696326791,2,11.268954584168766,4
41F4,2009,11.059245504498357,2,11.039490980122483,4
41F5,2009,11.478679854851192,2,10.985747067089878,4
41F6,2009,11.045883514707933,2,11.169967365035598,4
41F7,2009,11.107263803945063,2,10.307760964631624,4
42E7,2009,10.589842587405148,2,11.321632655189658,4
42E8,2009,10.96244480941345,2,11.486675762125117,4
42E9,2009,12.306494595911992,2,11.62430667936929,4
42F0,2009,11.617300324095677,2,11.707661123569542,4
42F1,2009,11.231617194907244,2,11.468822503081963,4
42F2,2009,11.088775683770637,2,11.412464523984582,4
42F3,2009,11.724846170114127,2,11.207911492690386,4
42F4,2009,11.521852764076836,2,11.030203107481011,4
42F5,2009,10.799776555936996,2,10.95634460632597,4
42F6,2009,10.223315140830156,3,10.635790554258639,4
42F7,2009,10.294027687862151,2,10.374649201885639,4
43E8,2009,12.032190043122757,2,11.895441554285728,4
43E9,2009,12.913946808020814,2,12.195349475463221,4
43F0,2009,12.294186306087227,2,11.914031431410141,4
43F1,2009,11.055614580442661,2,11.80736508070352,4
43F2,2009,11.150710996770464,2,11.100018517201278,4
43F3,2009,11.53206782658728,2,11.151472531344316,4
43F4,2009,10.536944199374563,2,11.095288833100625,4
43F5,2009,10.6015306655457,2,10.95010089954455,4
43F6,2009,10.403474458527475,3,10.662399398738721,4
43F7,2009,9.764543404239863,2,10.50702027279121,4
44E6,2009,10.497622251395772,2,11.821727131525641,4
44E7,2009,11.353073534233264,2,11.379666640958478,4
44E8,2009,12.352301065475386,2,11.823088245826888,4
44E9,2009,12.148526956730908,2,12.374490875664998,4
44F0,2009,12.06926401308141,2,12.33537773190603,4
44F1,2009,12.55294582504914,2,11.706641102834043,4
44F2,2009,10.72361597800453,2,11.554336741818993,4
44F3,2009,11.19338875911811,2,11.3395791080047,4
44F4,2009,10.725704076192681,2,11.478930196317014,4
44F5,2009,12.060208384339168,3,10.99733959588729,4
45E6,2009,11.281556809643796,2,11.684106473473559,4
45E7,2009,11.38718643731896,2,11.494929563342659,4
45E8,2009,11.758562449220621,2,12.143594391754906,4
45E9,2009,12.162451616082382,2,11.819817636330452,4
45F0,2009,12.345851839756847,2,12.240523702120843,4
45F1,2009,12.978069839807569,2,12.308786259873695,4
45F2,2009,11.320301386338263,2,11.96436323707852,4
45F3,2009,12.376928551234315,2,11.669607269392706,4
45F4,2009,12.125179442436217,2,11.583895219055835,4
46E6,2009,13.265091744906545,1,11.25206205242064,4
46E7,2009,11.586525460272956,2,12.169542438266529,4
46E8,2009,12.672438448142898,2,11.913821895203602,4
46E9,2009,11.026329299613435,2,12.035698845454089,4
46F0,2009,11.752309339512014,2,12.319521918171374,4
46F1,2009,13.01604598835053,2,12.43835903048903,4
46F2,2009,11.77883857926766,2,12.32638891032186,4
46F3,2009,12.039559489678236,2,12.36036011157349,4
47E6,2009,10.786712817068098,1,12.11670681311104,4
47E7,2009,11.353453122697712,2,11.97971639340385,4
47E8,2009,13.283870371707398,2,12.211671453674569,4
47E9,2009,11.555595978079065,2,12.416976056564865,4
47F0,2009,12.88986054496468,2,12.134492097012256,4
47F1,2009,13.244218363368878,2,12.59522892713305,4
47F2,2009,12.929648776920407,2,12.40675440047104,4
47F3,2009,12.356024538871576,2,12.316652537526526,4
48E7,2009,12.26175692456695,1,12.015436285587459,4
48E8,2009,13.265198265778597,2,12.667463060763431,4
48E9,2009,12.467844009973948,2,12.267637012262975,4
48F0,2009,11.98584470708907,2,12.563998167697758,4
48F1,2009,11.545360398296584,2,12.42919412773612,4
48F2,2009,12.247936120376046,2,11.958074107459016,4
48F3,2009,12.049465763131412,2,11.776420968991221,4
49E8,2009,12.656380936805432,1,12.095176884898974,4
49E9,2009,12.26390909810517,2,12.459657889347929,4
49F0,2009,13.352927717555822,2,12.489970439057277,4
49F1,2009,12.238777320110483,2,12.286995768306141,4
49F2,2009,11.30782149148766,2,11.796279283176393,4
49F3,2009,11.193901725229601,2,11.868567331575965,4
50E8,2009,11.490121282655616,1,11.58657816294792,4
50E9,2009,11.36147889305651,2,12.114274082234312,4
50F0,2009,13.471350630924388,2,12.282999755053108,4
50F1,2009,12.941873465884498,2,12.519771156514263,4
50F2,2009,11.50450196698944,2,12.265907318151598,4
50F3,2009,12.61248010469535,2,11.551919848561397,4
51E8,2009,11.096737504677662,2,11.38975860916995,4
51E9,2009,11.231715317252071,2,11.356014156026347,4
51F0,2009,11.475718943715604,2,12.232249887316428,4
51F1,2009,12.864454708032742,2,12.522599312765843,4
51F2,2009,12.201454210538884,2,12.480827561400508,4
31F1,2010,11.39008999147881,3,10.525024299150203,4
31F2,2010,11.921311481121146,1,10.686564942383734,4
32F1,2010,10.575161198203123,2,10.569886727776682,4
32F2,2010,11.052261627649706,2,10.877763008469735,4
32F3,2010,9.728746952203297,1,11.299155153779907,4
33F1,2010,8.551362889626839,1,10.326113809082312,4
33F2,2010,11.285832402351375,2,10.501054518506697,4
33F3,2010,11.279871186881813,2,10.940333424031238,4
33F4,2010,11.57865539823673,3,10.855903679554146,4
34F1,2010,8.32273926590632,2,9.834332438415498,4
34F2,2010,11.120722369868432,2,10.276212577419006,4
34F3,2010,11.168098943333552,4,11.153812808311741,4
34F4,2010,11.246897635797923,3,11.134287363805033,4
35F0,2010,10.275539662871743,1,11.276559656648722,4
35F1,2010,9.389704831294978,1,10.39953759267755,4
35F2,2010,10.32817969808478,2,11.062184920606516,4
35F3,2010,10.967760040698794,3,11.03413525649512,4
35F4,2010,10.822635072951057,3,11.331662965272752,4
36F0,2010,14.722102785546236,1,12.011827305112726,3
36F1,2010,12.671691743847356,1,12.336888446951239,4
36F2,2010,12.770552440563856,2,11.917559704876561,4
36F3,2010,11.817627311611087,3,11.928455308928655,4
36F4,2010,11.2943668729832,3,11.2236966499486,4
36F5,2010,10.296748550197751,2,11.104834800536345,4
36F6,2010,9.82241412073457,2,10.550673891001473,4
36F7,2010,9.702820265311429,2,10.31313377327105,4
37E9,2010,NA,0,13.26876704626391,4
37F0,2010,13.088250508619078,1,13.573922934237082,3
37F1,2010,12.465193730399882,2,12.43949996626866,4
37F2,2010,12.852740065963022,2,11.953115750562157,4
37F3,2010,12.681141881468772,4,12.314473821554063,4
37F4,2010,11.957775665034506,3,11.837371962247381,4
37F5,2010,11.344782543393105,2,11.143131999790569,4
37F6,2010,10.85834420510361,2,11.02200011319771,4
37F7,2010,10.873625230515504,3,9.650838550076749,4
37F8,2010,9.698151536730517,2,8.806383716981893,4
38E9,2010,11.730242604125197,1,12.974869756266113,3
38F0,2010,13.53447228676513,1,12.209679266794257,4
38F1,2010,11.145317546645183,1,11.636801338256925,4
38F2,2010,9.895574949816115,2,11.698689123411711,4
38F3,2010,12.629752243607635,2,11.296161113739974,4
38F4,2010,12.029196551144452,1,12.068879494477079,4
38F5,2010,11.459659578826411,1,11.93160975292244,4
38F6,2010,12.047178558147662,2,10.578365808766556,4
38F7,2010,8.344038193161442,2,9.893135840346535,4
38F8,2010,6.305051178939194,1,9.388661234676416,4
39E8,2010,12.68307381917041,1,12.127064840622301,4
39E9,2010,12.707063162862797,1,12.638383312193355,4
39F0,2010,12.87490640778757,1,12.161299227867453,4
39F1,2010,10.651964386046572,2,11.396072582480556,4
39F2,2010,10.166946637431,2,10.524214006168133,4
39F3,2010,10.578731072530553,1,11.216730971061379,4
39F4,2010,12.228330490439765,1,11.391697328333446,4
39F5,2010,12.305281359004548,1,11.876577644006577,4
39F6,2010,11.65142125797476,2,11.583204572741037,4
39F7,2010,10.34668839378378,3,9.907572175356362,4
39F8,2010,9.16576681502993,1,8.866210050285932,4
40E8,2010,10.80564317781097,1,12.126290635740997,4
40E9,2010,13.265310417690245,1,11.713652337579688,4
40F0,2010,11.75169707579531,2,12.275686786317323,4
40F1,2010,11.397119738058471,2,11.698247013705693,4
40F2,2010,10.97058561627929,2,10.933480726917193,4
40F3,2010,9.841894512767118,2,10.88546870043587,4
40F4,2010,10.653580330654234,2,11.4236643438898,4
40F5,2010,12.166899248785374,1,11.457885503297037,4
40F6,2010,11.63366998002816,2,11.458134349720545,4
40F7,2010,10.469062435259316,2,11.435696457292241,4
41E7,2010,11.283449720508333,2,11.492695552520274,4
41E8,2010,11.273328585595003,2,11.383631868642949,4
41E9,2010,11.590205933849678,2,12.046613131283001,4
41F0,2010,11.565410581733001,2,11.901861274399796,4
41F1,2010,13.4187409767016,2,11.68724245828015,4
41F2,2010,12.327962019412183,2,11.645710916119919,4
41F3,2010,11.338977782279404,2,11.484280877173859,4
41F4,2010,11.45753312356695,2,11.336134136177488,4
41F5,2010,11.239010343501207,1,11.627096496390728,4
41F6,2010,11.54515445686273,1,11.426426313063304,4
41F7,2010,12.217272998494298,1,10.675684226923778,4
42E7,2010,12.036581804272307,2,11.492921515440317,4
42E8,2010,11.855228642402817,2,11.737998110809045,4
42E9,2010,12.082402940113756,2,11.821050173560554,4
42F0,2010,10.8468011112526,2,11.713670813310875,4
42F1,2010,11.458477493916945,2,11.833952956598697,4
42F2,2010,10.854539289219382,2,11.819131445957177,4
42F3,2010,12.309733852949181,2,11.37521022130354,4
42F4,2010,12.112968088275107,1,11.408369348322653,4
42F5,2010,11.338799156347857,2,11.678899865175916,4
42F6,2010,10.615751930229555,2,10.835365250786587,4
42F7,2010,10.072768085343515,2,10.813555976250777,4
43E8,2010,11.559679113255113,3,12.296694717821826,4
43E9,2010,12.991965006737125,1,11.96421381081804,4
43F0,2010,11.748392237479797,2,12.03013707969053,4
43F1,2010,12.215730449221208,2,11.783143778881117,4
43F2,2010,11.180352417550399,2,11.510800796166686,4
43F3,2010,11.194355725440268,2,11.060824125601759,4
43F4,2010,10.527411260426621,2,11.946183376642537,4
43F5,2010,12.747869098697798,2,11.288675048074904,4
43F6,2010,10.384739304592248,2,11.575957792886811,4
43F7,2010,10.036459671687007,2,10.822633079664904,4
44E6,2010,11.412889369936014,2,12.24187730768075,4
44E7,2010,12.367001905090234,2,12.017730850333868,4
44E8,2010,11.972583317057124,1,12.309873657518327,4
44E9,2010,12.466380952423492,2,12.47187558911441,4
44F0,2010,12.06605175155119,2,12.477991102575599,4
44F1,2010,12.745352966577327,2,12.18827926021541,4
44F2,2010,11.778577720785885,2,11.538074710796934,4
44F3,2010,10.225798971480831,2,11.588712390475521,4
44F4,2010,11.729540594156976,2,11.591388397412896,4
44F5,2010,12.903750470932888,1,11.92835346002316,4
45E6,2010,12.622506109228258,2,12.248220380602755,4
45E7,2010,12.062944605114074,2,12.859482902423364,4
45E8,2010,12.846432659304472,2,12.71477627980114,4
45E9,2010,12.856902281112202,2,12.193417919659119,4
45F0,2010,12.95183825382178,2,12.558664418122733,4
45F1,2010,12.692757119303353,2,12.551093850802856,4
45F2,2010,12.000794487579181,2,11.948373846857912,4
45F3,2010,11.65237552151896,2,11.807739119591787,4
45F4,2010,12.708592886811243,2,11.475871304913165,4
46E6,2010,11.915056611290439,2,12.867320733185545,4
46E7,2010,13.601990936070491,2,12.599779857213255,4
46E8,2010,13.966674915921153,2,12.637481269448273,4
46E9,2010,10.509019813086734,2,12.68939889160578,4
46F0,2010,12.618946520524187,2,12.178993724745451,4
46F1,2010,12.506389695233135,2,12.475343701313664,4
46F2,2010,11.66978502582345,2,12.121025185027172,4
46F3,2010,12.295770132495889,2,11.762646091084367,4
47E6,2010,12.790342590916076,2,12.681374469728341,4
47E7,2010,12.454443296527355,2,13.18470555783576,4
47E8,2010,13.592481669331391,2,12.49138278087737,4
47E9,2010,11.315071848865577,2,12.500719617049166,4
47F0,2010,12.748727136840154,2,12.343106791540926,4
47F1,2010,12.919886139603665,2,12.143745273659619,4
47F2,2010,11.68114642480048,2,12.184831409416162,4
47F3,2010,12.047277392194575,2,12.061106471971037,4
48E7,2010,12.754007035025083,1,12.63988966028384,4
48E8,2010,12.229341062195395,2,13.146142561197848,4
48E9,2010,13.152649848938385,2,12.129535118022496,4
48F0,2010,12.518522657170273,2,12.981426077127104,4
48F1,2010,11.638717837764709,2,12.529403183973981,4
48F2,2010,12.102377080042956,2,11.94890028816466,4
48F3,2010,12.165132250544826,1,11.972477083073999,4
49E8,2010,13.085431691496533,2,11.744519639166832,4
49E9,2010,12.455204903858734,2,12.926553718257614,4
49F0,2010,14.385609484965165,2,12.653283712538821,4
49F1,2010,12.57682685907903,2,12.762866657898412,4
49F2,2010,12.310604639548629,2,12.071249921957161,4
49F3,2010,11.429649220509834,2,12.212495547273674,4
50E8,2010,11.21100874298283,2,11.939911017196657,4
50E9,2010,11.082523847630371,2,12.19682517808649,4
50F0,2010,13.062580430047248,2,12.173232779724255,4
50F1,2010,12.716534669315143,2,12.77947570959813,4
50F2,2010,12.176146528196824,2,12.526278577282318,4
50F3,2010,12.198098770804418,2,12.199069154429091,4
51E8,2010,11.53318189420258,2,11.215075585764172,4
51E9,2010,12.058506635457146,2,11.08374440045053,4
51F0,2010,10.508263116986344,2,12.376489983551044,4
51F1,2010,13.302349021069414,1,12.291813611452454,4
51F2,2010,12.879876229461079,2,12.59828224734645,4
31F1,2011,14.78424581944934,2,11.736445795376985,4
31F2,2011,12.638768813709715,3,12.494789276141045,4
32F1,2011,12.429952708442894,2,12.116471432384344,4
32F2,2011,11.86777464260839,2,11.942620926737218,4
32F3,2011,10.897183934063559,3,11.706437233133386,4
33F1,2011,10.009287016746942,2,10.439734356805648,4
33F2,2011,11.804578250732707,2,10.286249577812764,4
33F3,2011,10.82069937533326,3,11.522645815185562,4
33F4,2011,12.332696663859185,2,10.885703440098887,4
34F1,2011,9.077169191484522,2,9.908017532826758,4
34F2,2011,8.447237276562468,2,10.65776337297457,4
34F3,2011,11.056124412086797,4,9.996483945498086,4
34F4,2011,10.768806038911926,2,10.911886041675615,4
35F0,2011,9.69010655151683,2,11.78253452012585,4
35F1,2011,11.48543928648079,2,10.820266529400985,4
35F2,2011,10.693181637594254,2,10.496698935781051,4
35F3,2011,9.94919309118469,3,10.859665744565413,4
35F4,2011,10.30952999957179,3,10.91414009577477,4
36F0,2011,12.74692086552975,3,11.97887072187335,3
36F1,2011,13.820608737008335,2,12.15319181632615,4
36F2,2011,12.104926088896253,2,12.231918251142709,4
36F3,2011,11.37982692900881,4,11.144571860331435,4
36F4,2011,11.558734323993649,3,10.837715823080066,4
36F5,2011,9.9938613483838,3,11.456989357514434,4
36F6,2011,10.12304746011586,3,11.172741400504274,4
36F7,2011,10.051236153910512,2,10.59811135020106,4
37E9,2011,NA,0,12.655479199722892,4
37F0,2011,12.425896877094882,3,12.587116606733982,3
37F1,2011,12.275481024397802,2,12.696284082035218,4
37F2,2011,13.034055700959433,2,11.453217403579963,4
37F3,2011,10.965433937251149,5,11.944100624436949,4
37F4,2011,11.667645015355863,2,11.905865256609601,4
37F5,2011,12.478530630592365,2,11.711206295401299,4
37F6,2011,12.167337469130418,2,11.464550732731356,4
37F7,2011,10.623440350824776,3,10.50876273856196,4
37F8,2011,9.47862012073319,2,10.062031931201846,4
38E9,2011,12.710151125992539,3,12.08788159581204,3
38F0,2011,12.738947930274396,2,12.31812175935682,4
38F1,2011,11.50457501307822,2,11.731501791348727,4
38F2,2011,10.467028563774647,2,11.644039554170824,4
38F3,2011,11.694874852423691,2,11.224254728833134,4
38F4,2011,12.62076213460124,2,12.06305309593813,4
38F5,2011,13.015981348735114,2,12.56813677859498,4
38F6,2011,12.633184489392423,3,11.401929875469099,4
38F7,2011,10.337857210473723,3,10.461713752391159,4
38F8,2011,9.23559400959837,1,9.49020929006796,4
39E8,2011,10.884140017852262,1,11.906997829052308,4
39E9,2011,12.64055683930946,2,11.886940568799538,4
39F0,2011,12.631864021261642,2,12.410981376065575,4
39F1,2011,11.444549646948062,4,11.6041003941372,4
39F2,2011,10.342652650221956,3,11.225850212996928,4
39F3,2011,10.843794279705504,2,11.046960637976749,4
39F4,2011,11.873711167237852,2,11.640382444038078,4
39F5,2011,12.540069859793892,2,11.699949649264157,4
39F6,2011,10.08654347353714,3,11.604382868423365,4
39F7,2011,9.354636159749067,3,10.092662372870535,4
39F8,2011,8.789723669315862,1,10.021153129494145,4
40E8,2011,10.95567624081552,2,11.012425603795881,4
40E9,2011,11.321607110091714,2,12.013562101699895,4
40F0,2011,12.81987108773038,2,12.355202204369826,4
40F1,2011,11.937309891986983,3,12.205492852752215,4
40F2,2011,12.148028361559497,3,11.158989573288785,4
40F3,2011,10.276603882023494,3,11.178888793092407,4
40F4,2011,10.556903502051679,3,11.190855496390181,4
40F5,2011,11.823562607546524,2,11.577577468782577,4
40F6,2011,11.889640964758076,2,11.192523614043102,4
40F7,2011,11.156525138155416,2,10.945771984169175,4
41E7,2011,11.5135459969767,3,11.083520858660544,4
41E8,2011,10.330409290262848,3,11.347905083964392,4
41E9,2011,11.638144238944221,2,11.892783017314013,4
41F0,2011,13.530027794138965,2,12.280742418762912,4
41F1,2011,12.409522314770925,1,12.301742182547724,4
41F2,2011,12.079391868922706,2,11.822667517544971,4
41F3,2011,11.166829029052947,2,11.173327813599194,4
41F4,2011,10.789544328752854,2,11.118296411415088,4
41F5,2011,11.323695548526661,2,11.476242339623148,4
41F6,2011,11.703463236933326,2,11.314368514191731,4
41F7,2011,10.835347575236232,2,10.80268752725959,4
42E7,2011,11.76374404444268,2,11.288206205071994,4
42E8,2011,11.284253859121126,2,11.62696422084884,4
42E9,2011,12.389087874762527,2,12.189707832110477,4
42F0,2011,12.255432033606127,2,12.478659715375644,4
42F1,2011,11.660239175142245,2,12.22056127196333,4
42F2,2011,11.566290364796515,2,11.747064146501232,4
42F3,2011,11.547771174697726,2,11.20948414516116,4
42F4,2011,11.425757566029066,2,11.134341573789879,4
42F5,2011,11.588399185259888,2,11.399575483837946,4
42F6,2011,11.208789968245958,2,11.095957701802996,4
42F7,2011,9.141971765703662,2,11.064118351682918,4
43E8,2011,12.024615673927304,2,12.54294464260056,4
43E9,2011,13.581001196770433,2,12.463678663195559,4
43F0,2011,12.33528401745884,2,12.82130334534839,4
43F1,2011,12.651000374679752,2,12.207851431861766,4
43F2,2011,11.700854367242252,2,11.500807308405156,4
43F3,2011,10.67905962076611,2,11.048466080306987,4
43F4,2011,10.611651606449048,2,11.059247101210063,4
43F5,2011,11.640058852550098,2,11.611987918272304,4
43F6,2011,11.949996619315112,2,11.352273081698899,4
43F7,2011,10.26233924393437,2,10.784026482125242,4
44E6,2011,10.160800895133725,2,12.176050129569635,4
44E7,2011,11.69115159830311,2,12.229078782903212,4
44E8,2011,13.615371916207566,2,12.519928839874591,4
44E9,2011,13.105727086633566,2,13.203379230422371,4
44F0,2011,12.79777977633725,2,12.59368504023389,4
44F1,2011,13.13502816760373,2,11.99792244820712,4
44F2,2011,11.106878873378246,2,11.459149168178202,4
44F3,2011,10.333587172838923,2,10.776615464556837,4
44F4,2011,10.492112365494982,2,11.295595167471205,4
44F5,2011,12.297904262065169,2,11.170765113256454,4
45E6,2011,12.83609489781577,2,11.995179686638217,4
45E7,2011,12.304047422455785,2,12.857107831503187,4
45E8,2011,13.258221000634387,2,13.28769117006126,4
45E9,2011,12.819364032374231,2,12.639466281150398,4
45F0,2011,11.798700889239427,2,12.335110658998737,4
45F1,2011,11.436030768433229,2,11.938728253075352,4
45F2,2011,10.6671269650279,2,11.449631037527901,4
45F3,2011,10.828410998588009,2,11.072056187785718,4
45F4,2011,11.939237628531686,2,10.750595880416569,4
46E6,2011,11.872906599703876,2,13.638944332169364,4
46E7,2011,13.642963829259484,2,13.331512941276749,4
46E8,2011,14.411981309207455,2,13.137268187079693,4
46E9,2011,12.39521614809421,2,12.946693185790725,4
46F0,2011,12.287268058850238,2,11.954818462291088,4
46F1,2011,12.154056990430348,2,12.127480260947266,4
46F2,2011,12.427203509712124,2,11.340157376162109,4
46F3,2011,11.34827298474436,2,11.398046174633247,4
47E6,2011,13.339602167862324,2,13.342950291955736,4
47E7,2011,14.737116433739882,2,13.33851301814305,4
47E8,2011,13.25267177033069,2,13.521171546755863,4
47E9,2011,12.268159342730975,2,12.329164552132307,4
47F0,2011,11.471299821400368,2,12.41533076714719,4
47F1,2011,12.35941870679347,2,11.953418912367255,4
47F2,2011,11.191172564445825,2,12.104536799935216,4
47F3,2011,11.145397625787028,2,11.878286716918895,4
48E7,2011,13.118814305119702,2,13.318968782242418,4
48E8,2011,12.667429101345137,2,12.77517099254417,4
48E9,2011,12.19747046870396,1,12.6838740711044,4
48F0,2011,12.746476960214071,2,12.563062064171527,4
48F1,2011,12.997146273192481,2,12.479426017792893,4
48F2,2011,12.486127357448241,2,12.113568782455081,4
48F3,2011,12.487573961037155,2,12.004238667786387,4
49E8,2011,12.531727426022329,2,12.678493099573512,4
49E9,2011,13.053430880127417,1,12.551026455653624,4
49F0,2011,13.586331693389301,2,12.727562695932031,4
49F1,2011,12.32568104671579,2,12.950225429273154,4
49F2,2011,11.778382331144863,2,12.260648538583142,4
49F3,2011,12.607047356765417,1,12.345032508521836,4
50E8,2011,13.104536182322594,2,12.538543875192715,4
50E9,2011,11.888576234498903,1,12.84873258867057,4
50F0,2011,12.784661896670844,2,12.692104759987119,4
50F1,2011,13.439041419365966,1,12.64922304388135,4
50F2,2011,11.623738393403121,1,12.792813027565602,4
50F3,2011,13.490435348502206,1,12.118140273140693,4
51E8,2011,13.281570444688207,2,12.324970876269306,4
51E9,2011,12.452301395561426,1,12.532288138551003,4
51F0,2011,11.854469692694305,2,12.747087591366704,4
51F1,2011,13.862810838735642,1,12.635391504995122,4
51F2,2011,12.463393011249373,1,13.104006500001734,4
31F1,2012,12.390750166989983,3,11.170173575690516,4
31F2,2012,10.9185306688562,2,11.759804747727129,4
32F1,2012,11.460196302711736,2,11.198609854981154,4
32F2,2012,12.139117382585287,3,10.882401007982489,4
32F3,2012,11.049155138621511,2,11.510945199734872,4
33F1,2012,10.162849948608837,3,10.0555587144637,4
33F2,2012,10.101721921740511,2,11.130197178962275,4
33F3,2012,12.041794607296524,3,11.240114744251775,4
33F4,2012,11.761146887317164,2,11.61619924347175,4
34F1,2012,8.483289856044102,1,10.401615087172557,4
34F2,2012,10.177026777358455,2,10.202096269669477,4
34F3,2012,12.048435029327912,2,11.058383483657936,4
34F4,2012,11.32541219864105,2,11.404332081138481,4
35F0,2012,11.976055029215573,1,10.189931750358591,4
35F1,2012,9.290528593507364,1,10.771491795178697,4
35F2,2012,10.174938271565381,2,10.303602447797415,4
35F3,2012,10.689300351335717,2,11.432109514335094,4
35F4,2012,11.118446056573129,2,11.171760521169544,4
36F0,2012,10.534224527993166,1,12.719799491893244,3
36F1,2012,12.451684023889731,1,10.908569179157222,4
36F2,2012,11.057554068988122,2,11.643276863757244,4
36F3,2012,12.386618699873955,2,11.017379258912607,4
36F4,2012,10.285710834827455,2,11.30709792691701,4
36F5,2012,10.769248605811368,2,10.874575486237285,4
36F6,2012,11.339686144328166,2,11.06745715054952,4
36F7,2012,11.516361260426338,2,11.259163232614975,4
37E9,2012,NA,0,12.867839013706462,4
37F0,2012,13.73165942257443,3,12.319072107075808,3
37F1,2012,12.751969526140236,2,12.177093410158808,4
37F2,2012,11.559866459699908,2,11.50755342872526,4
37F3,2012,12.036951780499134,2,11.645403023282464,4
37F4,2012,10.954078345409586,3,11.372018465368626,4
37F5,2012,10.918826620383935,3,11.264951215161432,4
37F6,2012,11.06539211557644,2,11.40319516261696,4
37F7,2012,11.076293530191199,3,11.3282565366008,4
37F8,2012,11.555281140364098,2,10.681012037955348,4
38E9,2012,13.53444983716423,2,12.361154405203287,3
38F0,2012,13.67102226709402,3,13.068039473660022,4
38F1,2012,10.965163734471158,2,12.095298540419954,4
38F2,2012,10.183738339273546,2,11.328444835773762,4
38F3,2012,11.681048588146407,3,11.308681495025759,4
38F4,2012,12.24658462576398,2,11.693934711770245,4
38F5,2012,12.271085793848332,2,11.895681809645069,4
38F6,2012,12.277974355564536,2,11.567474397016472,4
38F7,2012,11.175991630036329,4,10.872753162641331,4
38F8,2012,8.955401731167523,2,11.288818835138226,4
39E8,2012,11.487138078012688,2,11.77721914196397,4
39E9,2012,11.925302870503153,2,12.647622434200223,4
39F0,2012,14.040884900430267,3,12.417918378370633,4
39F1,2012,11.774464029172016,3,12.109069616561513,4
39F2,2012,11.107700560777577,2,11.241705280905071,4
39F3,2012,10.767451234566376,2,11.597800980398489,4
39F4,2012,11.869526119676655,3,11.707203523458201,4
39F5,2012,12.139341636867826,2,12.041384834552233,4
39F6,2012,11.757428048604787,2,11.888184273509303,4
39F7,2012,11.181343033642067,2,11.309266802140698,4
39F8,2012,11.242659536510407,1,10.593431097064297,4
40E8,2012,10.12110693899479,2,11.196785895651733,4
40E9,2012,11.528016921193705,2,11.362990082629066,4
40F0,2012,12.300884346713344,2,12.538601074997374,4
40F1,2012,12.322529270567053,2,12.27901595883067,4
40F2,2012,12.241167520608348,2,11.912507501013163,4
40F3,2012,11.732928652993316,2,11.705317645331897,4
40F4,2012,11.675436596634626,2,12.008331567872466,4
40F5,2012,12.267499376079158,2,11.714308306064042,4
40F6,2012,11.954078067962783,2,11.634561706246993,4
40F7,2012,11.06098799341127,2,11.262852391528709,4
41E7,2012,11.088024768528083,2,10.61181117888923,4
41E8,2012,10.683963814872456,2,10.757249244562885,4
41E9,2012,11.104666174304977,2,11.67811266057103,4
41F0,2012,12.26297320779847,2,11.899955546179836,4
41F1,2012,12.799547938828972,2,12.148871000655916,4
41F2,2012,12.486871519714708,2,12.211606271248595,4
41F3,2012,12.13721522951824,2,11.913998401916885,4
41F4,2012,12.163372122740734,2,11.746449514768113,4
41F5,2012,11.088376922790937,2,12.075344367649476,4
41F6,2012,11.452331406892757,2,11.49855610653316,4
41F7,2012,10.46365705761723,2,11.3709032904777,4
42E7,2012,10.926974865265983,2,11.022092827137966,4
42E8,2012,10.715199096423687,2,11.36240475182139,4
42E9,2012,12.237496698419486,2,11.36098968654247,4
42F0,2012,11.394723724872051,2,12.226215434271255,4
42F1,2012,11.523110004543433,2,11.851661415002582,4
42F2,2012,11.668494396038817,2,11.748885396495618,4
42F3,2012,11.272821312218781,2,11.844817787287454,4
42F4,2012,12.08476931012865,2,12.1128439808818,4
42F5,2012,12.418174564885257,2,11.62606234102868,4
42F6,2012,12.488112377761688,2,11.329694099540756,4
42F7,2012,10.48218138384509,2,11.132668005384238,4
43E8,2012,11.60118362872764,2,11.889347981426374,4
43E9,2012,12.22936975056917,2,12.410291666626408,4
43F0,2012,12.88128182632363,2,11.897007708620242,4
43F1,2012,11.54387960027049,2,12.276943962025072,4
43F2,2012,11.71273874950555,2,11.580967590969326,4
43F3,2012,11.488792213464112,2,11.94557869119357,4
43F4,2012,12.59700792368243,2,11.668797684974775,4
43F5,2012,10.842990753433444,2,12.021887211974025,4
43F6,2012,10.966089042539924,2,11.512548497900433,4
43F7,2012,10.61281354361811,2,11.100009965440982,4
44E6,2012,12.175352690315389,2,12.43723133312261,4
44E7,2012,11.572630109919146,2,12.783539827105677,4
44E8,2012,13.040192968793495,2,12.377822149791498,4
44E9,2012,12.921204513034876,2,12.394113754111656,4
44F0,2012,12.420057758769257,2,12.51991192072857,4
44F1,2012,12.990645267727672,2,11.997926508563294,4
44F2,2012,11.622704154103882,2,12.138676114246607,4
44F3,2012,12.199746779367517,2,11.780857558648494,4
44F4,2012,12.258638462872893,2,12.31847670021076,4
44F5,2012,12.10627731678849,2,12.017377980248343,4
45E6,2012,13.757149727422648,2,12.348620401161883,4
45E7,2012,12.161463921891176,2,12.886508401002406,4
45E8,2012,13.41627034748433,3,12.860673906875526,4
45E9,2012,11.886834538314703,3,12.262246345468686,4
45F0,2012,11.286516075828102,1,12.259020101787748,4
45F1,2012,12.405064521109546,2,12.172924147652596,4
45F2,2012,11.651573660385687,2,11.96237680827167,4
45F3,2012,11.75329540415309,2,12.191956089711287,4
45F4,2012,12.370874781004602,2,12.18932744612021,4
46E6,2012,12.257681573257464,2,13.360326446255058,4
46E7,2012,12.7999834191835,2,12.986303547208859,4
46E8,2012,14.354204198502732,2,12.558701817387567,4
46E9,2012,11.424994445527435,2,13.007877940030648,4
46F0,2012,12.324123588957482,2,11.74130175938457,4
46F1,2012,12.762961586668924,2,12.442160264256907,4
46F2,2012,12.068443153720164,2,11.94439205187688,4
46F3,2012,12.545629138087342,2,11.692608465162614,4
47E6,2012,13.712308143230022,2,12.894824519027079,4
47E7,2012,13.171864495184064,2,13.113904802062953,4
47E8,2012,12.593559057355002,2,13.360361237714343,4
47E9,2012,13.466349434347674,2,12.193357697357497,4
47F0,2012,11.490734929513819,2,12.892058679103297,4
47F1,2012,12.971009793240436,2,11.732643556259013,4
47F2,2012,10.817403822365566,2,12.158517725500582,4
47F3,2012,12.13129148041164,2,11.821346771357234,4
48E7,2012,13.349768588483286,2,13.122083894726337,4
48E8,2012,12.449026822822901,2,13.090651530135098,4
48E9,2012,13.264142357033734,2,13.058073955801966,4
48F0,2012,12.806751899867592,2,12.103074260445243,4
48F1,2012,11.859473886487741,2,12.245221052373838,4
48F2,2012,11.46332647463009,2,11.852384846578765,4
48F3,2012,12.45902765034594,2,12.175747897466522,4
49E8,2012,13.155136117668366,2,12.601087904014651,4
49E9,2012,13.510167666169693,2,12.596501590626243,4
49F0,2012,11.797945868745684,2,12.675444487166613,4
49F1,2012,11.739796041757234,2,12.128762273451004,4
49F2,2012,12.273634027115815,2,12.074877591269606,4
49F3,2012,12.834739607708546,2,12.51186832920719,4
50E8,2012,12.276375108008821,2,12.392377265350119,4
50E9,2012,12.16878201905719,2,12.736666147332045,4
50F0,2012,12.645062340871933,1,11.900946945387307,4
50F1,2012,12.583995311454778,2,12.179820894668449,4
50F2,2012,12.261648240982558,1,12.485528335752448,4
50F3,2012,13.053163398384442,1,12.35033562046542,4
51E8,2012,11.730531450397184,1,12.003320295908832,4
51E9,2012,12.515059474277736,1,11.807188289938694,4
51F0,2012,11.053064582291578,1,12.350420197317234,4
51F1,2012,12.072776955062075,1,12.078360710168262,4
51F2,2012,12.031320606054763,1,12.492895976470964,4
31F1,2013,12.474793926266402,2,11.150241594105662,4
31F2,2013,11.428047733657987,2,11.528920093990536,4
32F1,2013,10.567589124413276,2,11.21679038922913,4
32F2,2013,12.207176650700681,2,10.662198911237946,4
32F3,2013,10.866120674581783,2,11.050204483578977,4
33F1,2013,10.398152867650705,2,10.27209886923281,4
33F2,2013,9.787038112298735,3,11.125636229784417,4
33F3,2013,10.644330604167587,3,11.020759388720355,4
33F4,2013,11.562272567148904,3,11.084906449954193,4
34F1,2013,9.480883443600533,2,11.001936634514687,4
34F2,2013,11.252884796618698,2,10.297227804183265,4
34F3,2013,11.867606200852002,2,10.629575111812342,4
34F4,2013,10.961568320215397,2,11.235504748790136,4
35F0,2013,12.807226117932268,1,11.524337840815207,4
35F1,2013,9.549482755857078,2,11.616811492439782,4
35F2,2013,10.053383459981792,3,10.201160015073203,4
35F3,2013,9.659516726247684,2,11.317697879264163,4
35F4,2013,11.852623500911957,2,10.942598001934293,4
36F0,2013,12.941232215558683,2,13.049795087146583,3
36F1,2013,14.125752948244536,2,10.907970011966,4
36F2,2013,10.342755781569354,3,11.798375188753038,4
36F3,2013,11.497178355310897,3,10.814585336768523,4
36F4,2013,11.652128605963192,2,11.709125065993822,4
36F5,2013,11.384275404099832,2,11.292295298782346,4
36F6,2013,10.076475208228203,3,11.008562153315404,4
36F7,2013,9.619381453941479,2,11.646466714718006,4
37E9,2013,NA,0,12.511664758323368,4
37F0,2013,12.216406195262945,3,11.831575135648444,3
37F1,2013,10.798409294878883,2,11.98268056710347,4
37F2,2013,11.517185991474925,2,10.742193869556113,4
37F3,2013,11.603940233293862,3,11.632821887657911,4
37F4,2013,12.102423003652603,2,11.665207669947266,4
37F5,2013,11.338154377285381,3,11.758632947978066,4
37F6,2013,11.692437377934924,2,11.753998658461523,4
37F7,2013,13.460995690653302,2,10.774296810797237,4
37F8,2013,11.355958582055598,2,10.78061903007722,4
38E9,2013,13.13393672596408,2,11.198530058112883,3
38F0,2013,11.755083896507767,2,12.029176386229453,4
38F1,2013,10.071377133431477,2,10.742393230133276,4
38F2,2013,10.223670168482354,2,10.855771766862567,4
38F3,2013,11.41450020019322,2,10.989840859943733,4
38F4,2013,12.06660746324663,2,11.644426810889515,4
38F5,2013,11.855396006224904,2,11.694249180519483,4
38F6,2013,12.140369357679205,2,11.376700179898744,4
38F7,2013,10.429409829256949,2,11.107101607636764,4
38F8,2013,9.612689146457154,1,10.058766010784868,4
39E8,2013,10.45185814053148,2,12.059548527677332,4
39E9,2013,11.388648137299406,2,12.232270362372955,4
39F0,2013,12.694985490259313,2,11.273682255939248,4
39F1,2013,10.192409560664098,3,11.087865458268404,4
39F2,2013,10.420023742350647,3,10.372809898031353,4
39F3,2013,10.065145574752083,3,10.866469759052077,4
39F4,2013,11.20538803348733,3,11.010999372791234,4
39F5,2013,11.231865523866718,2,11.347946130866479,4
39F6,2013,11.529557506178202,2,10.92660927319372,4
39F7,2013,9.214352235757396,2,10.465720917896302,4
39F8,2013,9.235343396069535,1,9.981256037888006,4
40E8,2013,11.067308154708904,2,11.15055399643287,4
40E9,2013,12.648301092736943,2,11.207907856015627,4
40F0,2013,11.758587429285718,2,12.216513704970392,4
40F1,2013,11.165075467032175,2,11.376313179365058,4
40F2,2013,11.010014288226877,3,11.057101292510552,4
40F3,2013,10.425967060177111,3,10.687986830497774,4
40F4,2013,10.680378929299508,2,10.784051950955007,4
40F5,2013,10.80144297757548,2,10.926316536702744,4
40F6,2013,11.119849975471562,2,10.996754648804176,4
40F7,2013,10.668572940080526,2,10.966013426313083,4
41E7,2013,11.142959033783209,2,10.642354580120069,4
41E8,2013,10.359097718679852,2,10.821898147514675,4
41E9,2013,10.61708770276848,2,11.646859169439573,4
41F0,2013,12.357692769853141,2,11.646131432284164,4
41F1,2013,12.544241439283539,2,11.757743559422584,4
41F2,2013,12.217338900482279,2,11.373267148815751,4
41F3,2013,10.996408529712625,2,11.34746441444693,4
41F4,2013,10.70340973258011,2,10.824488468588282,4
41F5,2013,10.67317171817319,2,10.933392053432966,4
41F6,2013,10.987445171382495,2,11.533819098115877,4
41F7,2013,12.542406322640879,2,10.997266641405734,4
42E7,2013,10.682774748293411,2,10.615882836750568,4
42E8,2013,10.460237698798108,2,10.691363614800682,4
42E9,2013,11.222345096488354,2,11.192730981013503,4
42F0,2013,11.664609157798921,2,11.638564858194695,4
42F1,2013,11.290867100322743,2,11.585409872053898,4
42F2,2013,10.942404338039966,2,11.59795747024361,4
42F3,2013,12.043141964548223,2,10.603257071943354,4
42F4,2013,10.9479946971678,2,11.032971502247095,4
42F5,2013,11.241270332193782,2,11.112474494149005,4
42F6,2013,11.79984837617788,2,10.892505555098644,4
42F7,2013,10.53320007798203,2,11.496575325156467,4
43E8,2013,10.501236895741108,2,11.257620441498338,4
43E9,2013,12.028989364688503,2,11.202415996747732,4
43F0,2013,11.683354466114542,2,11.688317572786783,4
43F1,2013,11.190384553093164,2,11.830617893293905,4
43F2,2013,10.840481915621199,2,10.59040184506796,4
43F3,2013,9.526220722853022,2,10.651534584336483,4
43F4,2013,10.144063979666265,2,10.72274043612192,4
43F5,2013,11.028883185077149,2,11.490404209215658,4
43F6,2013,10.808106638836273,2,11.858211852598043,4
43F7,2013,10.835939962970832,1,11.420890353909266,4
44E6,2013,10.598576133815222,2,11.40130566680955,4
44E7,2013,10.65932990529737,2,11.420316173036603,4
44E8,2013,11.88192479720937,2,11.209754695964222,4
44E9,2013,11.40272752864692,2,11.938459079309773,4
44F0,2013,11.869287215566542,2,12.04091565044558,4
44F1,2013,13.507768091117136,2,11.440957894046003,4
44F2,2013,10.702597766285692,2,11.351416781706456,4
44F3,2013,9.578450477510247,2,10.736634368698757,4
44F4,2013,11.387863139389712,2,11.441418518963252,4
44F5,2013,13.76817588616631,2,11.208948509160827,4
45E6,2013,11.889720202255553,2,11.1715685560529,4
45E7,2013,11.311043558866265,2,11.464075023108878,4
45E8,2013,12.275724454171488,2,12.099940839830179,4
45E9,2013,11.973634939774676,2,12.079639949590119,4
45F0,2013,11.569812515903724,2,11.82248753918445,4
45F1,2013,12.001562041238612,2,12.296550608945145,4
45F2,2013,11.478966642577245,2,11.439036524168676,4
45F3,2013,11.329855846266605,2,11.270175580622332,4
45F4,2013,12.274983732510185,2,11.011117733264554,4
46E6,2013,11.745129000819013,2,11.873013052972855,4
46E7,2013,11.031525530711098,2,12.242856085231793,4
46E8,2013,13.233160063470402,2,12.383869074058122,4
46E9,2013,13.07029529963834,2,12.390597016809124,4
46F0,2013,11.445465960157971,2,12.26305595804476,4
46F1,2013,12.629655186182475,2,11.982137467810922,4
46F2,2013,11.722130442883795,2,11.9717508320307,4
46F3,2013,11.748301469891652,2,11.662664178464556,4
47E6,2013,11.888714761153278,2,12.15727308935453,4
47E7,2013,12.682091717771488,2,12.312129352923115,4
47E8,2013,13.15793101171156,2,12.88545814382128,4
47E9,2013,12.910127103833446,2,12.792885903603878,4
47F0,2013,11.782460830454502,2,12.35155643409338,4
47F1,2013,12.759391426963314,2,11.959002612349817,4
47F2,2013,12.030080029471428,2,12.005113704612366,4
47F3,2013,11.568590395236397,1,12.191164310968697,4
48E7,2013,13.170346108116526,2,12.427229767494554,4
48E8,2013,12.716453690209782,2,12.977698123320714,4
48E9,2013,13.160856472611107,2,12.806304066875402,4
48F0,2013,12.291241245418792,2,12.394457098716288,4
48F1,2013,11.393814403290861,2,12.955671196280148,4
48F2,2013,11.97034255336596,2,11.989565802888585,4
48F3,2013,13.015933191145749,2,12.222509882077855,4
49E8,2013,12.421658900843667,2,12.857319298036016,4
49E9,2013,13.307394228039591,2,12.768417326790427,4
49F0,2013,13.240696688508681,2,13.363669588595167,4
49F1,2013,14.80170955937253,2,12.050982226481947,3
49F2,2013,11.5184355876463,2,13.298701997240526,4
49F3,2013,13.83267099206276,1,12.387517784264237,4
50E8,2013,13.154972028696434,2,12.476832014335667,4
50E9,2013,12.250457245198255,1,13.006941171692114,4
50F0,2013,13.054333321549757,1,12.963766831496132,3
50F1,2013,NA,0,13.041534179662559,4
50F2,2013,12.590084884160854,1,12.3187688971337,3
50F3,2013,12.425617474104047,1,12.738361273380166,4
51E8,2013,12.724146802818076,2,12.829160235789706,4
51E9,2013,12.511065108482672,2,12.882430659373558,4
51F0,2013,13.400146560781462,1,12.383966157199445,4
51F1,2013,11.720008953567095,2,13.155577837327323,3
51F2,2013,13.01225362965075,2,12.245237103944,3
31F1,2014,13.279753655447688,3,11.730712899378993,4
31F2,2014,13.197208255955228,2,11.783822485719634,4
32F1,2014,10.62599920351809,2,11.671901440361381,4
32F2,2014,12.5709063241609,2,11.197511546795088,4
32F3,2014,10.65863075975186,2,11.434661633345332,4
33F1,2014,10.528737813881758,3,11.213191419538115,4
33F2,2014,10.308207967955177,2,11.50090469605199,4
33F3,2014,10.756595289899783,3,11.1440937099214,4
33F4,2014,12.102936951365471,2,11.284054376917252,4
34F1,2014,11.771179150413673,1,11.724664276035858,4
34F2,2014,12.147379356265521,2,11.156558479343666,4
34F3,2014,11.506599160613087,2,11.80739043406049,4
34F4,2014,12.214392297404277,2,11.6947695584669,4
35F0,2014,13.06619914439911,2,12.327295532609433,4
35F1,2014,11.156340789597044,3,12.527264716431464,4
35F2,2014,11.040247638392724,3,11.48732052520698,4
35F3,2014,12.111194792672379,2,11.597212360764546,4
35F4,2014,11.058347329216666,2,12.004285318845614,4
36F0,2014,12.150229257906663,2,13.295897250129416,3
36F1,2014,14.231432932520352,2,11.893506130216792,4
36F2,2014,10.534367162292979,2,12.701145116218779,4
36F3,2014,12.783655314835709,3,11.602961223703048,4
36F4,2014,10.907898870470095,2,11.86342296178828,4
36F5,2014,11.315527406862,2,11.2779416558399,4
36F6,2014,9.900173021027062,2,11.521150007415226,4
36F7,2014,10.390265320765266,2,11.384071018304233,4
37E9,2014,NA,0,12.858375424556035,4
37F0,2014,12.590059673468785,3,12.938260472672914,3
37F1,2014,13.733087311070484,2,12.623417279212797,4
37F2,2014,12.74924457912633,2,11.820572962379327,4
37F3,2014,12.858384069376742,2,12.575906853375573,4
37F4,2014,12.29616179623874,2,12.14798167621936,4
37F5,2014,12.007532935623704,2,12.04993630660689,4
37F6,2014,12.371274366409935,2,11.507999707467004,4
37F7,2014,12.069853344243608,2,11.526057405946204,4
37F8,2014,11.194983341536325,2,11.853010586644103,4
38E9,2014,13.761747917807101,1,11.707947342652904,3
38F0,2014,12.931464849041593,3,12.636260880912607,4
38F1,2014,10.922931931735722,2,11.947771335983354,4
38F2,2014,10.156453306777106,2,11.668291258796335,4
38F3,2014,12.47456572330151,2,11.742846704177598,4
38F4,2014,12.818110829406894,2,12.195398742367352,4
38F5,2014,12.216781656916883,2,12.208911251899966,4
38F6,2014,12.054439528973639,2,12.058951729464315,4
38F7,2014,12.147706595073291,4,12.256653358244753,4
38F8,2014,12.804217086494244,1,11.838921913018764,4
39E8,2014,11.22875986494934,2,11.828089978721335,4
39E9,2014,10.96361731396778,2,12.716627293718258,4
39F0,2014,13.27030400063882,2,11.606086993268146,4
39F1,2014,10.970079877044231,2,11.596905141845205,4
39F2,2014,10.52642280102178,2,11.054254836304805,4
39F3,2014,11.13843861114965,2,11.247809758895853,4
39F4,2014,11.794085793012274,2,11.596207425735845,4
39F5,2014,11.955561713595632,2,11.708786562792362,4
39F6,2014,11.500044299457148,2,11.771161357331529,4
39F7,2014,12.098103473267521,2,11.7708718015191,4
39F8,2014,11.914894242197919,1,12.142717306045775,4
40E8,2014,9.981297291632693,2,11.061531652299983,4
40E9,2014,12.605697391477767,2,10.810998404309792,4
40F0,2014,11.559185933018982,2,11.945418340602195,4
40F1,2014,11.667961833984496,2,11.563176204901199,4
40F2,2014,11.952047550248231,2,10.890644069804356,4
40F3,2014,10.19616471824785,2,11.204867014008723,4
40F4,2014,10.472718548791203,2,11.135946118287881,4
40F5,2014,11.324234501783145,2,11.020979302686445,4
40F6,2014,10.976540713489321,2,11.418474977056876,4
40F7,2014,11.520842069348042,2,11.37291394088273,4
41E7,2014,10.41363224031911,2,10.45696313028277,4
41E8,2014,9.998037112453714,2,10.609079392369456,4
41E9,2014,10.739893078619714,2,10.791130976278492,4
41F0,2014,10.237710136307701,2,11.38585412598528,4
41F1,2014,11.77139145929335,2,11.18697536068338,4
41F2,2014,11.172026925963301,2,11.700292965946625,4
41F3,2014,11.256263345845811,2,11.035585298866412,4
41F4,2014,11.229299460108255,2,10.89298308760961,4
41F5,2014,10.679096234869627,1,11.196783596766084,4
41F6,2014,11.32877903763917,2,10.99835450615995,4
41F7,2014,11.08823253913491,2,11.102087050133326,4
42E7,2014,10.547023158138368,2,10.599916406709708,4
42E8,2014,11.301494958906305,1,10.388660212656642,4
42E9,2014,10.323079264874785,2,11.160042374031434,4
42F0,2014,11.47294603300907,1,11.040961595153284,4
42F1,2014,11.670202546478022,1,11.42778177605609,4
42F2,2014,11.821469508399106,3,11.605939411504396,4
42F3,2014,11.544850091146245,2,11.229726214772285,4
42F4,2014,11.163854220931794,2,11.2528685639023,4
42F5,2014,10.904821387533762,1,11.03083299764912,3
42F6,2014,11.249548537145941,2,10.998064330660696,4
42F7,2014,10.309178556400152,2,11.458761504920867,4
43E8,2014,10.6865013151597,2,11.049799792929033,4
43E9,2014,11.125835425590644,2,11.066770168047679,4
43F0,2014,11.932854432952631,2,11.73532524996465,4
43F1,2014,10.645320103522838,2,11.934157660791252,4
43F2,2014,12.036678082430019,2,11.153881857334042,4
43F3,2014,10.677317783912427,1,11.422511702871857,4
43F4,2014,11.332503316820938,1,10.926391190198638,3
43F5,2014,NA,0,11.581523841149005,4
43F6,2014,11.449478341069698,1,11.978875819550161,3
43F7,2014,12.04778660233292,2,11.024109493437676,4
44E6,2014,12.25539342672225,2,11.459030638804077,4
44E7,2014,10.683447472281506,2,11.714320146220402,4
44E8,2014,11.088421314937676,2,11.359655803373018,4
44E9,2014,11.324645659203599,2,11.806587258290252,4
44F0,2014,13.69719943773605,1,11.696940173213465,4
44F1,2014,12.096895581304338,1,12.001781828823528,4
44F2,2014,11.471420033501794,1,11.355485185359292,4
44F3,2014,10.776015321090226,1,11.203908598121819,4
44F4,2014,10.938001565751692,1,11.606072815732277,4
44F5,2014,12.639292319171622,1,11.315661729472986,3
45E6,2014,12.814986683116441,2,11.474427246847208,4
45E7,2014,10.69847916010524,2,11.88677252077336,4
45E8,2014,12.744028766847268,2,11.960457592065197,4
45E9,2014,11.314892854896637,2,12.015589683952307,4
45F0,2014,11.433365019393293,2,12.256205754032663,4
45F1,2014,12.193187740533432,2,11.470989578155265,4
45F2,2014,10.512351756612588,2,11.839881701246089,4
45F3,2014,11.728895009321361,1,10.947540536322151,4
45F4,2014,11.676480305846324,1,11.067056664475686,4
46E6,2014,11.639209239713121,2,12.371713699272568,4
46E7,2014,11.304627160848218,2,12.662287118340686,4
46E8,2014,14.740037038321232,2,12.194474448155743,4
46E9,2014,12.560319290365065,1,12.808863402527999,4
46F0,2014,11.819542982964533,2,12.128219841359435,4
46F1,2014,11.84134595531084,2,11.952821586142132,4
46F2,2014,11.966024021627769,2,11.059670824554297,3
46F3,2014,10.825314761739463,1,11.835444430378567,3
47E6,2014,11.795817917902461,2,12.363224125435426,4
47E7,2014,13.57142303522315,2,12.051751179817577,4
47E8,2014,12.16892257456242,1,13.57314403857242,4
47E9,2014,13.360980733929596,1,12.439519157907664,4
47F0,2014,12.677849100368539,1,12.652910367132522,4
47F1,2014,11.832531599442795,1,12.056819853527843,3
47F2,2014,NA,0,11.871654163032215,4
47F3,2014,11.811414260186574,1,11.89429599170068,3
48E7,2014,12.937637065957212,2,12.478819827592503,4
48E8,2014,12.620135346815701,2,12.346362079320741,4
48E9,2014,12.350985666334633,2,13.300594447167793,4
48F0,2014,13.598586152193164,1,12.409608849965384,4
48F1,2014,11.65126450490415,1,12.486609927241522,4
48F2,2014,11.876646770871725,1,12.327027229401947,3
48F3,2014,12.980926442490855,1,12.246629658658133,4
49E8,2014,11.927903010428697,2,12.857228971218838,4
49E9,2014,13.622675555732707,1,12.323729149150784,4
49F0,2014,12.958336128254215,1,13.198056113722771,4
49F1,2014,12.638675186458407,1,12.418685568592027,4
49F2,2014,12.34889074081084,1,12.183203296275275,4
49F3,2014,12.949566862763398,1,12.312103834265038,4
50E8,2014,13.128413190741353,1,12.418550259667596,4
50E9,2014,12.05769179158559,1,13.412688851199169,4
50F0,2014,12.932287560506804,1,12.476125858007567,4
50F1,2014,12.7162509003989,1,12.390181463838733,4
50F2,2014,11.26792436500757,1,12.571938476653543,3
50F3,2014,12.65067378875089,1,12.18879398952727,3
51E8,2014,11.721227138840284,1,12.831427172983577,4
51E9,2014,13.96737909781581,1,12.269889183239696,4
51F0,2014,12.172224611791558,1,12.919799298322587,4
51F1,2014,12.721838743382149,1,12.60692102423242,3
51F2,2014,NA,0,12.339171949384877,4
31F1,2015,12.543827041999144,2,12.268334224490141,4
31F2,2015,14.029158247418408,2,11.671771055387723,4
32F1,2015,11.7490672927762,2,11.588676592762585,4
32F2,2015,12.509465441733369,3,11.544679489130505,4
32F3,2015,9.884724445042178,2,11.147773023279093,4
33F1,2015,10.78564591603259,3,11.401355341427504,4
33F2,2015,10.515767971285236,4,11.625057715356583,4
33F3,2015,11.100397772471986,3,10.70931896200903,4
33F4,2015,10.46546090762578,2,11.458391191099556,4
34F1,2015,11.235864370460192,1,11.35121568436924,4
34F2,2015,12.10472173118839,3,11.387319399471803,4
34F3,2015,11.971322524082929,2,11.867650332339007,4
34F4,2015,12.877120022801133,2,11.414021095623678,4
35F0,2015,11.264107089663614,2,11.937578905532304,4
35F1,2015,11.250388000592368,3,11.816562984641774,4
35F2,2015,11.826322732058856,2,11.159292595026852,4
35F3,2015,11.388361802894522,2,12.027667604828679,4
35F4,2015,11.830939147891481,2,12.35970374608368,4
36F0,2015,12.324105504692227,2,12.326520274270758,3
36F1,2015,12.93995774638443,3,11.389058830013976,4
36F2,2015,9.89369884543213,2,12.493766927212771,4
36F3,2015,12.482086015281446,2,11.968855969052836,4
36F4,2015,12.691247143357618,2,11.967563307624658,4
36F5,2015,10.98571004577387,2,12.167318776088276,4
36F6,2015,12.208713576980644,2,10.879605918325568,4
36F7,2015,10.048594415605352,2,11.474097518758352,4
37E9,2015,NA,0,12.718904807483323,4
37F0,2015,12.775495986764229,2,12.375347748340138,3
37F1,2015,12.088042969339181,2,12.524143187595834,4
37F2,2015,12.726701215126354,3,11.678507245671664,4
37F3,2015,13.902116084527073,2,12.766028708840956,4
37F4,2015,12.571518021551839,2,12.86955795293137,4
37F5,2015,11.197796362463002,2,11.71206111966269,4
37F6,2015,11.286322849460047,2,11.730881179649046,4
37F7,2015,11.314951749614295,3,11.087275924104055,4
37F8,2015,11.08640189897842,1,11.079390397556095,4
38E9,2015,13.062122967487834,2,11.965355626196663,3
38F0,2015,12.713894770989006,3,12.628684180422628,4
38F1,2015,11.654417802108327,2,11.826900522886199,4
38F2,2015,10.830171083388269,2,12.19786043916982,4
38F3,2015,13.283809583404189,2,12.612052580089728,4
38F4,2015,13.687072221377786,2,12.562623825409133,4
38F5,2015,12.004693561865007,2,12.134106920303086,4
38F6,2015,12.202063029538243,4,11.787913385781598,4
38F7,2015,11.927784532372403,2,11.4435413713585,4
38F8,2015,11.026230892632329,1,10.996464814058276,4
39E8,2015,11.965182092568751,2,12.043960706913625,4
39E9,2015,11.216990015032234,2,12.517250474065838,4
39F0,2015,13.02269996533012,2,11.978053000967195,4
39F1,2015,11.67549326782834,2,11.85429334166327,4
39F2,2015,11.126513156040415,2,11.886398245909913,4
39F3,2015,12.028850931065787,2,12.323868174203634,4
39F4,2015,12.390474134815499,2,11.932030700923653,4
39F5,2015,11.449496067833316,2,12.147222565819565,4
39F6,2015,11.932852599428934,2,11.584205139427398,4
39F7,2015,11.230919813649127,2,11.294145410183855,4
39F8,2015,9.740753011233156,1,11.440031684088696,4
40E8,2015,11.877732974257784,2,12.032505293976614,4
40E9,2015,12.018996870876649,2,11.912879358846919,4
40F0,2015,12.305833950019201,2,12.196877546070164,4
40F1,2015,11.613542443174222,2,12.162887227582605,4
40F2,2015,13.011077701357255,2,11.941202387081287,4
40F3,2015,12.494675822554434,2,11.845142252285294,4
40F4,2015,10.56270358341772,2,12.291947431922727,4
40F5,2015,12.260869967168823,2,11.400140199933716,4
40F6,2015,11.45434164668891,2,11.651330423657626,4
40F7,2015,11.575191497700926,2,11.189820380362779,4
41E7,2015,11.929106479984815,2,12.139464613136337,4
41E8,2015,12.216735732476241,2,12.244608845773666,4
41E9,2015,12.250960496078454,2,12.222048700164704,4
41F0,2015,12.132270904899666,2,11.92782899868769,4
41F1,2015,11.65914399112562,2,11.797545855986225,4
41F2,2015,12.530078126556074,2,12.219067023579798,4
41F3,2015,11.777936793300416,2,12.155675393276807,4
41F4,2015,12.021769803152154,2,11.522141198168747,4
41F5,2015,12.134019501794917,2,11.61914541958826,4
41F6,2015,10.83640763033182,2,11.503486900016016,4
41F7,2015,11.237612430781258,2,11.144679434636327,4
42E7,2015,11.542754313037712,2,12.166264448250555,4
42E8,2015,12.920635432773608,2,11.96956537142194,4
42E9,2015,12.520191292406258,2,12.149233775350611,4
42F0,2015,11.495377557527487,2,11.925292071235448,4
42F1,2015,10.914291949314944,2,11.773079023525174,4
42F2,2015,12.428109608535902,2,11.531756385984895,4
42F3,2015,11.576177820844569,2,11.693853578221463,4
42F4,2015,11.613904914161937,2,11.543433702446716,4
42F5,2015,11.357534277700246,2,11.63884960602626,4
42F6,2015,11.18797402079898,2,11.368525735590978,4
42F7,2015,10.979144589713577,2,11.453905599744298,4
43E8,2015,11.598580147767551,1,12.320349321996606,4
43E9,2015,11.929961615022894,2,12.04526879495673,4
43F0,2015,12.134414138320924,2,11.777349806747774,4
43F1,2015,11.509684936911688,2,11.562434178271928,4
43F2,2015,11.106477647223999,2,11.317694894378974,4
43F3,2015,10.955462996887597,2,11.043464904280173,4
43F4,2015,11.218252908089893,2,11.51082658591276,4
43F5,2015,11.619499987349208,2,11.837175584050252,4
43F6,2015,12.301016444618273,2,11.592098054179866,4
43F7,2015,11.08901950277868,2,11.426436871478023,4
44E6,2015,12.287935876785676,2,12.181628040102197,4
44E7,2015,12.744585563180589,2,11.799337829175125,4
44E8,2015,11.686214677009332,2,12.17130634807867,4
44E9,2015,11.927889601332186,2,11.941532574361322,4
44F0,2015,12.174375117529026,2,12.075298636378378,4
44F1,2015,12.094552978227846,2,11.469444356575858,4
44F2,2015,10.377522035180709,2,11.220615461152898,4
44F3,2015,10.272951240962229,2,11.097950610892156,4
44F4,2015,11.8544384452523,2,11.39861318888147,4
44F5,2015,12.471898705792594,2,11.580885310343142,4
45E6,2015,12.212001896472069,2,12.346730694687846,4
45E7,2015,11.011198866433421,2,12.674954935224147,4
45E8,2015,12.414170080034348,2,11.658325001804016,4
45E9,2015,11.975578887884039,2,12.029704016217924,4
45F0,2015,12.144337827632551,2,12.126733456212373,4
45F1,2015,11.81619533668201,2,11.901872400867505,4
45F2,2015,11.408479978197517,1,11.484360675326462,4
45F3,2015,11.204378966248013,2,11.613971767313242,4
45F4,2015,11.631349900681162,2,11.61871865046865,4
46E6,2015,12.758725834322707,2,12.969545967215854,4
46E7,2015,13.329062201209581,2,12.35424684161072,4
46E8,2015,11.960307575889276,2,12.584277938687427,4
46E9,2015,11.632418555872608,2,12.263095541666125,4
46F0,2015,12.540784482754413,2,12.103425205838324,4
46F1,2015,11.960118819412106,2,12.216048848150656,4
46F2,2015,12.539346363195113,1,12.044125596769998,4
46F3,2015,13.143105949412057,1,12.08890148853118,4
47E6,2015,12.65036468138429,1,13.175685161863893,4
47E7,2015,13.686755089797481,3,12.967271330588211,4
47E8,2015,12.961460917633168,2,12.596275455830655,4
47E9,2015,12.575711220136771,2,12.408197654350591,4
47F0,2015,12.67682562043603,2,12.389010344912457,4
47F1,2015,11.967869209971084,2,12.163811748587035,4
47F2,2015,11.664797640058314,1,12.542251610338337,4
47F3,2015,12.947082984623277,1,12.941236989893019,4
48E7,2015,12.928197522125803,1,12.581435965534645,4
48E8,2015,12.162327937499093,2,12.51951002916931,4
48E9,2015,12.362085523460555,2,12.4628002965417,4
48F0,2015,12.471676466787557,2,12.381556720623784,4
48F1,2015,12.353504914441691,2,12.36892285535287,4
48F2,2015,12.714707883563868,1,12.482004894584591,4
48F3,2015,14.24233648653784,1,12.719985078704713,4
49E8,2015,11.826296153457719,2,12.320336307187985,4
49E9,2015,12.641485561743378,2,12.158059564181894,4
49F0,2015,12.133810824156864,2,12.32507965470009,4
49F1,2015,12.321437861088974,2,12.187946766643996,4
49F2,2015,11.667380537300518,1,12.621986122344195,4
49F3,2015,13.550768909331193,2,12.720263776929198,4
50E8,2015,12.167485973857026,2,11.854441826735158,4
50E9,2015,12.31004575565244,1,12.102100287057297,4
50F0,2015,11.86571872918045,2,12.879842338244984,4
50F1,2015,12.597090790676912,2,12.114177086795296,4
50F2,2015,11.901029835392745,2,12.332436360882424,4
50F3,2015,13.070308248485688,2,12.278536287272757,4
51E8,2015,11.547714514382136,2,12.672416148862881,4
51E9,2015,11.733710883448335,2,12.625917056596332,4
51F0,2015,14.478421982493723,2,12.06949932245006,4
51F1,2015,12.368521921519017,2,12.734049342354416,4
51F2,2015,11.994965867066576,2,12.48423769901859,4
