record_type,perm_id,n_boot,seed,runtime_sec,converged,FP_between,slope_1985_1991,slope_1992_2001,slope_2002_2007,slope_2008_2015
metadata,NA,1000,42,414.01300000000003,NA,NA,NA,NA,NA,NA
permutation,1,NA,NA,NA,TRUE,0.002092833135145591,0.002092833135145591,-0.013361574684711974,-0.018294718989381634,-0.016719796120932957
permutation,2,NA,NA,NA,TRUE,0.004375757864725244,0.004375757864725244,0.008498081499233567,-0.010651113753123944,0.00966817927539624
permutation,3,NA,NA,NA,TRUE,-0.003913584447979887,-0.003913584447979887,-0.015458511703614843,-0.036270140827150354,-0.02965986454988974
permutation,4,NA,NA,NA,TRUE,0.021257873222523607,0.021257873222523607,0.012326930446024769,-0.011557604303589444,0.010457472871772506
permutation,5,NA,NA,NA,TRUE,0.011993612544565905,0.011993612544565905,0.023914485829979563,0.019825996198953068,0.03127079208244024
permutation,6,NA,NA,NA,TRUE,-0.0077610074046694675,-0.0077610074046694675,-0.01682241073758704,-0.001124630012678031,-0.007478881302498654
permutation,7,NA,NA,NA,TRUE,-0.0016030439017704018,-0.0016030439017704018,0.010196948972661159,-0.018216085491684426,-0.00338272416473558
permutation,8,NA,NA,NA,TRUE,-0.0067130081798878844,-0.0067130081798878844,0.0035272052518833816,-0.0014171389996958028,-0.001975077692927609
permutation,9,NA,NA,NA,TRUE,0.031038151236245724,0.031038151236245724,0.005967908035186452,-0.0017477444495295827,0.0034193558365773202
permutation,10,NA,NA,NA,TRUE,-0.007996174981765164,-0.007996174981765164,-0.005444094828310006,0.017314283388572615,0.007197630700451388
permutation,11,NA,NA,NA,TRUE,0.009441625269706228,0.009441625269706228,-0.0033165733420732688,-0.01058957290536362,-0.013960020126451162
permutation,12,NA,NA,NA,TRUE,0.015341168157146956,0.015341168157146956,0.0018024641725888201,-0.003550339016780686,0.018605809764181972
permutation,13,NA,NA,NA,TRUE,0.024351606568657064,0.024351606568657064,-0.009376941185043237,0.0035504884054801365,-0.0011871965610497394
permutation,14,NA,NA,NA,TRUE,-0.027100521370513244,-0.027100521370513244,-0.018229088200938905,0.015339997934097602,-0.006791798198952398
permutation,15,NA,NA,NA,TRUE,0.011038160011914364,0.011038160011914364,0.004539511990641129,0.015014632323283015,0.006787692924859836
permutation,16,NA,NA,NA,TRUE,-0.022764783602084917,-0.022764783602084917,-0.023490765811458782,0.013297686026260695,0.011539361014776397
permutation,17,NA,NA,NA,TRUE,0.021594471796338766,0.021594471796338766,0.015829427446559227,0.011999204194335538,0.013897856578270515
permutation,18,NA,NA,NA,TRUE,-0.016695844842891116,-0.016695844842891116,-0.0018621021824944718,-0.015858900843087376,-0.024139761370950624
permutation,19,NA,NA,NA,TRUE,0.005376468115024517,0.005376468115024517,0.003134011227102833,-0.01621433445829278,0.003732339163784906
permutation,20,NA,NA,NA,TRUE,-0.0024284282027735122,-0.0024284282027735122,0.018487610627195145,0.008881653245601862,0.031046554170078806
permutation,21,NA,NA,NA,TRUE,-0.003660908387973618,-0.003660908387973618,7.626998634254986e-4,0.005462871318963848,-0.004003639152798168
permutation,22,NA,NA,NA,TRUE,0.0025102281940969193,0.0025102281940969193,-0.0026213245758755954,-0.006755770755829536,0.014993693812297124
permutation,23,NA,NA,NA,TRUE,0.03337376091546871,0.03337376091546871,0.03226726236444077,0.0031322886479785983,0.015479636652176922
permutation,24,NA,NA,NA,TRUE,0.003430587307226531,0.003430587307226531,0.016991063876297494,0.003751835363579603,0.017605943537088647
permutation,25,NA,NA,NA,TRUE,-0.016045711388389918,-0.016045711388389918,-0.02955123397304548,-0.028125394302564784,-0.029742526778103975
permutation,26,NA,NA,NA,TRUE,-0.007756145388818842,-0.007756145388818842,-0.004218840318179868,-0.0090940303653332,-0.008461118609733755
permutation,27,NA,NA,NA,TRUE,0.014413535676341216,0.014413535676341216,0.010096501229067321,0.024613452612378264,-0.0018354970492327396
permutation,28,NA,NA,NA,TRUE,0.033486753329489735,0.033486753329489735,0.040117158226669135,0.03671844417134682,0.024331337562697758
permutation,29,NA,NA,NA,TRUE,0.002777039077313479,0.002777039077313479,0.008874926777857057,0.009782152624650351,0.01796449473766759
permutation,30,NA,NA,NA,TRUE,0.0032473610283212276,0.0032473610283212276,0.012884502164106146,-0.0017735986787580488,-0.002533941980610637
permutation,31,NA,NA,NA,TRUE,0.007623896082895577,0.007623896082895577,-0.0073008299853873065,-0.009725891814116271,-0.020874598554669523
permutation,32,NA,NA,NA,TRUE,0.02356099358868165,0.02356099358868165,0.0028153694493469154,0.020513803869839836,-0.006323657653084007
permutation,33,NA,NA,NA,TRUE,-0.011410889208453802,-0.011410889208453802,0.008628158628458003,0.009823334990894586,0.004105914471518007
permutation,34,NA,NA,NA,TRUE,-0.02865842834048404,-0.02865842834048404,-0.015728960733716685,0.012409274505178581,0.009335204930932307
permutation,35,NA,NA,NA,TRUE,-0.010259621982107663,-0.010259621982107663,0.004403966715544891,0.01638851469731473,0.019529670333200154
permutation,36,NA,NA,NA,TRUE,-0.02777551098638084,-0.02777551098638084,-0.014724968462266643,0.015732867788965467,-0.0010012888953542035
permutation,37,NA,NA,NA,TRUE,-0.011797093614882735,-0.011797093614882735,-0.004687575691731808,2.5010585546424505e-5,7.802973329933734e-4
permutation,38,NA,NA,NA,TRUE,-0.024673657720480354,-0.024673657720480354,-0.0021132898185530803,-0.01713025857091421,-0.0028294528712264795
permutation,39,NA,NA,NA,TRUE,3.471957862501887e-4,3.471957862501887e-4,-0.005523531147981126,0.009590915936925692,0.006161707300077765
permutation,40,NA,NA,NA,TRUE,-0.008785262031647548,-0.008785262031647548,-0.03334296930715991,-0.0031899221719580125,-0.004067641003532973
permutation,41,NA,NA,NA,TRUE,0.010721121308805507,0.010721121308805507,0.013654682121790197,-0.006573814174213032,-0.004029220343733238
permutation,42,NA,NA,NA,TRUE,0.010746399058825648,0.010746399058825648,0.03546503172624933,0.03787605068957275,0.04378376665338361
permutation,43,NA,NA,NA,TRUE,-0.009016991639028521,-0.009016991639028521,-0.006725573709527076,-0.014895376325012196,0.00435503026802401
permutation,44,NA,NA,NA,TRUE,-0.010883292555513839,-0.010883292555513839,-0.03422893724326659,-0.02244086400532934,-0.02569201168413436
permutation,45,NA,NA,NA,TRUE,-0.01896871023278036,-0.01896871023278036,-0.011501169959629298,0.012717474077841882,0.0073879302929635154
permutation,46,NA,NA,NA,TRUE,-0.0012879422914915948,-0.0012879422914915948,-0.014666073809752152,-0.006854726459007847,0.010918851384754544
permutation,47,NA,NA,NA,TRUE,-0.020922104360329836,-0.020922104360329836,-0.0098654882737886,0.009473280351099782,-0.012616466294793596
permutation,48,NA,NA,NA,TRUE,0.018177546423262886,0.018177546423262886,0.0028215692997117115,0.018344565420428886,0.030564934639331014
permutation,49,NA,NA,NA,TRUE,0.01689564177651876,0.01689564177651876,-1.3762287627055655e-4,-0.013741299210096071,-0.01735144222844859
permutation,50,NA,NA,NA,TRUE,0.019382019449233824,0.019382019449233824,-0.008785482876040675,0.007726440868391766,0.0019635065688908653
permutation,51,NA,NA,NA,TRUE,-0.008724135445270719,-0.008724135445270719,-0.0042984458607196775,0.0017113350605451154,0.003962067596879493
permutation,52,NA,NA,NA,TRUE,0.0114296312019185,0.0114296312019185,0.010528267375745413,0.05641898997557778,0.029264128222178262
permutation,53,NA,NA,NA,TRUE,-0.018723081527553802,-0.018723081527553802,-0.009293970819756471,-0.03688191679948566,-0.024487611028006173
permutation,54,NA,NA,NA,TRUE,0.003738911289132508,0.003738911289132508,0.005199071680820982,0.023967722544274005,0.03058732199676116
permutation,55,NA,NA,NA,TRUE,0.012211148360702157,0.012211148360702157,0.017403748132521817,-0.007930343771372233,-0.002445816230036698
permutation,56,NA,NA,NA,TRUE,0.015142310627665159,0.015142310627665159,0.016071966966073086,-0.0089800004452795755,-0.011228204764750418
permutation,57,NA,NA,NA,TRUE,-0.009314320674958822,-0.009314320674958822,0.0012450070235220777,0.027879343010249993,0.033551043693162516
permutation,58,NA,NA,NA,TRUE,-0.014808939097307943,-0.014808939097307943,0.005579007283641413,0.017264652101814593,0.004080509788318101
permutation,59,NA,NA,NA,TRUE,0.012285173714895308,0.012285173714895308,0.001812594875393517,0.044519712097154475,0.029473651641864003
permutation,60,NA,NA,NA,TRUE,-4.469090997423937e-5,-4.469090997423937e-5,-0.012032521638045572,0.03543361100604115,0.022274677533942945
permutation,61,NA,NA,NA,TRUE,8.91619502797029e-4,8.91619502797029e-4,0.00296320963513635,-0.030354863034998826,-0.011224534742634117
permutation,62,NA,NA,NA,TRUE,0.005793770347015757,0.005793770347015757,-0.0022447916013886553,0.022332652689191372,7.485479661536731e-4
permutation,63,NA,NA,NA,TRUE,-0.012628583572710394,-0.012628583572710394,-0.011935743960053405,-0.029038898816509978,-0.030856365273336857
permutation,64,NA,NA,NA,TRUE,-0.015646996245970157,-0.015646996245970157,0.006238669820634514,0.02538131121245818,0.019806676824575188
permutation,65,NA,NA,NA,TRUE,0.004762404547873952,0.004762404547873952,0.02631453656487436,0.03354648048119625,0.026080719420389475
permutation,66,NA,NA,NA,TRUE,0.010001954643850378,0.010001954643850378,0.02865765965684744,0.04918063088373608,0.06179987360180589
permutation,67,NA,NA,NA,TRUE,-0.026496683351412573,-0.026496683351412573,-0.008031092976464045,-0.022637758141306554,-0.03242851346739498
permutation,68,NA,NA,NA,TRUE,-0.0036522799586871805,-0.0036522799586871805,-5.311262844137988e-4,-0.0258937593442279,-0.01636332401530844
permutation,69,NA,NA,NA,TRUE,0.006468123471759255,0.006468123471759255,0.00519166209446891,-0.02887341138200382,-0.026819390037676097
permutation,70,NA,NA,NA,TRUE,-0.019485398065714577,-0.019485398065714577,-0.029057589583936817,-0.034271678858071974,-0.01711248798009155
permutation,71,NA,NA,NA,TRUE,-0.014159635728682977,-0.014159635728682977,-0.03003448052939691,-0.020447197548149908,-0.018879277516245397
permutation,72,NA,NA,NA,TRUE,0.01307300930548274,0.01307300930548274,0.0238104498636669,0.022638212713819002,0.024779088406081173
permutation,73,NA,NA,NA,TRUE,-0.004837717161727692,-0.004837717161727692,-0.003978579068369277,-0.005871430547650241,-0.006421382179540024
permutation,74,NA,NA,NA,TRUE,-0.007394591890905587,-0.007394591890905587,-0.00568866569134215,-0.005252901876312631,-0.0025293354948756654
permutation,75,NA,NA,NA,TRUE,-0.009703132380991606,-0.009703132380991606,-0.011532574017544869,-0.02570824185001557,-0.029634035664154228
permutation,76,NA,NA,NA,TRUE,-0.012402135912241229,-0.012402135912241229,-0.009313183644379034,0.00774028550351381,-0.012733665880152885
permutation,77,NA,NA,NA,TRUE,0.006597389327509221,0.006597389327509221,0.012011627865004395,0.003702695605523736,0.017325530476012662
permutation,78,NA,NA,NA,TRUE,0.010760322004992107,0.010760322004992107,0.003914528432191621,-0.012829026179709456,0.0014674380973167898
permutation,79,NA,NA,NA,TRUE,0.013558379954254445,0.013558379954254445,0.037175721097379176,0.04170648546499223,0.044150861310378466
permutation,80,NA,NA,NA,TRUE,-0.006194676666296516,-0.006194676666296516,-0.01331635893187937,0.005635206555240746,-0.0093026372472451
permutation,81,NA,NA,NA,TRUE,0.013021571761848705,0.013021571761848705,0.014018278367187186,2.601512078849906e-4,0.009998051218123076
permutation,82,NA,NA,NA,TRUE,0.03303408143514185,0.03303408143514185,0.007490160096169127,-0.017249394293773875,-0.015012029464084073
permutation,83,NA,NA,NA,TRUE,0.008705992769034986,0.008705992769034986,0.022597218300743325,-0.0066566861915558825,0.02438381101737521
permutation,84,NA,NA,NA,TRUE,-0.00672047179896008,-0.00672047179896008,0.013003970598670169,-0.006392215381158846,0.003689532628043081
permutation,85,NA,NA,NA,TRUE,0.008100031975589181,0.008100031975589181,-0.002335308741438509,-0.015910219340971678,-0.011358478416349
permutation,86,NA,NA,NA,TRUE,-0.0028021518683813158,-0.0028021518683813158,-0.0031862847985925816,-0.008428069919852349,-0.00723317183765001
permutation,87,NA,NA,NA,TRUE,-0.017745369669431292,-0.017745369669431292,-0.02362213234097028,-0.017112106570467526,-0.02677976509942165
permutation,88,NA,NA,NA,TRUE,0.02048310550251457,0.02048310550251457,0.014558279721810096,0.0013685041665793055,0.0041176397259812016
permutation,89,NA,NA,NA,TRUE,0.02448976939828498,0.02448976939828498,0.026687853781340684,0.015510019583754682,0.02660024051361058
permutation,90,NA,NA,NA,TRUE,0.008279551257587912,0.008279551257587912,0.0015428645746520643,0.0018192358399850587,5.76598916285696e-4
permutation,91,NA,NA,NA,TRUE,0.02122093281707306,0.02122093281707306,0.012521886008377232,0.03933289520558898,0.03064772134206254
permutation,92,NA,NA,NA,TRUE,-0.021928427603960597,-0.021928427603960597,-0.017094192423803802,-0.044238488733563175,-0.03388366219635325
permutation,93,NA,NA,NA,TRUE,-0.008962599640790126,-0.008962599640790126,-0.0014879178458867591,-0.00935483080463176,-0.01311997660073978
permutation,94,NA,NA,NA,TRUE,-0.012408317617430475,-0.012408317617430475,0.001311652135953769,0.013137321736917425,-0.015601596308382485
permutation,95,NA,NA,NA,TRUE,-7.960827413746556e-4,-7.960827413746556e-4,-0.0019909495412116325,-0.004272496256235719,0.002388095576869007
permutation,96,NA,NA,NA,TRUE,-0.0057643618441822935,-0.0057643618441822935,-0.011807356550670538,0.00495824796933726,0.004040270574766194
permutation,97,NA,NA,NA,TRUE,0.011327653432111834,0.011327653432111834,0.03330506715349704,0.02213493435317149,0.036374532523875604
permutation,98,NA,NA,NA,TRUE,0.01796764639183967,0.01796764639183967,0.006526123695948268,-0.020015157575356338,-0.016349283902968602
permutation,99,NA,NA,NA,TRUE,-0.008331117105078941,-0.008331117105078941,0.016450182312751648,0.0161266804340904,0.013757880847515752
permutation,100,NA,NA,NA,TRUE,-0.007545406520519706,-0.007545406520519706,0.0056351205520203335,0.0372982197186736,0.02245322007089625
permutation,101,NA,NA,NA,TRUE,0.0070518313595482555,0.0070518313595482555,0.01003360629318071,0.050155973771667695,0.032781488534519676
permutation,102,NA,NA,NA,TRUE,0.017903291913627665,0.017903291913627665,0.025298773387422292,0.016721280691199734,0.018059612082753616
permutation,103,NA,NA,NA,TRUE,0.004766303586508846,0.004766303586508846,0.004171571254569986,0.010962684319328245,0.016209910816295907
permutation,104,NA,NA,NA,TRUE,0.02478700732537224,0.02478700732537224,-2.0202192534209823e-4,-0.019416307042969063,0.0013566463091495458
permutation,105,NA,NA,NA,TRUE,0.032692997942343115,0.032692997942343115,0.015585663376226608,-0.007710008275028726,-0.0084211293538701
permutation,106,NA,NA,NA,TRUE,-0.0047226609905146695,-0.0047226609905146695,0.010289156278910135,0.002622302575244779,0.023247954333754244
permutation,107,NA,NA,NA,TRUE,-0.00840776473891709,-0.00840776473891709,0.014014857310333048,-0.004684966417068205,-0.003730004515602561
permutation,108,NA,NA,NA,TRUE,0.009940433689710265,0.009940433689710265,0.015385635245265287,0.007973569695901522,0.011785739349624085
permutation,109,NA,NA,NA,TRUE,0.011395191796849969,0.011395191796849969,-0.006689512655863714,0.0024076659647109463,0.010817435403939098
permutation,110,NA,NA,NA,TRUE,0.0010386866025871543,0.0010386866025871543,-0.005714396974148334,-0.02615557795702786,-0.016117159736939862
permutation,111,NA,NA,NA,TRUE,-0.02198911005555992,-0.02198911005555992,-0.01479686865883319,-0.019547429687167932,-0.014033689868053267
permutation,112,NA,NA,NA,TRUE,-0.017394969270950574,-0.017394969270950574,0.005294699775691639,0.04552179916572906,0.025726518807410444
permutation,113,NA,NA,NA,TRUE,0.005601711632023362,0.005601711632023362,-0.0010581244026210803,0.017585571218792846,-0.0012947059602510238
permutation,114,NA,NA,NA,TRUE,-0.00822551422008456,-0.00822551422008456,0.004154505240724372,0.005930551526687358,0.008556566959961933
permutation,115,NA,NA,NA,TRUE,-0.015733416245481774,-0.015733416245481774,-0.004749613487659159,-0.015502003781985912,-0.01986746304063856
permutation,116,NA,NA,NA,TRUE,0.009270035936554651,0.009270035936554651,0.005129832903266738,-0.0032119308307795736,-0.008359970764441551
permutation,117,NA,NA,NA,TRUE,0.018210661551385402,0.018210661551385402,-0.01645364131927911,-0.01878611442248455,-0.028375710850996206
permutation,118,NA,NA,NA,TRUE,0.021321330300977978,0.021321330300977978,0.013078301579032767,-1.2562493130179736e-5,0.020161769821857533
permutation,119,NA,NA,NA,TRUE,-0.01572329980012402,-0.01572329980012402,-0.017639206111273308,0.0015485717367656887,-2.966424341755373e-4
permutation,120,NA,NA,NA,TRUE,-0.018168867261735222,-0.018168867261735222,0.005179406730398788,0.012946427765957488,0.003282984842052493
permutation,121,NA,NA,NA,TRUE,-0.021443252989235728,-0.021443252989235728,-0.0062608806792120095,0.012729352674892707,0.013231952070373833
permutation,122,NA,NA,NA,TRUE,-0.01027945798341327,-0.01027945798341327,-0.007504961777049341,0.010083789706925663,0.02477423515467277
permutation,123,NA,NA,NA,TRUE,0.00784803405981117,0.00784803405981117,0.0017590000090154864,0.0010126801445102303,-0.0068172086168381794
permutation,124,NA,NA,NA,TRUE,-0.030935683844877784,-0.030935683844877784,-0.010490701854675752,-0.0060142972143596846,-0.014063270882489508
permutation,125,NA,NA,NA,TRUE,-0.019317160721010505,-0.019317160721010505,-0.01843279520867361,-0.01664520507910546,0.004784626112179561
permutation,126,NA,NA,NA,TRUE,0.0016095722873969793,0.0016095722873969793,-0.014220730529845538,-0.03261776186331531,-0.01721585467799777
permutation,127,NA,NA,NA,TRUE,-0.016682399508318495,-0.016682399508318495,-0.009365489871351136,0.00471502521436655,0.012899633832094873
permutation,128,NA,NA,NA,TRUE,6.189569685924702e-4,6.189569685924702e-4,0.0024707623070351833,-0.009548852561681441,0.004525777000542354
permutation,129,NA,NA,NA,TRUE,0.010989985077286492,0.010989985077286492,0.005140489503086312,-0.009205851539041918,-0.010122789917670525
permutation,130,NA,NA,NA,TRUE,-0.012778797041097092,-0.012778797041097092,-0.007605265181365595,0.00674329832846364,-0.0035476361922523927
permutation,131,NA,NA,NA,TRUE,0.029488770000452736,0.029488770000452736,0.016884032892524298,-0.0046357798000889565,-0.005322319606927545
permutation,132,NA,NA,NA,TRUE,0.0031180876195508957,0.0031180876195508957,-0.016238568618588117,-0.04519115253411485,-0.024026516961901685
permutation,133,NA,NA,NA,TRUE,-0.012602811776308549,-0.012602811776308549,-0.00407301685534848,0.0033438887995212285,0.014002675984725323
permutation,134,NA,NA,NA,TRUE,0.010109242790233695,0.010109242790233695,-4.1691630798159664e-4,0.007239240509424011,0.003928588685838872
permutation,135,NA,NA,NA,TRUE,0.026535516669539856,0.026535516669539856,0.006459445325259119,0.0032982273083294253,0.003547271690354195
permutation,136,NA,NA,NA,TRUE,-0.013120223880551049,-0.013120223880551049,0.0029641692072309295,0.0015965875860323702,0.002481493029512444
permutation,137,NA,NA,NA,TRUE,-0.022574134274586027,-0.022574134274586027,-0.020168967565209642,-0.0084902421076064,-0.004423145722067881
permutation,138,NA,NA,NA,TRUE,-0.016517876072001475,-0.016517876072001475,-0.01874258908566185,-0.015381324435777359,-0.026814518320529893
permutation,139,NA,NA,NA,TRUE,0.02691985164022504,0.02691985164022504,0.013259727030865231,-0.015247200065808444,1.3117268118132547e-4
permutation,140,NA,NA,NA,TRUE,0.009602570536128032,0.009602570536128032,-0.0016742746995886508,-1.4993649033463036e-4,-0.009009167059894685
permutation,141,NA,NA,NA,TRUE,-0.016473742733954667,-0.016473742733954667,0.00390659480622715,-0.001158357346437414,-0.008029838898440738
permutation,142,NA,NA,NA,TRUE,0.0014777603195510198,0.0014777603195510198,-0.0010451545213044967,-0.008688623965853577,-4.997813109843539e-4
permutation,143,NA,NA,NA,TRUE,0.0023983596374074264,0.0023983596374074264,0.014564334022774962,0.009872429669589485,0.0016562612664397444
permutation,144,NA,NA,NA,TRUE,-0.02858658252776068,-0.02858658252776068,-0.004109938764628066,0.01703169555561629,0.005758261461638194
permutation,145,NA,NA,NA,TRUE,0.009518614364797211,0.009518614364797211,0.013308597544014103,-0.012072961681565287,-0.01560729489765381
permutation,146,NA,NA,NA,TRUE,0.0018067690200702891,0.0018067690200702891,0.007130033715228657,0.014906294993978537,0.007095101048375284
permutation,147,NA,NA,NA,TRUE,0.009385625197863328,0.009385625197863328,0.01586920379173086,-0.02997268962635009,-0.02158252583144421
permutation,148,NA,NA,NA,TRUE,-0.005652129452425602,-0.005652129452425602,-0.022559431411185764,0.008264548951985515,-1.0537394430391433e-4
permutation,149,NA,NA,NA,TRUE,-0.00493624606704252,-0.00493624606704252,0.011711905539167827,0.017634919959350213,0.010811157994816915
permutation,150,NA,NA,NA,TRUE,-0.007949519428274793,-0.007949519428274793,-0.023497726502647854,-0.009751121736703835,-0.00469102773186422
permutation,151,NA,NA,NA,TRUE,0.01897467357471227,0.01897467357471227,0.007952927925369176,0.009663409477221238,0.014137925613499637
permutation,152,NA,NA,NA,TRUE,-2.4743457334448933e-4,-2.4743457334448933e-4,-0.01164511359327437,0.00973977591315984,0.0192436481556704
permutation,153,NA,NA,NA,TRUE,0.01691306880268065,0.01691306880268065,-0.0033749616984936476,0.022335993562812018,0.013445551759320551
permutation,154,NA,NA,NA,TRUE,0.01881307171330488,0.01881307171330488,0.0329614114782131,0.029393986353095786,0.022308106130766225
permutation,155,NA,NA,NA,TRUE,0.01481109136184622,0.01481109136184622,0.01022182225464606,3.0267933427583806e-4,0.01383165738176611
permutation,156,NA,NA,NA,TRUE,-0.01112292650422274,-0.01112292650422274,-0.0018713989667148434,0.020121154808792945,0.009509846151340531
permutation,157,NA,NA,NA,TRUE,-0.013165642845059798,-0.013165642845059798,0.001749092257289411,0.003972120441227613,0.018637279025204304
permutation,158,NA,NA,NA,TRUE,-0.013432680950352157,-0.013432680950352157,-0.013450626376382436,-0.005326316302058548,-0.014260219863545224
permutation,159,NA,NA,NA,TRUE,0.004649656438133199,0.004649656438133199,2.054118414757224e-4,0.016191508658227726,0.017954219705298275
permutation,160,NA,NA,NA,TRUE,-0.010148863691582933,-0.010148863691582933,0.0070070678013437835,0.01692063763242871,0.009419041395399943
permutation,161,NA,NA,NA,TRUE,-0.007950872158021975,-0.007950872158021975,-0.018524202330310865,0.00972513376604817,9.509399852343572e-4
permutation,162,NA,NA,NA,TRUE,-0.012956238250693464,-0.012956238250693464,-0.011735165105882916,0.025785350492532774,0.0052974264268920365
permutation,163,NA,NA,NA,TRUE,-0.005150383675862019,-0.005150383675862019,-0.002478897531745635,0.00252572880514517,0.01527303263332897
permutation,164,NA,NA,NA,TRUE,0.0010887293071334195,0.0010887293071334195,4.608630567477472e-4,0.010920477568376998,-7.83607697520586e-4
permutation,165,NA,NA,NA,TRUE,0.0014283317021462577,0.0014283317021462577,0.008351027209758125,0.021910937433263594,0.018016160532674644
permutation,166,NA,NA,NA,TRUE,0.005639992546819453,0.005639992546819453,0.02292134777424789,0.014343768568300979,0.018779790965838126
permutation,167,NA,NA,NA,TRUE,0.01360052206488457,0.01360052206488457,-0.005554224618187057,-0.02466208023135415,-0.025676651442285547
permutation,168,NA,NA,NA,TRUE,0.014751558354116866,0.014751558354116866,0.023491669813491167,0.004307868775531723,0.017325992781404648
permutation,169,NA,NA,NA,TRUE,-0.019577459995671887,-0.019577459995671887,-0.00802383506706519,-0.009798062257579905,-0.019943325643661473
permutation,170,NA,NA,NA,TRUE,-0.00784108348745879,-0.00784108348745879,-4.764974041079834e-4,-0.018061639298110735,-0.008292287974827702
permutation,171,NA,NA,NA,TRUE,0.005789522498363884,0.005789522498363884,-0.008037725336945262,0.0018653143668934313,-0.0021675993099348817
permutation,172,NA,NA,NA,TRUE,0.006041529729757431,0.006041529729757431,-0.02902716366884331,-0.02845154629767333,-0.027763793626126312
permutation,173,NA,NA,NA,TRUE,-0.002377845485889088,-0.002377845485889088,0.0027031284472262304,0.006744807790270988,0.0038652568270412034
permutation,174,NA,NA,NA,TRUE,-0.011405386548605456,-0.011405386548605456,0.004565197043766046,0.008353269483564227,-0.016830079784644524
permutation,175,NA,NA,NA,TRUE,0.00845689684580037,0.00845689684580037,0.015893329393167052,0.03791292294745886,0.015088723229782827
permutation,176,NA,NA,NA,TRUE,-0.016322927075704156,-0.016322927075704156,-0.02726184457733155,-0.047724941581301555,-0.03929034885686726
permutation,177,NA,NA,NA,TRUE,-0.011131023284369006,-0.011131023284369006,-0.023890982462874792,-0.016492914020870726,-0.026279371980599403
permutation,178,NA,NA,NA,TRUE,-0.011873289376934396,-0.011873289376934396,-0.00456039192015781,-0.0033403723266145074,-0.0033221412986367375
permutation,179,NA,NA,NA,TRUE,-0.01113598699505813,-0.01113598699505813,0.010128267184870646,-0.0049269585031954674,3.599673136068897e-4
permutation,180,NA,NA,NA,TRUE,0.009935433420860769,0.009935433420860769,0.005469488264390197,0.022643994222889145,0.014606676372772982
permutation,181,NA,NA,NA,TRUE,-0.024004766997961467,-0.024004766997961467,-0.0060500548316124655,-0.03590835346485797,-0.015879428674727906
permutation,182,NA,NA,NA,TRUE,0.005999709478049276,0.005999709478049276,-0.004014852054362958,0.004642011508408192,-0.023274204498098198
permutation,183,NA,NA,NA,TRUE,-0.027497585237144954,-0.027497585237144954,-0.013385551196972238,0.008798000197073712,0.010488131276370459
permutation,184,NA,NA,NA,TRUE,-0.0031355089978644998,-0.0031355089978644998,-0.007985380485996452,-0.026531069461584844,-0.020946822284112265
permutation,185,NA,NA,NA,TRUE,0.011276170100772155,0.011276170100772155,-0.011171321938052347,-0.0225902476388498,-0.018722166142296028
permutation,186,NA,NA,NA,TRUE,0.01019424199526066,0.01019424199526066,0.02963511163750407,0.025702124472046964,0.018224446870465223
permutation,187,NA,NA,NA,TRUE,0.01615731305651146,0.01615731305651146,0.018760478376252,-0.01616687057384779,0.003849100035870502
permutation,188,NA,NA,NA,TRUE,0.013734236016251572,0.013734236016251572,0.012273668175638344,-0.01710703109543691,0.018550421580578784
permutation,189,NA,NA,NA,TRUE,-0.007671297978933904,-0.007671297978933904,0.004457778333610459,0.02575742501855396,0.01759347263710524
permutation,190,NA,NA,NA,TRUE,-0.009641750309493333,-0.009641750309493333,-9.657992859987696e-5,0.016395222850073846,0.008484157190335921
permutation,191,NA,NA,NA,TRUE,0.018411559968063325,0.018411559968063325,0.004891762535641124,0.0022725523270319785,-0.01092068952361281
permutation,192,NA,NA,NA,TRUE,-0.022650353877460325,-0.022650353877460325,-0.005581730071676904,0.013658745909214481,0.0055399527272017475
permutation,193,NA,NA,NA,TRUE,-0.01397483886476262,-0.01397483886476262,-0.001901085345776675,0.00318277526290499,-0.01103092203327722
permutation,194,NA,NA,NA,TRUE,-0.0010218155755300723,-0.0010218155755300723,0.0032077678819118754,-0.012580587956962992,-0.02335273484464136
permutation,195,NA,NA,NA,TRUE,-0.007348019470427296,-0.007348019470427296,0.005353561982797341,0.024861574700800592,0.011068946419891743
permutation,196,NA,NA,NA,TRUE,-0.017338461734630158,-0.017338461734630158,-0.00891585461084257,0.03148841687912718,0.02741999294101787
permutation,197,NA,NA,NA,TRUE,-7.81044806245459e-4,-7.81044806245459e-4,-0.0019602469249854677,-0.002518835845775944,0.013383101461685594
permutation,198,NA,NA,NA,TRUE,-0.011629456523470066,-0.011629456523470066,-0.028278727387655207,-0.030493396339195088,-0.019055543722021045
permutation,199,NA,NA,NA,TRUE,0.001298690990529776,0.001298690990529776,0.007473706224275024,0.026893754923647716,0.02835183181802738
permutation,200,NA,NA,NA,TRUE,0.01414622686308982,0.01414622686308982,0.011179549040436615,0.023599906547566753,0.006538579360728537
permutation,201,NA,NA,NA,TRUE,-0.010335610190997702,-0.010335610190997702,-0.022936817901759197,-0.016826780075372902,-0.023315313614923033
permutation,202,NA,NA,NA,TRUE,0.008136168971531927,0.008136168971531927,0.0045763006644712065,0.02942333723788682,0.016414249748418853
permutation,203,NA,NA,NA,TRUE,0.012976549133443573,0.012976549133443573,0.010382604083175616,-0.0023307670004724494,0.0062659490910935405
permutation,204,NA,NA,NA,TRUE,-0.0012422120768391942,-0.0012422120768391942,0.0378944089809418,0.02184792173807087,0.032156017395145835
permutation,205,NA,NA,NA,TRUE,-0.014648169454146499,-0.014648169454146499,-0.006159979610618755,7.691325227265622e-4,-0.007060671895702965
permutation,206,NA,NA,NA,TRUE,0.008094686617245606,0.008094686617245606,0.02564252884358017,0.01583181531923596,0.010562218722158961
permutation,207,NA,NA,NA,TRUE,-0.02740310329655099,-0.02740310329655099,-0.027428914598141438,-0.03695947726640551,-0.030359124385894585
permutation,208,NA,NA,NA,TRUE,0.0054645140054727275,0.0054645140054727275,0.03085127050542311,0.06378522831694784,0.04152812815271512
permutation,209,NA,NA,NA,TRUE,0.01875892989958203,0.01875892989958203,0.002079966824874907,0.008907837128452193,-0.006794845698260974
permutation,210,NA,NA,NA,TRUE,0.00819066260026955,0.00819066260026955,-0.0012227241340299552,0.005789456953609151,0.005312984618711861
permutation,211,NA,NA,NA,TRUE,0.009595426639195584,0.009595426639195584,0.009720973381132288,0.016814690537447663,0.003591084603224471
permutation,212,NA,NA,NA,TRUE,0.0412597561431499,0.0412597561431499,0.016319463892297624,-0.003820252818393051,0.005497894151056747
permutation,213,NA,NA,NA,TRUE,0.022799103948006647,0.022799103948006647,-8.218689229799389e-4,0.01220552109794909,0.011069607207947939
permutation,214,NA,NA,NA,TRUE,-0.023258235459588918,-0.023258235459588918,-0.03101520133881433,-0.029177559155532936,-0.025742880052339847
permutation,215,NA,NA,NA,TRUE,2.72797132651526e-4,2.72797132651526e-4,0.006353032508801697,0.0053625960499740204,0.0171816982296425
permutation,216,NA,NA,NA,TRUE,0.013060158695662941,0.013060158695662941,0.008801512782877748,-0.002622555795511501,-0.009155881165576916
permutation,217,NA,NA,NA,TRUE,0.0027912945447795736,0.0027912945447795736,-3.5089002250185755e-4,7.620282548029861e-4,0.00490748662003547
permutation,218,NA,NA,NA,TRUE,0.005207675150318993,0.005207675150318993,0.004055217491824472,0.0113667517647233,0.02675981225747147
permutation,219,NA,NA,NA,TRUE,0.021183441355405844,0.021183441355405844,-0.003921313903928494,0.0048280373458578635,5.413338082373396e-4
permutation,220,NA,NA,NA,TRUE,-0.0061364377841017104,-0.0061364377841017104,-0.008526207187856724,0.003411663933028771,-0.024792135729918632
permutation,221,NA,NA,NA,TRUE,0.003949279611820284,0.003949279611820284,0.018393272715805695,-0.024086093817323358,-0.005708686320650384
permutation,222,NA,NA,NA,TRUE,5.913909162640762e-4,5.913909162640762e-4,-0.016779523944612892,3.9334918265676605e-4,-0.01059460862100657
permutation,223,NA,NA,NA,TRUE,0.03143721828041669,0.03143721828041669,0.026408826218569385,0.01658301371258094,0.014498622224115208
permutation,224,NA,NA,NA,TRUE,-0.007294109055822271,-0.007294109055822271,-0.027050647887259683,-0.018237155688215476,-0.02254355425249943
permutation,225,NA,NA,NA,TRUE,-0.003992360810697846,-0.003992360810697846,0.008813086917720888,0.019114549492577883,0.030230975108610492
permutation,226,NA,NA,NA,TRUE,0.010477634373433336,0.010477634373433336,0.038581165591402386,0.002763413545723391,0.005061667536731576
permutation,227,NA,NA,NA,TRUE,-0.01622305979414573,-0.01622305979414573,2.6035858162828593e-4,0.03183155839184432,0.022856274050970123
permutation,228,NA,NA,NA,TRUE,-0.014888949559779586,-0.014888949559779586,-0.007445839862879884,0.007289899750885839,0.005113389821174527
permutation,229,NA,NA,NA,TRUE,-0.0027276683821426772,-0.0027276683821426772,0.00888627217702627,-0.025075669126717402,-0.032293281021986135
permutation,230,NA,NA,NA,TRUE,0.030881898323117756,0.030881898323117756,0.0200153989314891,0.042965313857958154,0.03396708364116826
permutation,231,NA,NA,NA,TRUE,-0.030178401437437136,-0.030178401437437136,-0.025444220205443867,0.01007886679406058,-0.006807044163477927
permutation,232,NA,NA,NA,TRUE,0.008386849012880905,0.008386849012880905,-0.00623702715521607,-0.012868025968578964,-0.013417856797106312
permutation,233,NA,NA,NA,TRUE,-0.009476994604403075,-0.009476994604403075,8.297756391936664e-4,-0.003792619074625494,0.005603687159671297
permutation,234,NA,NA,NA,TRUE,-0.02954225906498694,-0.02954225906498694,-0.027913214423859453,0.010225756917485396,0.00744346057157181
permutation,235,NA,NA,NA,TRUE,-0.04667181398884629,-0.04667181398884629,-0.03070169925581638,-0.030502976133792263,-0.015556249231333748
permutation,236,NA,NA,NA,TRUE,0.001102320701070089,0.001102320701070089,0.003350472249487303,0.010964190430689644,-0.0016083313114620746
permutation,237,NA,NA,NA,TRUE,-0.02116375861122062,-0.02116375861122062,-0.005285735513783776,-0.007662073747674211,-0.013405222226379722
permutation,238,NA,NA,NA,TRUE,-0.0020575763486995638,-0.0020575763486995638,0.015491255174829563,0.0394152277794498,0.03528197024569936
permutation,239,NA,NA,NA,TRUE,0.012010161345946149,0.012010161345946149,0.008731926410512847,-0.029509141609973238,-0.008229832598918449
permutation,240,NA,NA,NA,TRUE,0.0010220681816281675,0.0010220681816281675,-0.005135360763002758,-0.023867963121076908,-0.015880611073680568
permutation,241,NA,NA,NA,TRUE,0.011571007386627757,0.011571007386627757,0.004093568596722849,0.024133442221410582,0.006898383776270462
permutation,242,NA,NA,NA,TRUE,0.009930961641145363,0.009930961641145363,0.013460885197969123,-0.03941801070104231,-0.01101006145817717
permutation,243,NA,NA,NA,TRUE,0.012704876582519573,0.012704876582519573,0.027541161735048995,0.019062184703172894,0.01883603503072944
permutation,244,NA,NA,NA,TRUE,0.008876082710371488,0.008876082710371488,-0.004912951527654143,-0.016029172986342235,-0.004240916193452817
permutation,245,NA,NA,NA,TRUE,0.020573796517702976,0.020573796517702976,0.019341501429821516,-0.008024605301438548,0.002058510934778126
permutation,246,NA,NA,NA,TRUE,0.011853427322640506,0.011853427322640506,-7.992523405320005e-4,0.034745608488660824,0.026283613203797945
permutation,247,NA,NA,NA,TRUE,-0.008441479784628184,-0.008441479784628184,-0.0033645843598070595,-0.0040815149543090125,0.009328625647038784
permutation,248,NA,NA,NA,TRUE,0.01061021598871298,0.01061021598871298,0.001489043275830798,0.01093532633047679,0.01658920946714328
permutation,249,NA,NA,NA,TRUE,0.022473665589514736,0.022473665589514736,0.011707002386782881,0.004606106925790877,0.003435596952270529
permutation,250,NA,NA,NA,TRUE,0.0012759048796821076,0.0012759048796821076,-0.0015687244459203693,-0.0048348603044092945,-0.019524137955036363
permutation,251,NA,NA,NA,TRUE,0.00895717159541835,0.00895717159541835,-0.004754098826359757,-0.019011126762410496,-0.017947918982862812
permutation,252,NA,NA,NA,TRUE,-0.006251539373291374,-0.006251539373291374,-0.0019881296301063863,0.049088238175220275,0.010176769169251823
permutation,253,NA,NA,NA,TRUE,-0.0047591715172119855,-0.0047591715172119855,-2.1181954173422196e-4,-0.011845684549916104,-0.010856331960707576
permutation,254,NA,NA,NA,TRUE,-0.00338929799225585,-0.00338929799225585,-0.005225743649700727,-0.006409910041518157,-0.011614525285995806
permutation,255,NA,NA,NA,TRUE,-0.011677572063473609,-0.011677572063473609,-0.036772333160500215,-0.026744639866304723,-0.03370983828970374
permutation,256,NA,NA,NA,TRUE,-0.0036406904598206375,-0.0036406904598206375,0.01559412350895599,0.0160120400068989,0.01626324840069839
permutation,257,NA,NA,NA,TRUE,0.010892641934387005,0.010892641934387005,0.006789201613784548,0.00569052580377417,-0.005933708769647482
permutation,258,NA,NA,NA,TRUE,0.0065549252861478655,0.0065549252861478655,9.648775397917983e-4,-0.021861067965517702,-0.027228667115305714
permutation,259,NA,NA,NA,TRUE,-0.009213680494008626,-0.009213680494008626,-0.016697784798175398,-0.04635448835969694,-0.019736274656688556
permutation,260,NA,NA,NA,TRUE,0.020348787778303647,0.020348787778303647,0.014800241178637855,-0.005036158951742257,0.006476591748027394
permutation,261,NA,NA,NA,TRUE,-0.0025315873668317543,-0.0025315873668317543,6.195016377502768e-4,0.011608104990827539,0.032443918865587146
permutation,262,NA,NA,NA,TRUE,0.003163369599114466,0.003163369599114466,0.014752495788829556,0.024587128305374715,0.01152502800865767
permutation,263,NA,NA,NA,TRUE,0.019120463965602668,0.019120463965602668,-0.0034671225111771176,0.03518264324613278,0.020630728880357902
permutation,264,NA,NA,NA,TRUE,0.025403223367153997,0.025403223367153997,0.025158398848270206,0.023738685733060382,0.02513113124654998
permutation,265,NA,NA,NA,TRUE,-0.029121906724451883,-0.029121906724451883,-0.03336220446931768,0.012242448666970135,-0.006599936568730615
permutation,266,NA,NA,NA,TRUE,-0.01047483287103243,-0.01047483287103243,0.002771061204062798,0.0055733384354246795,0.005237217146226655
permutation,267,NA,NA,NA,TRUE,6.449114755078842e-4,6.449114755078842e-4,-0.011013794770222357,-0.04359928341077952,-0.021399734067761907
permutation,268,NA,NA,NA,TRUE,0.032694488416693916,0.032694488416693916,0.043535344996728634,0.03910975833070921,0.03913650795572931
permutation,269,NA,NA,NA,TRUE,0.002054679641944653,0.002054679641944653,0.01519123591467219,9.07707337270843e-4,-0.005182697091177049
permutation,270,NA,NA,NA,TRUE,-0.007914977095072924,-0.007914977095072924,-0.038925199232109846,0.0034744935435889676,0.009865362362299452
permutation,271,NA,NA,NA,TRUE,0.00540985289863729,0.00540985289863729,-0.017263378824205984,-0.02100909883105773,-0.015509096111887236
permutation,272,NA,NA,NA,TRUE,0.0317956092438127,0.0317956092438127,0.010543426714477729,-0.03003725457415444,-0.022982283799137852
permutation,273,NA,NA,NA,TRUE,0.00611580285908122,0.00611580285908122,-0.0045712600346153294,-0.012216036509967835,-0.0076249056500721024
permutation,274,NA,NA,NA,TRUE,-0.004684590616512731,-0.004684590616512731,0.014452761921694375,-0.007825071707695315,-0.008622121529749666
permutation,275,NA,NA,NA,TRUE,-0.02157315460937365,-0.02157315460937365,-0.004102638861837673,0.026387960528654168,0.016067228447648112
permutation,276,NA,NA,NA,TRUE,-0.008630518071322485,-0.008630518071322485,-0.002775353146219962,-0.031215101631387937,-0.023546577966024367
permutation,277,NA,NA,NA,TRUE,-0.023038468665840195,-0.023038468665840195,-2.1408470314464995e-4,-0.008104985994108265,0.011862725280464281
permutation,278,NA,NA,NA,TRUE,-0.01186977868374852,-0.01186977868374852,-0.007959850441153691,0.005863472249761373,-0.004675762109561306
permutation,279,NA,NA,NA,TRUE,-0.01448433022505091,-0.01448433022505091,-0.01807345263684278,-0.0123814210894628,-0.01138473822493732
permutation,280,NA,NA,NA,TRUE,-0.010189542230004121,-0.010189542230004121,-0.012486845663249313,-0.010986555761836488,0.008908437614035024
permutation,281,NA,NA,NA,TRUE,-0.029533743128514273,-0.029533743128514273,-0.015020482706545974,-0.00643721818658664,0.0025986870104512637
permutation,282,NA,NA,NA,TRUE,0.009487193285011953,0.009487193285011953,0.007864735800098015,0.00895271194667794,2.0596602939766846e-4
permutation,283,NA,NA,NA,TRUE,-0.016696942719819,-0.016696942719819,-0.0015026983902888223,0.022197814858447542,0.017563023557527004
permutation,284,NA,NA,NA,TRUE,0.026450444815592444,0.026450444815592444,0.00998298645793948,-0.04138711277072246,-0.020560487846160082
permutation,285,NA,NA,NA,TRUE,-1.884538148332472e-4,-1.884538148332472e-4,-0.008524850902856583,-0.0258877402204881,-0.01489560419920664
permutation,286,NA,NA,NA,TRUE,-0.031074532930649428,-0.031074532930649428,-0.03601132680765079,-0.018783239735276076,-0.020612500970443138
permutation,287,NA,NA,NA,TRUE,0.01447546749522323,0.01447546749522323,0.010572103755193688,0.019871407687873016,0.01605100773721014
permutation,288,NA,NA,NA,TRUE,0.01974368247920819,0.01974368247920819,0.003079119444691969,-0.03790373543523959,-0.0322207899389092
permutation,289,NA,NA,NA,TRUE,0.025032188201653198,0.025032188201653198,0.02183498331437769,0.0019959225088282337,-7.801376116913089e-4
permutation,290,NA,NA,NA,TRUE,-0.02105490699915275,-0.02105490699915275,-0.00758457660517339,0.024831100755601226,0.01369198411024167
permutation,291,NA,NA,NA,TRUE,-0.009537077141753409,-0.009537077141753409,-0.019163483216729844,-0.004568049696205697,-0.004580179105750412
permutation,292,NA,NA,NA,TRUE,0.028965904159529893,0.028965904159529893,0.018575041764179318,-0.007518238660032369,-0.010175410480966384
permutation,293,NA,NA,NA,TRUE,-0.017714084170343324,-0.017714084170343324,-0.01519499788863402,0.004148460117485993,0.008851929864553437
permutation,294,NA,NA,NA,TRUE,0.013463826929991759,0.013463826929991759,-0.010036304015736134,-0.0362788579367707,-0.03097676718928324
permutation,295,NA,NA,NA,TRUE,0.003717905828563496,0.003717905828563496,0.02418511869156655,0.007267636687252322,0.0035777822722237755
permutation,296,NA,NA,NA,TRUE,-0.008944143118042303,-0.008944143118042303,0.0027285746140083764,-0.001318350077771405,-0.00328842435006227
permutation,297,NA,NA,NA,TRUE,0.014408347541509216,0.014408347541509216,0.008158575668432526,-0.03126158746448146,-0.012475565921918707
permutation,298,NA,NA,NA,TRUE,-0.007988181860224857,-0.007988181860224857,0.013534089664501255,0.0534724201855577,0.029681629993398125
permutation,299,NA,NA,NA,TRUE,-0.007106479261888125,-0.007106479261888125,-0.014955256293677341,-0.0042192234357792055,-0.015437910010930186
permutation,300,NA,NA,NA,TRUE,-0.029331080759271922,-0.029331080759271922,-0.01716576313343676,-0.0016697373033767726,-0.009106962094964897
permutation,301,NA,NA,NA,TRUE,0.020818550175219788,0.020818550175219788,0.002033634018849338,0.006808210935593698,0.002812922932355761
permutation,302,NA,NA,NA,TRUE,0.013782671560825976,0.013782671560825976,0.014891950899173705,0.01215336624219012,-0.003921539017550803
permutation,303,NA,NA,NA,TRUE,-0.030293775299183666,-0.030293775299183666,-0.02016071048182435,0.01572487018329441,-0.003965251908613864
permutation,304,NA,NA,NA,TRUE,-0.021925835839583775,-0.021925835839583775,-0.0380536843736544,-0.03026392955753637,-0.02424611545444731
permutation,305,NA,NA,NA,TRUE,0.0068982471862053495,0.0068982471862053495,0.0022167245997651132,-0.0023073820516670927,-0.00678768847888718
permutation,306,NA,NA,NA,TRUE,0.012197995825920368,0.012197995825920368,0.02367048602575996,0.053503302888412575,0.035289640916361914
permutation,307,NA,NA,NA,TRUE,0.02633944035477819,0.02633944035477819,0.0284641559963007,0.02830762707082892,0.01974662934328136
permutation,308,NA,NA,NA,TRUE,-0.014119856569256161,-0.014119856569256161,-0.025281562684817876,0.0014127159317989402,-0.009847298504727597
permutation,309,NA,NA,NA,TRUE,0.01522884737977577,0.01522884737977577,7.624033628824516e-4,-0.028829747386218275,-0.013494361716671666
permutation,310,NA,NA,NA,TRUE,-0.02660894085921712,-0.02660894085921712,-0.02850122415751073,-0.006676934215278294,-0.00851679995618241
permutation,311,NA,NA,NA,TRUE,0.0026767797707886714,0.0026767797707886714,0.021003705681129345,0.035548645151601416,0.02856424800080399
permutation,312,NA,NA,NA,TRUE,0.024260296207808764,0.024260296207808764,0.04504319845975349,0.04251932781519073,0.03132927322394944
permutation,313,NA,NA,NA,TRUE,-0.013348886304129061,-0.013348886304129061,0.0020079208675877515,-0.0021247092495933536,0.008832688141446032
permutation,314,NA,NA,NA,TRUE,-0.019546580117535524,-0.019546580117535524,-0.003699875549153242,-0.0015060963199503181,8.992774678019677e-4
permutation,315,NA,NA,NA,TRUE,0.024603566052118494,0.024603566052118494,0.020883709527771913,-0.01607052875536642,-0.02506914431336908
permutation,316,NA,NA,NA,TRUE,0.016440562938912794,0.016440562938912794,0.01871840507082048,0.014258052314621789,0.026922032219723516
permutation,317,NA,NA,NA,TRUE,0.002142267865440424,0.002142267865440424,-0.0029738275050850338,-0.0056460585598661,-0.0015530258238103307
permutation,318,NA,NA,NA,TRUE,0.006864934737053289,0.006864934737053289,0.0038871642479048163,0.016319169879122897,0.01603471972686668
permutation,319,NA,NA,NA,TRUE,-0.016005641774322107,-0.016005641774322107,-0.016133967615112935,0.01296857334105006,-0.0014750221696318185
permutation,320,NA,NA,NA,TRUE,0.0015560120814644787,0.0015560120814644787,-0.008573342987451986,0.007951555102866794,0.007920699453520644
permutation,321,NA,NA,NA,TRUE,0.008542132384378833,0.008542132384378833,-0.011757433713103392,-0.039712974041403865,-0.021282587856238926
permutation,322,NA,NA,NA,TRUE,0.0028899240971342974,0.0028899240971342974,-0.002844756427799017,-0.0051367498474889604,-0.006314013056611535
permutation,323,NA,NA,NA,TRUE,-0.010456961799096588,-0.010456961799096588,0.001425267700635096,0.008759940913742926,-4.5924663156140383e-4
permutation,324,NA,NA,NA,TRUE,-0.0028087454365326313,-0.0028087454365326313,0.01632976383095223,0.001883238126800448,0.010130332236317013
permutation,325,NA,NA,NA,TRUE,-0.006278133843698845,-0.006278133843698845,0.027273358055015823,-0.0049437133518534186,0.012251109546230897
permutation,326,NA,NA,NA,TRUE,0.013501655134273765,0.013501655134273765,-0.0026646116866342866,-0.0012480934293582092,-0.006779341601368697
permutation,327,NA,NA,NA,TRUE,-0.0033224033082698123,-0.0033224033082698123,0.001326637941799446,0.004385693114623902,0.011450056743592545
permutation,328,NA,NA,NA,TRUE,-0.003417327349018432,-0.003417327349018432,-0.019941149994462372,-0.021516143140501553,-0.022096048200516454
permutation,329,NA,NA,NA,TRUE,0.01062990626992168,0.01062990626992168,0.018018177279901362,0.027553288188749758,0.013943848965217796
permutation,330,NA,NA,NA,TRUE,-0.020457077988628995,-0.020457077988628995,-0.021548769755880718,0.03950895795077022,0.03640168549353134
permutation,331,NA,NA,NA,TRUE,-0.012355233211520692,-0.012355233211520692,-0.0049202207230413875,0.018854342638767514,0.038124977810334956
permutation,332,NA,NA,NA,TRUE,0.001273084757515948,0.001273084757515948,0.009169049253696675,0.02685235390634153,0.02209466022786873
permutation,333,NA,NA,NA,TRUE,0.005771997957014999,0.005771997957014999,0.009944079420450443,0.009601027580226454,-0.006593423125911664
permutation,334,NA,NA,NA,TRUE,-0.010109234508739228,-0.010109234508739228,0.0034995145513452026,-0.0067466829463391385,0.014408154682909144
permutation,335,NA,NA,NA,TRUE,-0.015850347321448306,-0.015850347321448306,-0.017878228992184185,-0.02714700510437322,0.005202724365284451
permutation,336,NA,NA,NA,TRUE,0.026930570346129962,0.026930570346129962,0.0035785220522369064,-4.165975300400304e-4,-0.007446842296239004
permutation,337,NA,NA,NA,TRUE,-0.020351768129932883,-0.020351768129932883,-0.010260630736216981,-0.018085304607617834,0.001675730324138907
permutation,338,NA,NA,NA,TRUE,0.017129834727789495,0.017129834727789495,0.017152954058727646,-0.022246361170651836,-0.007265228585177627
permutation,339,NA,NA,NA,TRUE,0.01013201939086106,0.01013201939086106,0.0200094123711242,0.010953118791107138,0.023145004045886285
permutation,340,NA,NA,NA,TRUE,-0.029210086545753588,-0.029210086545753588,0.0015208939838147195,0.0022492120212581727,0.017722664153000642
permutation,341,NA,NA,NA,TRUE,0.004986557971139246,0.004986557971139246,-0.01596702709185198,0.013575561294472705,0.007039555042718026
permutation,342,NA,NA,NA,TRUE,-0.013378492334727932,-0.013378492334727932,-0.017993959302773196,-0.010035637902204422,-0.005235296046031339
permutation,343,NA,NA,NA,TRUE,0.008714567870245323,0.008714567870245323,6.065030715242045e-5,-0.020624965252360745,-7.200489645685891e-5
permutation,344,NA,NA,NA,TRUE,0.0029310911611656284,0.0029310911611656284,-0.01869296316409684,-0.03682646424770897,-0.02938829538635652
permutation,345,NA,NA,NA,TRUE,-0.0027869301000248417,-0.0027869301000248417,0.005667870380627302,-0.018189986376622693,-0.019317400615554956
permutation,346,NA,NA,NA,TRUE,-5.475145531412283e-4,-5.475145531412283e-4,0.012543356457173185,0.03549905015430657,0.019373047138456216
permutation,347,NA,NA,NA,TRUE,-0.02537425920747681,-0.02537425920747681,-0.026107618325711356,-0.022837350110237072,-0.004830277977520947
permutation,348,NA,NA,NA,TRUE,-0.02033594669563828,-0.02033594669563828,-0.013628803953577236,-0.00890165969883312,-0.020849420214618476
permutation,349,NA,NA,NA,TRUE,0.010412222927311506,0.010412222927311506,-0.014539198047450663,-0.03785955407938617,-0.033005170393779565
permutation,350,NA,NA,NA,TRUE,-0.007821871536191209,-0.007821871536191209,0.003096016857062329,0.011232759263447625,0.023186974096760758
permutation,351,NA,NA,NA,TRUE,-0.008925489936147278,-0.008925489936147278,0.012273205157586021,0.003840184651747871,0.025338182927334453
permutation,352,NA,NA,NA,TRUE,-0.022183390550436517,-0.022183390550436517,-0.010380572989216422,-0.005956205317657243,-0.0023776719549830523
permutation,353,NA,NA,NA,TRUE,-0.02237664176946773,-0.02237664176946773,-0.021971424179458493,-0.009890992448704831,-0.01576405090010965
permutation,354,NA,NA,NA,TRUE,-0.0012912518165535292,-0.0012912518165535292,-0.006029491897972553,0.04032495628677378,0.03153869232901346
permutation,355,NA,NA,NA,TRUE,0.013341378779325844,0.013341378779325844,0.006033937581078205,0.009184805383095317,0.006512535283118647
permutation,356,NA,NA,NA,TRUE,0.017796505787432828,0.017796505787432828,0.0336754440374932,0.019487317569030486,0.015836203271677576
permutation,357,NA,NA,NA,TRUE,0.016441614844507662,0.016441614844507662,0.0012097702266275975,-0.02653371587466168,-0.012358088913828117
permutation,358,NA,NA,NA,TRUE,0.016838964206540758,0.016838964206540758,0.01721783810995974,0.010317228354760908,0.023829165852446044
permutation,359,NA,NA,NA,TRUE,-0.014601738641690164,-0.014601738641690164,-0.00934911570755207,0.0057397460072045586,-0.002816038970364554
permutation,360,NA,NA,NA,TRUE,0.007241380983586671,0.007241380983586671,6.120303620481271e-6,0.043295285413265786,0.006025645780165957
permutation,361,NA,NA,NA,TRUE,-0.018940129523200153,-0.018940129523200153,-0.009954856865609697,0.007711105226927178,-0.0041727247544831834
permutation,362,NA,NA,NA,TRUE,-0.010278112463942456,-0.010278112463942456,-0.009459408044956664,-0.015206957275600518,-0.02596809150660829
permutation,363,NA,NA,NA,TRUE,6.088299186695602e-4,6.088299186695602e-4,0.014298533491347116,0.010809627387887141,-0.0032393588059440813
permutation,364,NA,NA,NA,TRUE,-0.03678079608779154,-0.03678079608779154,-0.023504263025848064,0.024452754347728478,0.009538048026640121
permutation,365,NA,NA,NA,TRUE,0.04330075836914961,0.04330075836914961,0.015847498348235654,-0.0010592135829787103,0.017171723567591262
permutation,366,NA,NA,NA,TRUE,-0.024443905492528676,-0.024443905492528676,-0.01327598334310516,0.008985909157046116,-0.003888523114700542
permutation,367,NA,NA,NA,TRUE,-0.030663614249849813,-0.030663614249849813,-0.009375240233597499,-0.026102609121977868,-0.011644133660955201
permutation,368,NA,NA,NA,TRUE,0.05659616849441855,0.05659616849441855,0.021578056213507855,0.019918313191706262,0.027261171265638085
permutation,369,NA,NA,NA,TRUE,-0.016285174867764495,-0.016285174867764495,-0.004469117800056044,-0.02012959208261252,-0.007870532547104497
permutation,370,NA,NA,NA,TRUE,0.01408253285402892,0.01408253285402892,-0.006626953767977664,-0.0046330753638929075,-0.007549181623625034
permutation,371,NA,NA,NA,TRUE,-0.03922082883661912,-0.03922082883661912,-0.0284128427123996,-0.016153501667756493,-0.010497713870985387
permutation,372,NA,NA,NA,TRUE,-0.022193256597933957,-0.022193256597933957,-0.009808344595161066,0.014139647554862005,0.0054303246736464444
permutation,373,NA,NA,NA,TRUE,0.0033654662158160427,0.0033654662158160427,0.016814480527684656,0.004131965676516094,-0.010647551984234602
permutation,374,NA,NA,NA,TRUE,-0.011091791452664836,-0.011091791452664836,-0.004172398497697763,0.02318225919337012,0.00975377779179256
permutation,375,NA,NA,NA,TRUE,-0.01785757172340613,-0.01785757172340613,-0.0010019384174795552,-0.006557971938619074,-0.005963877088826831
permutation,376,NA,NA,NA,TRUE,-4.801223860508652e-4,-4.801223860508652e-4,0.011619764462164922,-0.005963455811679438,0.0077087199538325305
permutation,377,NA,NA,NA,TRUE,-0.01638144810247127,-0.01638144810247127,0.00253537486584313,0.041522308750192236,0.03541624246437233
permutation,378,NA,NA,NA,TRUE,0.02229890113427149,0.02229890113427149,0.0016552555025313963,0.00637896811468382,-0.009158583848183261
permutation,379,NA,NA,NA,TRUE,-0.005760045887517082,-0.005760045887517082,-0.0018504212103507148,-0.003580065973307916,-0.013590944007331372
permutation,380,NA,NA,NA,TRUE,0.01823928385520625,0.01823928385520625,0.0022800462282857037,1.9579189453476642e-4,-8.337193269115396e-4
permutation,381,NA,NA,NA,TRUE,0.009340324021495535,0.009340324021495535,0.019844495487557227,0.03513067296807526,0.027733102120597042
permutation,382,NA,NA,NA,TRUE,0.001107156747554498,0.001107156747554498,-0.002603789461926181,0.02059117802107375,0.011964361014176108
permutation,383,NA,NA,NA,TRUE,-8.290609456553479e-5,-8.290609456553479e-5,-0.019765505708885394,-0.008696180020919271,-0.008049660047968175
permutation,384,NA,NA,NA,TRUE,0.04420320120221002,0.04420320120221002,0.030033536748109407,0.02052381441533626,0.022633063749925145
permutation,385,NA,NA,NA,TRUE,0.02351268548065795,0.02351268548065795,-0.013621056338539543,-0.02455640086862066,-0.00698322335333364
permutation,386,NA,NA,NA,TRUE,-0.0011972284709096846,-0.0011972284709096846,0.006899675698099333,-0.020590924986419446,0.006453614069771941
permutation,387,NA,NA,NA,TRUE,0.005869481359186089,0.005869481359186089,0.018586869081845776,0.005416148132618614,0.019857623858572086
permutation,388,NA,NA,NA,TRUE,0.004904709812814559,0.004904709812814559,-0.008120826729640667,-0.006046587176358729,-0.009927949855892152
permutation,389,NA,NA,NA,TRUE,0.0014287442656754474,0.0014287442656754474,-0.005080579532486133,-0.005617484053667982,-0.015817536392585076
permutation,390,NA,NA,NA,TRUE,0.009035331448556847,0.009035331448556847,0.0012320986295431694,-0.0066830677520810285,-0.026985035345231098
permutation,391,NA,NA,NA,TRUE,0.006597782757082838,0.006597782757082838,0.003007128039281915,0.0025935302158090895,0.00979898107986298
permutation,392,NA,NA,NA,TRUE,0.006828402358821596,0.006828402358821596,0.004063457623180566,0.024803019597797016,0.005955512239329924
permutation,393,NA,NA,NA,TRUE,0.004211221539956862,0.004211221539956862,0.001159176810035396,-0.004137552420278648,-2.047837913123074e-5
permutation,394,NA,NA,NA,TRUE,0.006401365636912934,0.006401365636912934,0.013308209950244164,0.02898605930032207,0.022748028327432012
permutation,395,NA,NA,NA,TRUE,-0.036190887840044206,-0.036190887840044206,-0.013014729789428983,0.019012180839618274,9.104545673971273e-4
permutation,396,NA,NA,NA,TRUE,0.008382171409054543,0.008382171409054543,-0.0015856907770108591,-0.027922467806551853,-0.026744007469445726
permutation,397,NA,NA,NA,TRUE,-0.018485124696793618,-0.018485124696793618,-0.013901671070869133,-5.342019357708234e-4,0.0019107901835997733
permutation,398,NA,NA,NA,TRUE,-0.01402895611341695,-0.01402895611341695,0.0012332142027409263,0.012298183513768135,0.01335035590568054
permutation,399,NA,NA,NA,TRUE,-0.013754690181685196,-0.013754690181685196,-0.023492649995438816,-0.008558605488675649,-0.011764360241566225
permutation,400,NA,NA,NA,TRUE,-0.00834590937569446,-0.00834590937569446,-0.008601940459107327,0.017344578414567297,0.011820365324278066
permutation,401,NA,NA,NA,TRUE,0.018138415670602672,0.018138415670602672,0.026747024441159874,0.030831438345525694,0.014992012247214324
permutation,402,NA,NA,NA,TRUE,0.022552601213726424,0.022552601213726424,0.003850780567889487,-0.008563945850103404,-0.020377676973331503
permutation,403,NA,NA,NA,TRUE,0.005312814836758267,0.005312814836758267,-0.0022975630432852077,-0.027095887929013025,-0.005527671722961134
permutation,404,NA,NA,NA,TRUE,0.023876917466238934,0.023876917466238934,0.015460217762916359,-0.011877473104420465,0.002756561246867281
permutation,405,NA,NA,NA,TRUE,0.007708534756034857,0.007708534756034857,0.013711322793716707,-0.0011082080453466694,0.013839836668896424
permutation,406,NA,NA,NA,TRUE,-0.0037530543825350067,-0.0037530543825350067,-0.018749222101644657,-0.031390250394758706,-0.01266075492541048
permutation,407,NA,NA,NA,TRUE,0.024122231265964137,0.024122231265964137,0.022439326664031582,-0.008812472890791626,0.009243663115015711
permutation,408,NA,NA,NA,TRUE,-0.0024699792824757626,-0.0024699792824757626,-0.005301748760452026,0.0025886384672296494,-0.0029666061652310572
permutation,409,NA,NA,NA,TRUE,0.004471764380183387,0.004471764380183387,0.0021933882584015867,0.011533671482801287,0.0021823777146358805
permutation,410,NA,NA,NA,TRUE,0.022212868251744722,0.022212868251744722,-0.007358941435920464,-0.033059670865897145,-0.04155051942825054
permutation,411,NA,NA,NA,TRUE,-0.016264567032592273,-0.016264567032592273,-0.012575746160775881,-0.01904479877779069,-0.0014624972560674868
permutation,412,NA,NA,NA,TRUE,0.03197838531256326,0.03197838531256326,0.04897257762276303,0.025111193962192795,0.014382147492377113
permutation,413,NA,NA,NA,TRUE,-0.018876512988618643,-0.018876512988618643,-0.006935877442426509,-0.004884178441905713,-0.008417817865232862
permutation,414,NA,NA,NA,TRUE,0.003787398432212493,0.003787398432212493,-0.004006299356259599,-0.012490430253380414,-0.011478348399961893
permutation,415,NA,NA,NA,TRUE,0.008870894593111857,0.008870894593111857,0.005039422027925724,0.009070640740437723,-0.00550981102562681
permutation,416,NA,NA,NA,TRUE,0.012911845017220916,0.012911845017220916,0.015937957494013742,0.0012524218550213021,0.003265777211967552
permutation,417,NA,NA,NA,TRUE,0.01855517650909277,0.01855517650909277,-0.011200136429448938,-0.0071355178862278,-0.013084471714656962
permutation,418,NA,NA,NA,TRUE,-0.004159481951847581,-0.004159481951847581,-0.009055548755617166,-0.020448571863046494,-0.023468157644514674
permutation,419,NA,NA,NA,TRUE,-4.5116534840738524e-5,-4.5116534840738524e-5,-0.013650171759382951,-0.014478181413949468,-0.02700501436098932
permutation,420,NA,NA,NA,TRUE,-0.017667748500562325,-0.017667748500562325,-0.017947423168266356,0.008246177765347744,-0.017150628034426022
permutation,421,NA,NA,NA,TRUE,-0.01311504477771067,-0.01311504477771067,-0.005094075671647111,-0.005816618312273369,-5.165820575190501e-4
permutation,422,NA,NA,NA,TRUE,0.040946322258995936,0.040946322258995936,0.007113778257738512,-0.006167154402539898,-0.01123774991962944
permutation,423,NA,NA,NA,TRUE,0.007578682907234264,0.007578682907234264,-0.017239700795812756,-0.037583782308663924,-0.02254814095081967
permutation,424,NA,NA,NA,TRUE,-0.028194561072622307,-0.028194561072622307,-0.009622495439046159,-0.010966710917919283,0.0036060805702976574
permutation,425,NA,NA,NA,TRUE,-0.012837199781949818,-0.012837199781949818,-0.027505557717881816,0.020073555209019732,0.010898565432998556
permutation,426,NA,NA,NA,TRUE,0.02872004602963283,0.02872004602963283,0.016514035419152022,0.022815199974120015,1.2479567388613139e-4
permutation,427,NA,NA,NA,TRUE,0.02069477490158361,0.02069477490158361,0.0048126751159175245,-0.010484960141541183,-0.012916635043014154
permutation,428,NA,NA,NA,TRUE,0.033113764066830184,0.033113764066830184,0.018535699771956484,-0.023640562978030383,-0.0026056161278799755
permutation,429,NA,NA,NA,TRUE,0.02063759455447715,0.02063759455447715,0.012532662618755876,-0.02245457918394327,-0.008074105895614872
permutation,430,NA,NA,NA,TRUE,-0.011916278850095618,-0.011916278850095618,-0.0017252382320343592,0.022016173505725347,-0.009076599898370508
permutation,431,NA,NA,NA,TRUE,0.008789493651225751,0.008789493651225751,0.03222778851392337,0.01613441401301736,0.011406146902695643
permutation,432,NA,NA,NA,TRUE,-0.0018358813814246069,-0.0018358813814246069,0.007196194211498133,0.00803382051592904,0.008393742571839953
permutation,433,NA,NA,NA,TRUE,0.017330992993814756,0.017330992993814756,0.00875716485427438,0.025544357558824556,0.015093344856182904
permutation,434,NA,NA,NA,TRUE,0.023946727830481913,0.023946727830481913,0.010126784680720233,-0.0019078309216963851,-0.009805885597724578
permutation,435,NA,NA,NA,TRUE,-0.02692816253556557,-0.02692816253556557,-0.015520859254391658,-0.0019788741109936815,0.015176422444712727
permutation,436,NA,NA,NA,TRUE,-0.008265252690865435,-0.008265252690865435,-6.92381290601559e-4,0.007152973277590428,0.01444162791336432
permutation,437,NA,NA,NA,TRUE,0.03263688121280475,0.03263688121280475,0.015605243914308807,0.011064778493695453,0.018330402953055505
permutation,438,NA,NA,NA,TRUE,-0.02319326153640706,-0.02319326153640706,-0.018010262812564803,-0.022912716414837525,-0.014384462979869185
permutation,439,NA,NA,NA,TRUE,1.738171447218957e-4,1.738171447218957e-4,0.002900198523327996,0.004900957233227955,0.003617910220208452
permutation,440,NA,NA,NA,TRUE,0.028089281777533632,0.028089281777533632,0.023521299570446966,0.024108484810155144,0.022862311116318364
permutation,441,NA,NA,NA,TRUE,-0.0218672399479837,-0.0218672399479837,-0.0013879142990563843,-0.010236724380661413,-0.010549584976710975
permutation,442,NA,NA,NA,TRUE,-0.01730443976541898,-0.01730443976541898,-0.02436456721471007,-6.070246372906832e-4,0.0048610525880339005
permutation,443,NA,NA,NA,TRUE,0.020634816884183872,0.020634816884183872,0.0024423883660624132,-0.007750139994341036,0.019771814531588106
permutation,444,NA,NA,NA,TRUE,0.03237213949708595,0.03237213949708595,0.016140790726822,0.015722942815315822,0.013144028368623686
permutation,445,NA,NA,NA,TRUE,-0.01445526761420509,-0.01445526761420509,-0.007871324710833759,-0.024253813248539424,-0.030700998040203632
permutation,446,NA,NA,NA,TRUE,0.01220261453605307,0.01220261453605307,-0.00859872181118524,-0.015490101834044874,-0.013464376853037772
permutation,447,NA,NA,NA,TRUE,-0.008747135806333154,-0.008747135806333154,-0.026203901931118254,-0.02729213201738942,-0.011744240394401658
permutation,448,NA,NA,NA,TRUE,0.0015036356621616592,0.0015036356621616592,0.002217703198807411,0.03187046421775754,0.012122378048159847
permutation,449,NA,NA,NA,TRUE,-0.016048343386056558,-0.016048343386056558,-0.008301498537462152,0.04944635185190446,0.017606375579923273
permutation,450,NA,NA,NA,TRUE,-0.002098352031000995,-0.002098352031000995,0.02247568752919849,0.047383486690561596,0.018339583308928743
permutation,451,NA,NA,NA,TRUE,0.01460032363319993,0.01460032363319993,0.01719026456784885,0.0056911249286531514,5.228737248412219e-4
permutation,452,NA,NA,NA,TRUE,0.0021401787040553418,0.0021401787040553418,-0.023696068632071274,-0.005630779810595352,-0.0022464666755040584
permutation,453,NA,NA,NA,TRUE,-0.035781565547444986,-0.035781565547444986,-0.03271067918371485,-0.003835037836689273,-0.01716216393847859
permutation,454,NA,NA,NA,TRUE,-0.0025361950119843794,-0.0025361950119843794,0.0046105366351185725,0.02853349909252012,0.023436014387542326
permutation,455,NA,NA,NA,TRUE,-0.00994597637657108,-0.00994597637657108,-0.014833770276509131,-0.03524799035907724,-0.02828026339984839
permutation,456,NA,NA,NA,TRUE,0.0028522865616553822,0.0028522865616553822,-0.00534549386565695,-0.029247357642783484,-0.04005002215045288
permutation,457,NA,NA,NA,TRUE,-0.03297154034640804,-0.03297154034640804,-0.0021497731186388355,0.013105864481295117,0.0035768011546338935
permutation,458,NA,NA,NA,TRUE,0.02149362190134026,0.02149362190134026,0.009203251745379159,-0.012540878280568529,-0.01373762004204716
permutation,459,NA,NA,NA,TRUE,0.014142513628506543,0.014142513628506543,-0.008451791114071005,-0.013907558828154804,-0.012317977008963683
permutation,460,NA,NA,NA,TRUE,0.011922615716004892,0.011922615716004892,0.016986047231887763,0.03361458742823607,0.023465818477621046
permutation,461,NA,NA,NA,TRUE,-0.019250015661203723,-0.019250015661203723,-0.005795845407323343,0.029453124435299457,0.020490709507768292
permutation,462,NA,NA,NA,TRUE,-0.0024325925712836882,-0.0024325925712836882,0.02183832689518571,0.004212839031551088,0.017376399984337203
permutation,463,NA,NA,NA,TRUE,-0.018202950422751163,-0.018202950422751163,-0.018453031105701914,-0.02352725525185268,-0.016402066898133033
permutation,464,NA,NA,NA,TRUE,0.01831600435851196,0.01831600435851196,0.03984256404628648,0.03994985107924119,0.0258511979873835
permutation,465,NA,NA,NA,TRUE,-0.03661092086625605,-0.03661092086625605,-0.00442779734223582,0.010412361932677708,-4.2178690489508286e-4
permutation,466,NA,NA,NA,TRUE,0.022704749432601836,0.022704749432601836,0.020152296352011437,0.0013304211067672878,-0.006601867722494527
permutation,467,NA,NA,NA,TRUE,-0.009949019498966186,-0.009949019498966186,0.023187002538037058,-0.0016017753510011463,0.024260990625717932
permutation,468,NA,NA,NA,TRUE,0.007975186745168422,0.007975186745168422,0.0034717131638876053,-0.02991695164339999,-0.02053386156317308
permutation,469,NA,NA,NA,TRUE,-8.182020463104643e-4,-8.182020463104643e-4,-0.01261998035471061,-0.011356159485022178,0.0036756112143097705
permutation,470,NA,NA,NA,TRUE,6.140823586415437e-4,6.140823586415437e-4,-0.007624942049130154,0.0031893837930699145,-0.008591688923327822
permutation,471,NA,NA,NA,TRUE,-0.00877054590930625,-0.00877054590930625,-0.0030949076891773914,0.005341040074088619,0.0048562957361807935
permutation,472,NA,NA,NA,TRUE,0.004869075733961108,0.004869075733961108,-0.008938364633786182,-0.03153169067010257,-0.024220077128468166
permutation,473,NA,NA,NA,TRUE,-0.008562194846596363,-0.008562194846596363,-0.01138499485683229,-0.003829329347185607,-0.006567819927368717
permutation,474,NA,NA,NA,TRUE,0.01074484051518145,0.01074484051518145,0.025544377566528113,0.031805502723490704,0.014993200743478857
permutation,475,NA,NA,NA,TRUE,0.014231586832308268,0.014231586832308268,0.01440915750847608,0.009971519692748988,0.008172892564607851
permutation,476,NA,NA,NA,TRUE,0.02381745532329843,0.02381745532329843,0.01588308776444341,0.019985607930150626,0.013109328036396225
permutation,477,NA,NA,NA,TRUE,-0.01894034417089965,-0.01894034417089965,0.0016444882014306703,0.012118838983062576,0.017727976968034662
permutation,478,NA,NA,NA,TRUE,-0.014374195183977482,-0.014374195183977482,-0.004661785576510391,0.023594485935395346,0.005810771976982054
permutation,479,NA,NA,NA,TRUE,0.013442370226682867,0.013442370226682867,0.014892280050259126,0.03342794246495402,0.01489586303985914
permutation,480,NA,NA,NA,TRUE,-0.008529945921481796,-0.008529945921481796,0.0015917817066622222,0.025640217855419402,0.01823993373411279
permutation,481,NA,NA,NA,TRUE,-0.0015522302796804714,-0.0015522302796804714,-0.00912752076135649,-0.030101904306438044,-0.026845093477048422
permutation,482,NA,NA,NA,TRUE,-0.02760067402145026,-0.02760067402145026,-0.013933630806668594,0.003817317567415112,0.014157606905438037
permutation,483,NA,NA,NA,TRUE,-0.008279472694445103,-0.008279472694445103,-0.03663313597770778,-0.009056374955747171,-0.015132797042313285
permutation,484,NA,NA,NA,TRUE,-0.006178036220578789,-0.006178036220578789,0.0196772899072334,0.013770012143403298,0.023920886770139465
permutation,485,NA,NA,NA,TRUE,0.004403956651488545,0.004403956651488545,0.010304953081013238,0.03418634611638213,0.03286593580816418
permutation,486,NA,NA,NA,TRUE,0.021660574502166286,0.021660574502166286,4.45008450422002e-4,-0.00654638557488638,-0.010930397672237715
permutation,487,NA,NA,NA,TRUE,0.03200961393099038,0.03200961393099038,0.029433009429627014,0.019201692450493062,0.025303865203692634
permutation,488,NA,NA,NA,TRUE,0.015704340104238792,0.015704340104238792,0.012905772094233674,0.016790001840599155,0.004058082429400513
permutation,489,NA,NA,NA,TRUE,4.116603133463314e-5,4.116603133463314e-5,0.0020366497225578154,0.03064242752204373,0.02036710268394848
permutation,490,NA,NA,NA,TRUE,0.007422708766682869,0.007422708766682869,0.01799386462705602,0.02319579525905125,0.021823505153685002
permutation,491,NA,NA,NA,TRUE,-3.8377959490796875e-5,-3.8377959490796875e-5,-0.020149099436356437,-0.005869342705104656,-0.0027170112784108357
permutation,492,NA,NA,NA,TRUE,0.0053227251556448515,0.0053227251556448515,0.011894632415614843,0.012279119068889278,0.018808866079249906
permutation,493,NA,NA,NA,TRUE,0.016543541711065226,0.016543541711065226,0.016843557016353743,-0.013546705387807851,-0.018207739496277634
permutation,494,NA,NA,NA,TRUE,0.012254247480787007,0.012254247480787007,-0.004803113050007014,-0.02777040487629036,-0.017792630278801406
permutation,495,NA,NA,NA,TRUE,0.0028835608990945426,0.0028835608990945426,-0.0013989020548765634,0.001458706179864018,-0.008962593653464608
permutation,496,NA,NA,NA,TRUE,0.0013431790706045106,0.0013431790706045106,-0.02073998396481519,0.032653571588066976,0.004356998801636829
permutation,497,NA,NA,NA,TRUE,-0.0021740140533494327,-0.0021740140533494327,-0.0404334673767525,-0.024090658033611982,-0.01832884002371269
permutation,498,NA,NA,NA,TRUE,0.012718305126252471,0.012718305126252471,0.019625629499864135,0.035155576443995064,0.019962542779663424
permutation,499,NA,NA,NA,TRUE,-6.238165969975847e-4,-6.238165969975847e-4,-7.680906060711577e-4,0.013501020640897195,0.00677984038905338
permutation,500,NA,NA,NA,TRUE,-0.009635802914556556,-0.009635802914556556,5.381365999524521e-4,-0.024396797587834952,-0.026614970587839668
permutation,501,NA,NA,NA,TRUE,-0.0020629316620392225,-0.0020629316620392225,-0.01344771637232026,-0.001029050742189862,-0.020912246316089952
permutation,502,NA,NA,NA,TRUE,-0.017765843190181742,-0.017765843190181742,-0.0029981394016447196,0.010347330231747085,0.003178543996493751
permutation,503,NA,NA,NA,TRUE,0.00261417730051666,0.00261417730051666,0.006224321472930918,0.012821918745416893,0.0051158193862217115
permutation,504,NA,NA,NA,TRUE,-0.014364131721865715,-0.014364131721865715,-0.00430755037813501,0.0075582896691353055,-0.010543769667433043
permutation,505,NA,NA,NA,TRUE,-0.003933242381994385,-0.003933242381994385,-0.011550238209764153,-0.004673761445972641,-0.011313131528218423
permutation,506,NA,NA,NA,TRUE,-0.030932418053557714,-0.030932418053557714,-0.03905086242162577,-0.011099984123758337,-0.01778434492825097
permutation,507,NA,NA,NA,TRUE,0.010032021956765487,0.010032021956765487,0.005964130501896479,-0.007632497589258864,-0.0019846345369897173
permutation,508,NA,NA,NA,TRUE,0.0039215598845275985,0.0039215598845275985,0.004954265591438094,-0.0035162442581425576,0.019933578769738
permutation,509,NA,NA,NA,TRUE,-0.0023637356949641076,-0.0023637356949641076,0.014926358099304251,0.02641729839560293,0.017742948850691873
permutation,510,NA,NA,NA,TRUE,0.014978125230325618,0.014978125230325618,-0.004461928076181041,-0.015151978995317065,-0.023742378612677553
permutation,511,NA,NA,NA,TRUE,-0.03357948876356317,-0.03357948876356317,-0.003928435143090117,-0.00837438419029013,-0.010806830447334218
permutation,512,NA,NA,NA,TRUE,0.029779438090346794,0.029779438090346794,0.019350837370687653,0.006153060474106398,0.011818105012758096
permutation,513,NA,NA,NA,TRUE,-0.008698678897512245,-0.008698678897512245,0.008063398820369263,-0.00419298317970427,-0.008253317210307448
permutation,514,NA,NA,NA,TRUE,0.018415528682858815,0.018415528682858815,0.02829084410015484,0.021458044974214937,9.235671309159622e-4
permutation,515,NA,NA,NA,TRUE,-0.00708002135765599,-0.00708002135765599,0.0084839356456844,0.0194577280628826,0.00885298133516162
permutation,516,NA,NA,NA,TRUE,0.012394577872339227,0.012394577872339227,-0.005261640524340366,-0.025506905610627996,-0.013594735045268922
permutation,517,NA,NA,NA,TRUE,0.006972993136388386,0.006972993136388386,0.009867655370703374,-0.0012410500439947762,0.005824944892812618
permutation,518,NA,NA,NA,TRUE,-0.0015388068165899298,-0.0015388068165899298,-0.01133694810195466,0.02147277581110182,-0.0074185235181491015
permutation,519,NA,NA,NA,TRUE,0.003388782075114836,0.003388782075114836,0.0010054550452061103,-0.013047246319818866,0.016777949745357894
permutation,520,NA,NA,NA,TRUE,-0.015832550514517856,-0.015832550514517856,-0.013216966241067992,0.012871914543907011,-0.00808651002345527
permutation,521,NA,NA,NA,TRUE,-0.007316608547031431,-0.007316608547031431,-0.0034156097990780637,-0.029467625662961863,-0.024825666178572625
permutation,522,NA,NA,NA,TRUE,-0.007096643096994198,-0.007096643096994198,-0.005687035686703541,0.0034804003466618544,0.005261581827937589
permutation,523,NA,NA,NA,TRUE,-0.00540485597011664,-0.00540485597011664,-0.0032373787900766395,0.016104847524067087,0.0024285566422363805
permutation,524,NA,NA,NA,TRUE,3.254052163235763e-4,3.254052163235763e-4,0.01358262742023648,-0.005378366495255598,-4.4572027761194215e-4
permutation,525,NA,NA,NA,TRUE,-5.983386085278067e-4,-5.983386085278067e-4,0.005460172809384975,-0.017657496403725926,-0.006571728905035108
permutation,526,NA,NA,NA,TRUE,-0.013297207717044617,-0.013297207717044617,-6.894376384555916e-4,-0.0092417701221894355,-0.01791068878410418
permutation,527,NA,NA,NA,TRUE,-0.0010697741572403606,-0.0010697741572403606,0.0026037674420675387,0.016021827099669383,-0.009212630007786706
permutation,528,NA,NA,NA,TRUE,-0.012070886960245927,-0.012070886960245927,0.005293343507999201,0.026884913485215066,0.007258098004066602
permutation,529,NA,NA,NA,TRUE,-0.005769147227193015,-0.005769147227193015,-0.018669081217449694,-0.01778046377761556,-0.023086230027357768
permutation,530,NA,NA,NA,TRUE,-0.017358511554224215,-0.017358511554224215,-0.0354221491600168,-0.02336617682159555,-0.026773931003634722
permutation,531,NA,NA,NA,TRUE,0.03180041238611524,0.03180041238611524,0.02338347262261626,0.0035506439154943253,0.018911087934306917
permutation,532,NA,NA,NA,TRUE,-0.014332153508795997,-0.014332153508795997,-0.021261356667360357,0.001346792260761077,-0.017935521989745497
permutation,533,NA,NA,NA,TRUE,0.013469162919805816,0.013469162919805816,-0.008167064119936474,-0.017931152365058704,-0.019818403387532726
permutation,534,NA,NA,NA,TRUE,6.086975083590795e-4,6.086975083590795e-4,-3.703915150324237e-4,0.002639604003454507,-0.0010259351795444012
permutation,535,NA,NA,NA,TRUE,-0.010851215169604574,-0.010851215169604574,0.014631296981269797,0.02534372558498935,0.029176801295301483
permutation,536,NA,NA,NA,TRUE,-0.02811014453769661,-0.02811014453769661,-0.014372308020565338,-0.01776037282680502,-0.018766361406889497
permutation,537,NA,NA,NA,TRUE,0.00717073006122403,0.00717073006122403,0.0032557270490496584,-0.003835516074082136,0.008132288527113892
permutation,538,NA,NA,NA,TRUE,-0.004778994894481844,-0.004778994894481844,0.026330096292494144,0.018555221968846434,0.025299493776173822
permutation,539,NA,NA,NA,TRUE,0.004096790128029927,0.004096790128029927,-0.01330662660608252,-0.016465713583745767,-0.008683666993267475
permutation,540,NA,NA,NA,TRUE,-6.986000616330182e-4,-6.986000616330182e-4,-0.0030459808036900756,0.01684298143814271,0.007888389806175594
permutation,541,NA,NA,NA,TRUE,0.0012959964665770585,0.0012959964665770585,-0.00447096824287729,-0.025084383924359473,-0.03319464426870271
permutation,542,NA,NA,NA,TRUE,-0.0012628106450960153,-0.0012628106450960153,0.013899212220774032,0.015808347504599654,0.007971071002747326
permutation,543,NA,NA,NA,TRUE,-0.018588898702979594,-0.018588898702979594,-0.005252361272247945,-0.017860086725329585,-0.033808601235026416
permutation,544,NA,NA,NA,TRUE,0.011915104992629969,0.011915104992629969,-0.015774805562149483,0.007887057703792335,-0.0031562175757022456
permutation,545,NA,NA,NA,TRUE,-0.03308591110259885,-0.03308591110259885,-0.024433324387302516,0.01052030972547531,0.003814346599087186
permutation,546,NA,NA,NA,TRUE,0.016047679389825972,0.016047679389825972,0.01684900050715778,8.503044756028363e-4,0.023259475857619775
permutation,547,NA,NA,NA,TRUE,-0.014691385128214551,-0.014691385128214551,0.006148219661243074,0.005892104272654283,-0.0015011008176596067
permutation,548,NA,NA,NA,TRUE,0.0027434883434925006,0.0027434883434925006,0.02336279717960177,0.01889964790442431,0.013751038700411156
permutation,549,NA,NA,NA,TRUE,-0.01069150549367566,-0.01069150549367566,0.004055781262444852,0.01339623724958754,0.0063920202249091555
permutation,550,NA,NA,NA,TRUE,0.009913872191005427,0.009913872191005427,0.019355131223531274,0.007814095243454883,-0.0036258499425704475
permutation,551,NA,NA,NA,TRUE,-0.009332426022752673,-0.009332426022752673,0.010703611703736748,0.020078366829177376,0.016214915228928876
permutation,552,NA,NA,NA,TRUE,0.017590653547354233,0.017590653547354233,0.013535580628606046,-0.020392216893441808,-0.016050693313458392
permutation,553,NA,NA,NA,TRUE,0.03423383575227605,0.03423383575227605,0.02364128896269806,0.004255453670868572,0.02122470391523056
permutation,554,NA,NA,NA,TRUE,-0.009338212612168127,-0.009338212612168127,0.005326348783016266,-0.017262619478071374,0.0015425645705643889
permutation,555,NA,NA,NA,TRUE,-0.005767723026197227,-0.005767723026197227,-0.003740722801165001,-0.024653867676830612,-0.012430457375966156
permutation,556,NA,NA,NA,TRUE,-0.00697794752605103,-0.00697794752605103,0.012318950577200519,0.00998252652125155,0.016442394062718236
permutation,557,NA,NA,NA,TRUE,3.326903366568664e-4,3.326903366568664e-4,-0.009219601628628091,-0.012065046036295178,-0.006984193881150877
permutation,558,NA,NA,NA,TRUE,0.005624550428216926,0.005624550428216926,-0.008909351868033037,-0.004861607583516028,0.00531897849958905
permutation,559,NA,NA,NA,TRUE,0.015623763959893094,0.015623763959893094,0.020926815521281898,0.009528426153213788,0.013692115819907947
permutation,560,NA,NA,NA,TRUE,0.004816076965104262,0.004816076965104262,-0.013732799783654975,0.030168862977899107,0.010717994425211604
permutation,561,NA,NA,NA,TRUE,-0.01566977785043511,-0.01566977785043511,-0.011119241979255158,0.007298923371441172,-0.006030270250815336
permutation,562,NA,NA,NA,TRUE,-0.030779959314460172,-0.030779959314460172,-0.026964287864509405,-0.010400183292563307,-2.0375710275742295e-4
permutation,563,NA,NA,NA,TRUE,-0.016193331182894538,-0.016193331182894538,-0.0022139137196883554,-3.45709480808077e-4,-0.015347702488885296
permutation,564,NA,NA,NA,TRUE,0.0064133194202185655,0.0064133194202185655,0.0023847009851345833,-0.004168851077776457,-0.005470124101393258
permutation,565,NA,NA,NA,TRUE,0.015201752717159898,0.015201752717159898,-0.011882340244499212,-0.0272144110410212,-0.027953536741721928
permutation,566,NA,NA,NA,TRUE,0.02131113482297625,0.02131113482297625,-2.638373311612992e-4,-0.009744212831101249,0.004676741384547153
permutation,567,NA,NA,NA,TRUE,-0.013873940909118077,-0.013873940909118077,0.0029017178819036073,0.003492238411188356,-4.3734743467274684e-4
permutation,568,NA,NA,NA,TRUE,0.01520619875970131,0.01520619875970131,0.026744167648924105,0.030371605913064988,0.009064557626393372
permutation,569,NA,NA,NA,TRUE,-0.019915978740918494,-0.019915978740918494,-0.038209522695115405,-0.028739464892616702,-0.03018416158340624
permutation,570,NA,NA,NA,TRUE,0.015761962564555997,0.015761962564555997,-0.019599726103488486,-0.023732965798065643,-0.022391628007743324
permutation,571,NA,NA,NA,TRUE,0.021311952567575475,0.021311952567575475,0.0077034137669557915,7.630356072724324e-4,0.008855363992624243
permutation,572,NA,NA,NA,TRUE,-0.01917591112483602,-0.01917591112483602,-0.04354995026330856,-0.06937894338838044,-0.06049349509997363
permutation,573,NA,NA,NA,TRUE,0.009807532077566886,0.009807532077566886,0.01802162821133073,-0.0016132739567221444,0.014202193951127722
permutation,574,NA,NA,NA,TRUE,-0.003108772938413042,-0.003108772938413042,0.0011508566855111006,-0.0010316660890604562,5.629796640608496e-4
permutation,575,NA,NA,NA,TRUE,0.01825473380073332,0.01825473380073332,0.014379797167903927,-0.019768867630418133,-0.014589777281679078
permutation,576,NA,NA,NA,TRUE,-0.00314407784239763,-0.00314407784239763,0.0029703171899504908,0.0026557193702426113,-0.004432409428411605
permutation,577,NA,NA,NA,TRUE,0.008048109495682198,0.008048109495682198,0.0024207844854767764,0.012937617513744941,-0.0064685956510428366
permutation,578,NA,NA,NA,TRUE,-0.009473611918009092,-0.009473611918009092,-0.005888053295978937,-0.013733638238600385,-0.024862256540058948
permutation,579,NA,NA,NA,TRUE,-0.021877070081640203,-0.021877070081640203,-0.008582301717781888,0.0051717848024320535,-0.013383697023044696
permutation,580,NA,NA,NA,TRUE,-0.025783920115306096,-0.025783920115306096,-0.008576810411684243,0.035416041059007836,0.01989758122277516
permutation,581,NA,NA,NA,TRUE,0.0156942858365215,0.0156942858365215,0.01887201123060982,-0.021017870751368704,-0.018257910167407423
permutation,582,NA,NA,NA,TRUE,-0.007514494532884876,-0.007514494532884876,0.013869600780316547,0.01408149230019735,0.0145166540420525
permutation,583,NA,NA,NA,TRUE,-0.011435071312898087,-0.011435071312898087,-0.041321620289871464,-0.05013538148836919,-0.03731996170146546
permutation,584,NA,NA,NA,TRUE,-0.006475580330605954,-0.006475580330605954,0.004877054187227441,0.027070125053398023,0.012517397161387927
permutation,585,NA,NA,NA,TRUE,0.02583168839439607,0.02583168839439607,-0.004719996264081875,-0.03234014620375122,-0.029822138697470003
permutation,586,NA,NA,NA,TRUE,0.019838635328284247,0.019838635328284247,0.004989785335969544,-0.008442805884175595,-0.010421306610503944
permutation,587,NA,NA,NA,TRUE,-0.021720624254355267,-0.021720624254355267,-0.015674349024931724,-0.028387622834808397,-0.0172146142248429
permutation,588,NA,NA,NA,TRUE,-0.016742056870570732,-0.016742056870570732,-0.0040742695978095555,0.003953691734358458,0.0019451939888717185
permutation,589,NA,NA,NA,TRUE,-0.0011940015099785389,-0.0011940015099785389,-6.05302118694758e-4,0.003218051580328526,-3.0834360287008587e-4
permutation,590,NA,NA,NA,TRUE,0.0027810701119909353,0.0027810701119909353,0.012507486420682654,-0.0013827549485960805,-0.005624306350131345
permutation,591,NA,NA,NA,TRUE,-0.01777048453110417,-0.01777048453110417,-4.182351162746907e-4,0.013533500094408901,-0.005112945029562391
permutation,592,NA,NA,NA,TRUE,-0.002636524582178432,-0.002636524582178432,0.038048202466303034,0.048588455362425266,0.02399103138684638
permutation,593,NA,NA,NA,TRUE,0.020771161776534746,0.020771161776534746,0.018437557783288722,0.03303849837994352,-7.184813302569051e-5
permutation,594,NA,NA,NA,TRUE,0.009078182236313603,0.009078182236313603,0.027827781856851044,-0.0017623166193533584,0.007042241997909874
permutation,595,NA,NA,NA,TRUE,0.02542259361081612,0.02542259361081612,0.008587469887929217,0.0015747454296686884,0.006801421950852871
permutation,596,NA,NA,NA,TRUE,0.030801277641186287,0.030801277641186287,0.011284972613702045,-0.014230350143913065,-0.009187581385641817
permutation,597,NA,NA,NA,TRUE,0.03079356113310397,0.03079356113310397,0.03659166744670925,0.0035095321368091084,0.008526084568224183
permutation,598,NA,NA,NA,TRUE,0.010293009578678099,0.010293009578678099,0.018952750251181497,-0.0033195209795518054,0.0010686036140357073
permutation,599,NA,NA,NA,TRUE,0.018334046302090144,0.018334046302090144,0.01383556421253106,0.01921294531573794,0.009433118635225621
permutation,600,NA,NA,NA,TRUE,0.001965225617244673,0.001965225617244673,0.010768447083351599,-0.020269153516943212,0.005369995549164968
permutation,601,NA,NA,NA,TRUE,0.0022259390004158177,0.0022259390004158177,0.007820483444994988,-0.027735856721172136,-0.00556484107698773
permutation,602,NA,NA,NA,TRUE,0.0028418509392586205,0.0028418509392586205,0.005962172969311463,0.030253324758992735,0.01488912265483509
permutation,603,NA,NA,NA,TRUE,-0.013149638781926128,-0.013149638781926128,-0.013039167365991786,-0.0021605038857926574,-0.007826985661619216
permutation,604,NA,NA,NA,TRUE,0.011386647743542287,0.011386647743542287,0.00265954447434214,-0.0037118771259641165,-8.83360439983048e-4
permutation,605,NA,NA,NA,TRUE,-0.005870852479613133,-0.005870852479613133,-0.003996649098648526,0.01573842581103992,0.005617685358539359
permutation,606,NA,NA,NA,TRUE,0.008461819073248342,0.008461819073248342,0.006999388502497797,0.013946415284948607,-0.0011868123615467723
permutation,607,NA,NA,NA,TRUE,0.008575060367589475,0.008575060367589475,0.006350502626936372,0.009806811817812849,-0.007746553083426113
permutation,608,NA,NA,NA,TRUE,0.010629918884454907,0.010629918884454907,-0.015399178401696124,0.010555703510655899,0.010554971425262323
permutation,609,NA,NA,NA,TRUE,0.011729862813801548,0.011729862813801548,0.01184930546804724,-0.041401310569080974,-0.036873491890394586
permutation,610,NA,NA,NA,TRUE,0.016318549400218207,0.016318549400218207,0.013308140717970885,0.021881108157452946,0.017165087694072132
permutation,611,NA,NA,NA,TRUE,-4.404686275578968e-4,-4.404686275578968e-4,0.030863650863568053,0.03699500348463916,0.022197450520487765
permutation,612,NA,NA,NA,TRUE,-0.003792717659254926,-0.003792717659254926,-0.0025591096171385325,0.03613722524642482,0.010764193866528843
permutation,613,NA,NA,NA,TRUE,-0.02310529970969252,-0.02310529970969252,-0.009132482285626558,0.009883271143082992,0.002567587551901656
permutation,614,NA,NA,NA,TRUE,-0.0010091275899723985,-0.0010091275899723985,-0.003957406728442199,-0.015756949499983203,-0.008711378992820528
permutation,615,NA,NA,NA,TRUE,-0.009763066206543129,-0.009763066206543129,-0.004049952718416882,0.005220376053379883,0.021604325296216136
permutation,616,NA,NA,NA,TRUE,-0.0192263365819762,-0.0192263365819762,8.003303089080711e-4,0.015878271227576346,0.005532572702484046
permutation,617,NA,NA,NA,TRUE,0.001159210340997025,0.001159210340997025,0.021082803026724363,0.009977005537174276,0.025151989954953012
permutation,618,NA,NA,NA,TRUE,-0.006553424156403879,-0.006553424156403879,-9.72624137539054e-4,0.025092269412532522,0.012942251300085562
permutation,619,NA,NA,NA,TRUE,0.012516064450507212,0.012516064450507212,0.009761351122717837,0.005275942602985891,-7.01210712622179e-4
permutation,620,NA,NA,NA,TRUE,-0.020463741022849584,-0.020463741022849584,-0.01973516971634831,0.008193512776798993,-9.599406668356035e-4
permutation,621,NA,NA,NA,TRUE,0.0014355082151040314,0.0014355082151040314,0.017995910508510363,0.004855147078606463,-0.007567522407083101
permutation,622,NA,NA,NA,TRUE,-0.0026183385443178642,-0.0026183385443178642,-0.011579801616072876,0.022659014036916305,0.0053965057978460785
permutation,623,NA,NA,NA,TRUE,-0.012135177710499432,-0.012135177710499432,-0.01703848869358419,-0.01996544655593564,-0.036620992933797565
permutation,624,NA,NA,NA,TRUE,-0.0016484080682709426,-0.0016484080682709426,-0.0013158742012305386,0.005601205905358871,-0.01120633342566527
permutation,625,NA,NA,NA,TRUE,-0.006004044854200705,-0.006004044854200705,-0.002761150047146765,-0.015061676072034158,-0.010998711806823264
permutation,626,NA,NA,NA,TRUE,-0.0022294207587086837,-0.0022294207587086837,-0.0012704355066679453,-0.035358900622667756,-0.00827491754866775
permutation,627,NA,NA,NA,TRUE,-0.012606937530724689,-0.012606937530724689,-0.02499172227011504,-0.004311433605790404,0.005572536281773434
permutation,628,NA,NA,NA,TRUE,0.020523180433182825,0.020523180433182825,0.03083987489708835,0.011903462628662442,0.018668857781716352
permutation,629,NA,NA,NA,TRUE,0.004837422676931967,0.004837422676931967,0.013121869983010799,0.01744682000875112,0.015123906481447048
permutation,630,NA,NA,NA,TRUE,-0.0013102287406451115,-0.0013102287406451115,0.019499571738809417,0.017872222010676404,0.010169072135966316
permutation,631,NA,NA,NA,TRUE,-0.01734794667823322,-0.01734794667823322,-0.016356228095484468,0.01645316541467053,3.218714946044386e-4
permutation,632,NA,NA,NA,TRUE,-0.014623029467545685,-0.014623029467545685,-0.0027124305396250773,0.0022947015185298715,0.008143335531613217
permutation,633,NA,NA,NA,TRUE,0.014041539437069055,0.014041539437069055,-0.008822379205513988,-0.02515472186643864,-0.0024377699539698625
permutation,634,NA,NA,NA,TRUE,-0.01731134861596263,-0.01731134861596263,-0.013881712736576367,-0.004204029840998942,-0.006819380363422646
permutation,635,NA,NA,NA,TRUE,-0.0022780740445382426,-0.0022780740445382426,0.02482576978859002,0.0017322657638841315,0.02604803347440071
permutation,636,NA,NA,NA,TRUE,-0.014959511214061921,-0.014959511214061921,-0.02049210590124754,-0.017189745561007466,-0.007968931508707196
permutation,637,NA,NA,NA,TRUE,-0.007312144288480572,-0.007312144288480572,-0.01811186164864748,-0.019388566896715802,-0.012334408101083688
permutation,638,NA,NA,NA,TRUE,0.035516676066275205,0.035516676066275205,-0.002253839636545553,-0.014217234103032987,-0.021583208135990885
permutation,639,NA,NA,NA,TRUE,-0.010865034027963785,-0.010865034027963785,0.0152130652226168,0.001212555572929333,0.006975082009558207
permutation,640,NA,NA,NA,TRUE,0.012910683099709374,0.012910683099709374,0.003930261579371751,0.02762099688399533,0.02318824699382161
permutation,641,NA,NA,NA,TRUE,0.02221709392145622,0.02221709392145622,0.017019635888138908,0.004043565645644755,0.0025718140658888347
permutation,642,NA,NA,NA,TRUE,0.006539779555781604,0.006539779555781604,0.0029160725806432275,0.03713602218502146,0.01280202866359447
permutation,643,NA,NA,NA,TRUE,-0.01616766479947011,-0.01616766479947011,-0.031017140019479885,-0.04810149038339552,-0.02952418112164803
permutation,644,NA,NA,NA,TRUE,0.014247950681087945,0.014247950681087945,0.011189266903339622,-0.00693899077642476,-0.006739124182471905
permutation,645,NA,NA,NA,TRUE,0.023604199152551943,0.023604199152551943,0.011419992972258285,0.008497017872598501,0.0148720366533798
permutation,646,NA,NA,NA,TRUE,-0.016726777032813285,-0.016726777032813285,-0.0020756740375134815,0.012879167317875018,-0.0015372528551209734
permutation,647,NA,NA,NA,TRUE,0.005117653832100867,0.005117653832100867,0.003310784925052909,0.01074080902318606,0.0038207901396101053
permutation,648,NA,NA,NA,TRUE,-0.012867196858730138,-0.012867196858730138,-0.002435405576000577,0.02507658059355662,0.02004517857576487
permutation,649,NA,NA,NA,TRUE,0.013897744144212762,0.013897744144212762,0.027417568169450693,0.046972404101364884,0.04762263576169204
permutation,650,NA,NA,NA,TRUE,0.011079956672257536,0.011079956672257536,4.668938520649927e-4,-0.01249775984537041,-0.012129354293602117
permutation,651,NA,NA,NA,TRUE,0.01956374898359649,0.01956374898359649,-0.0037343408634810497,-0.011125092314063972,-0.002158095602400951
permutation,652,NA,NA,NA,TRUE,0.039200714310101255,0.039200714310101255,0.023885305900506058,0.01731363753108347,0.00662435003784477
permutation,653,NA,NA,NA,TRUE,0.020115975861219083,0.020115975861219083,0.017751648776858784,0.034222240413526936,0.026796352531954396
permutation,654,NA,NA,NA,TRUE,-0.006855074362163251,-0.006855074362163251,0.014815542539056509,0.03558846264247873,0.018908223370214503
permutation,655,NA,NA,NA,TRUE,0.0215984100620376,0.0215984100620376,0.015428920685818357,0.047566035049160973,0.04044529872986613
permutation,656,NA,NA,NA,TRUE,-0.03602905010440055,-0.03602905010440055,0.007818035991048113,0.021053539305633688,0.004055592213981309
permutation,657,NA,NA,NA,TRUE,0.035168960633001185,0.035168960633001185,0.01750467749551357,0.014247981646966428,0.008707928173394247
permutation,658,NA,NA,NA,TRUE,-0.017076599011388787,-0.017076599011388787,-0.031263340245135406,-0.033277261583102694,-0.02329457019326214
permutation,659,NA,NA,NA,TRUE,-0.018377902743080383,-0.018377902743080383,0.0035834518535801073,-0.015568142288111297,-0.009793305051108004
permutation,660,NA,NA,NA,TRUE,-0.011449085247356874,-0.011449085247356874,-0.01711029751306698,0.0054821320575644695,0.006802103040628183
permutation,661,NA,NA,NA,TRUE,-0.01931044757159559,-0.01931044757159559,0.0062002145074955065,0.007850160336920441,-8.379932522233451e-4
permutation,662,NA,NA,NA,TRUE,0.0381299036386019,0.0381299036386019,0.022272280674395416,0.015053810409440892,0.02591924868302834
permutation,663,NA,NA,NA,TRUE,-0.01978527870789393,-0.01978527870789393,-0.018990758920034035,0.014330943063137296,0.011614967163433128
permutation,664,NA,NA,NA,TRUE,0.011813637749323319,0.011813637749323319,0.012056211226245665,0.01686264465788315,0.008238076623328077
permutation,665,NA,NA,NA,TRUE,0.02010109129729716,0.02010109129729716,0.02500078006176156,-0.01061529950265884,0.0077787883475373704
permutation,666,NA,NA,NA,TRUE,-0.0068645687807706085,-0.0068645687807706085,-0.004435515537131405,-0.0033766398420866334,-0.015831785939837258
permutation,667,NA,NA,NA,TRUE,-0.04124067207173856,-0.04124067207173856,-0.010399345101196542,-0.004443806709495346,-0.011713294119914008
permutation,668,NA,NA,NA,TRUE,-0.01119534587995001,-0.01119534587995001,-0.020756111009341945,-0.0319832355815193,-0.01708803571825572
permutation,669,NA,NA,NA,TRUE,-0.004670376708693943,-0.004670376708693943,-0.020691170171595663,-0.0034363772516023175,-0.020354514351777837
permutation,670,NA,NA,NA,TRUE,-0.011727111390671846,-0.011727111390671846,-7.727226092682955e-4,0.0030017985273101903,-0.0028300882286267925
permutation,671,NA,NA,NA,TRUE,-0.022275109189247817,-0.022275109189247817,-0.006861834323887591,0.010323926927458708,0.003097292951092002
permutation,672,NA,NA,NA,TRUE,-0.011539305756414354,-0.011539305756414354,0.005041869624915155,-0.007909477819603114,-0.001987594439717433
permutation,673,NA,NA,NA,TRUE,0.0018032671284156818,0.0018032671284156818,0.018242627348928193,0.02545975625758285,0.011935681940860917
permutation,674,NA,NA,NA,TRUE,-0.0073422957627602755,-0.0073422957627602755,-0.006295357700512151,-0.01546476508546776,-0.031144449055598843
permutation,675,NA,NA,NA,TRUE,-0.03444350571217172,-0.03444350571217172,-0.007642807431168401,0.006260935783543281,0.0075413861474233415
permutation,676,NA,NA,NA,TRUE,-0.007471354349436849,-0.007471354349436849,-0.009812268071994389,-0.01575054586425463,-0.019946470674582082
permutation,677,NA,NA,NA,TRUE,-0.02871564244192427,-0.02871564244192427,-0.029474820378061303,-0.017945551870007216,-0.014958159334525434
permutation,678,NA,NA,NA,TRUE,-0.014706653376583884,-0.014706653376583884,0.0012775956545154326,0.027222216498742492,0.02977995523555526
permutation,679,NA,NA,NA,TRUE,0.023757501429549955,0.023757501429549955,-0.005118080804696817,-0.026991632304842365,-0.02074379222544209
permutation,680,NA,NA,NA,TRUE,0.029028587189117255,0.029028587189117255,0.020710901632839916,0.013315667223797994,0.010966589175286735
permutation,681,NA,NA,NA,TRUE,-0.005031475883635308,-0.005031475883635308,0.017400454791548572,0.037834252440618915,0.012092843760216705
permutation,682,NA,NA,NA,TRUE,0.025776142290363024,0.025776142290363024,0.014238001872572327,0.024046200706558038,0.025205656255802525
permutation,683,NA,NA,NA,TRUE,-0.005095845929745102,-0.005095845929745102,-0.02381713544128976,-0.016266626377461516,-0.030220468187167962
permutation,684,NA,NA,NA,TRUE,0.02793551128657919,0.02793551128657919,0.020971051763551945,0.027643386745142128,0.0051322917342722894
permutation,685,NA,NA,NA,TRUE,7.69870390466644e-4,7.69870390466644e-4,0.0021156962984852506,0.00714950813272277,0.0012921302574300326
permutation,686,NA,NA,NA,TRUE,0.022163747717512044,0.022163747717512044,0.018756390146133933,-0.01185712881677847,-0.007412125627096464
permutation,687,NA,NA,NA,TRUE,-0.00597649258778394,-0.00597649258778394,-0.012633321103876423,-0.020501497427658416,-0.021045996539705857
permutation,688,NA,NA,NA,TRUE,0.021754173590182054,0.021754173590182054,0.012252013786488741,-0.008376648946605145,0.004423367470024392
permutation,689,NA,NA,NA,TRUE,0.0033456657967647274,0.0033456657967647274,0.00984237496688943,0.0033131631386891596,0.002775286255205461
permutation,690,NA,NA,NA,TRUE,0.020090850342899067,0.020090850342899067,0.005703038512344249,0.001537028534184564,-0.00697089464046894
permutation,691,NA,NA,NA,TRUE,-0.004351451141732635,-0.004351451141732635,-0.010673307134283157,-0.005640683341964437,0.003020847705879533
permutation,692,NA,NA,NA,TRUE,0.0048227927868589645,0.0048227927868589645,0.01444915892366679,0.01612225555724213,0.0034831830864665196
permutation,693,NA,NA,NA,TRUE,-0.020151620362421,-0.020151620362421,-0.015238386427410886,-0.0026006117400627464,0.019453647906075084
permutation,694,NA,NA,NA,TRUE,-0.029399108457913273,-0.029399108457913273,-0.023754032862001565,-0.01278322623344803,-0.018389127715091637
permutation,695,NA,NA,NA,TRUE,0.010955351752498168,0.010955351752498168,0.021575517957760033,-0.027427319773279536,-0.00809906002114162
permutation,696,NA,NA,NA,TRUE,-0.025420023381325856,-0.025420023381325856,-0.02393022989038044,0.016599345436666687,0.0016979901805213686
permutation,697,NA,NA,NA,TRUE,0.0025057073307621735,0.0025057073307621735,0.010721293861278548,-0.022534619060915723,-0.01703226890831296
permutation,698,NA,NA,NA,TRUE,-0.0010340268568538977,-0.0010340268568538977,-0.014513903982206219,-0.011199354153454981,-0.01567262701008275
permutation,699,NA,NA,NA,TRUE,0.0046806078271666995,0.0046806078271666995,0.03054367134570781,0.04131033228188219,0.043643814336734456
permutation,700,NA,NA,NA,TRUE,0.01001296037215927,0.01001296037215927,0.005281254475831629,0.027285945964779314,0.022939515427826608
permutation,701,NA,NA,NA,TRUE,0.01691876958664812,0.01691876958664812,0.016361804715037155,0.02215751400832068,0.015943406863764716
permutation,702,NA,NA,NA,TRUE,0.007688651161245212,0.007688651161245212,-0.0037995825369498493,0.005037651244689722,0.002814998123362873
permutation,703,NA,NA,NA,TRUE,-0.00357842812314201,-0.00357842812314201,-0.024609397397911497,-0.022491576993205795,-0.013225681022612134
permutation,704,NA,NA,NA,TRUE,0.04467921202397059,0.04467921202397059,0.041990988734997486,0.04518378496533769,0.03942669975293172
permutation,705,NA,NA,NA,TRUE,0.019535184156885464,0.019535184156885464,0.022204209165428236,0.01018884759329847,-0.0034347998981007904
permutation,706,NA,NA,NA,TRUE,-0.03609766781910316,-0.03609766781910316,-0.026029195169726908,-0.012857925222009556,-0.004708134942647171
permutation,707,NA,NA,NA,TRUE,0.023320170466446934,0.023320170466446934,0.02058998025972049,0.010779735872265982,0.029584235667478594
permutation,708,NA,NA,NA,TRUE,0.030935467916046424,0.030935467916046424,0.035223292674193704,0.022258280488220504,0.023263680562199934
permutation,709,NA,NA,NA,TRUE,0.022664318224742925,0.022664318224742925,0.006205352548545196,-0.011025246990517216,-0.00417952562651186
permutation,710,NA,NA,NA,TRUE,-0.026506519267674104,-0.026506519267674104,-0.026803875579868755,0.0024154661406562694,-0.00799284832770214
permutation,711,NA,NA,NA,TRUE,0.00927564718312677,0.00927564718312677,-0.003573235410607648,-0.024109549713081165,-0.02702687252088566
permutation,712,NA,NA,NA,TRUE,-0.04817785672878786,-0.04817785672878786,-0.015274873820581993,0.01981546906613981,0.009484191497170093
permutation,713,NA,NA,NA,TRUE,-0.003405606930017713,-0.003405606930017713,-0.004510980617338349,-0.03541803409386126,-0.018171483292565734
permutation,714,NA,NA,NA,TRUE,0.019492058589421338,0.019492058589421338,-0.010682320287719264,0.010523321049711178,0.01002893239892374
permutation,715,NA,NA,NA,TRUE,-0.012912429552215525,-0.012912429552215525,-0.005150736753960412,-3.289805324307067e-4,0.006335116200675546
permutation,716,NA,NA,NA,TRUE,0.00558142777755388,0.00558142777755388,-0.007261123220795462,-0.018330916421547633,-0.02144609657325042
permutation,717,NA,NA,NA,TRUE,0.02659458276418702,0.02659458276418702,0.013344617117916015,0.0014700283950402557,-0.009152101817362892
permutation,718,NA,NA,NA,TRUE,0.0044867432395731145,0.0044867432395731145,0.0025336321449281173,0.02749288763772171,0.01627763160358782
permutation,719,NA,NA,NA,TRUE,0.011701881511922233,0.011701881511922233,-0.00538657858361701,0.01305396212972102,-0.016456672967949414
permutation,720,NA,NA,NA,TRUE,0.02001404312958515,0.02001404312958515,0.03166718717063706,0.06101935939521334,0.04380760441348118
permutation,721,NA,NA,NA,TRUE,0.025853140895396174,0.025853140895396174,0.025426342724372147,-0.008730699714693247,-0.013634363266036145
permutation,722,NA,NA,NA,TRUE,0.007932336452751246,0.007932336452751246,0.016390028215732814,0.027924171416364656,0.01793291290917512
permutation,723,NA,NA,NA,TRUE,-0.011291266642932936,-0.011291266642932936,-0.014456720159467962,-0.04884942282954712,-0.016464542512606803
permutation,724,NA,NA,NA,TRUE,0.0022132198178902024,0.0022132198178902024,-0.014740041481545684,-0.033353229155712365,-0.02302501490683557
permutation,725,NA,NA,NA,TRUE,-8.166696246481015e-5,-8.166696246481015e-5,0.01012905697375101,0.031554564324473115,0.007597277239675257
permutation,726,NA,NA,NA,TRUE,-0.007589224906363343,-0.007589224906363343,0.003048044385838917,0.02063768387414564,0.005207238636033065
permutation,727,NA,NA,NA,TRUE,-0.002065746178250439,-0.002065746178250439,-0.0103977119031867,-0.006301685726833263,-0.01651870996207725
permutation,728,NA,NA,NA,TRUE,0.011709579754111632,0.011709579754111632,0.013593308021625086,0.02329129321913103,0.0076140380622141506
permutation,729,NA,NA,NA,TRUE,-0.001524816734766825,-0.001524816734766825,-0.006877329097818378,0.0033257324153079383,0.003515216657464877
permutation,730,NA,NA,NA,TRUE,-0.00893798368754683,-0.00893798368754683,-0.016178384509736847,-0.00954288253853381,-0.009280622162408136
permutation,731,NA,NA,NA,TRUE,0.016320719402242584,0.016320719402242584,0.018356434983854877,0.011567636639431417,0.01772817493047661
permutation,732,NA,NA,NA,TRUE,0.021762695433757327,0.021762695433757327,0.041230554355548024,0.02094422080131174,0.030872992521089104
permutation,733,NA,NA,NA,TRUE,0.004327271311784925,0.004327271311784925,0.011076123686824644,7.247824453669874e-4,-0.002619014949846907
permutation,734,NA,NA,NA,TRUE,0.009992258743704815,0.009992258743704815,0.025033950950631368,0.010890150551769494,0.004490845102147795
permutation,735,NA,NA,NA,TRUE,-0.020045445949959186,-0.020045445949959186,-0.02811858377704375,-0.03881110673992572,-0.010747666086453877
permutation,736,NA,NA,NA,TRUE,-0.014773612579263648,-0.014773612579263648,-0.0031022522421471164,-0.004639848124643247,-0.010960203156858004
permutation,737,NA,NA,NA,TRUE,-0.010744470802756855,-0.010744470802756855,-0.024656181779066144,-0.011125599994793369,-0.023170753886819828
permutation,738,NA,NA,NA,TRUE,-0.030419029080417333,-0.030419029080417333,-0.03949388945315936,-0.008619469732609582,-0.011964631271677701
permutation,739,NA,NA,NA,TRUE,-0.007105359892299006,-0.007105359892299006,-4.4856497137915705e-4,-0.003466851967310479,0.0024800497308860095
permutation,740,NA,NA,NA,TRUE,0.006542880279781842,0.006542880279781842,8.959500595524502e-4,-0.014469909478384262,-0.0014692838294385639
permutation,741,NA,NA,NA,TRUE,0.014797838454172907,0.014797838454172907,0.003885882526069053,-0.011828000045777888,-0.0031144944892335536
permutation,742,NA,NA,NA,TRUE,0.024077187009081114,0.024077187009081114,0.024435093608028043,0.019816357288642797,0.03299518692344836
permutation,743,NA,NA,NA,TRUE,0.018407739603961734,0.018407739603961734,0.0072073960170852165,0.005792793199328922,0.02772804554826789
permutation,744,NA,NA,NA,TRUE,-0.011803080935147666,-0.011803080935147666,-0.016572665900155964,-0.02030084242731406,-0.008557500328639582
permutation,745,NA,NA,NA,TRUE,0.004888646942947458,0.004888646942947458,0.015028532610608585,0.01662961496312779,0.01916993732181381
permutation,746,NA,NA,NA,TRUE,-0.014894243787213957,-0.014894243787213957,-0.0028280844486913616,-5.791416744650568e-4,-0.01804236169199267
permutation,747,NA,NA,NA,TRUE,-0.006655982614327979,-0.006655982614327979,-0.002900659634651393,-0.0018494189353782508,0.001457707053559085
permutation,748,NA,NA,NA,TRUE,-0.008408095670715751,-0.008408095670715751,-0.005813156875916275,0.0034704073863519834,-0.005838993231764263
permutation,749,NA,NA,NA,TRUE,-0.00835111713855924,-0.00835111713855924,0.0064881944037692325,0.019969993137112937,0.011684080162645069
permutation,750,NA,NA,NA,TRUE,0.02153166952965171,0.02153166952965171,-0.006846401981385902,0.023994368144425557,0.017630867287363922
permutation,751,NA,NA,NA,TRUE,-0.01117035118532165,-0.01117035118532165,-0.019043155733284398,-0.00584737151025244,0.008518941729543294
permutation,752,NA,NA,NA,TRUE,-0.004208378171488828,-0.004208378171488828,-0.0034983506028149493,0.019228967968045706,0.014451838636177924
permutation,753,NA,NA,NA,TRUE,0.04280234851896995,0.04280234851896995,0.02466864101542644,0.007981069103733286,-0.005103992444571347
permutation,754,NA,NA,NA,TRUE,0.009434082441650027,0.009434082441650027,0.004109000010759103,0.003764681038449154,0.004487402867290136
permutation,755,NA,NA,NA,TRUE,-0.014754089031944593,-0.014754089031944593,-0.025309081242100684,-0.013589075193154242,-0.010829367255584452
permutation,756,NA,NA,NA,TRUE,0.011660606431421217,0.011660606431421217,0.002846969836450799,-0.0030662048890265116,-0.0043551215030432616
permutation,757,NA,NA,NA,TRUE,0.0062928902288806364,0.0062928902288806364,0.024997626765990735,0.012579467812593264,-0.004142189951107504
permutation,758,NA,NA,NA,TRUE,-0.015611750244044282,-0.015611750244044282,-0.00420571217075791,0.007975305650145374,-0.015885792594953096
permutation,759,NA,NA,NA,TRUE,0.00481703110643297,0.00481703110643297,0.008056904534325074,-0.019628809960641667,-0.015756831465607947
permutation,760,NA,NA,NA,TRUE,-0.01551212625280198,-0.01551212625280198,-0.011201335406594714,-0.004562828461934589,-0.013336901403641174
permutation,761,NA,NA,NA,TRUE,-0.015998847054795318,-0.015998847054795318,-0.04452012275613958,-0.04387289225486622,-0.05252668539428553
permutation,762,NA,NA,NA,TRUE,0.0014095581009670836,0.0014095581009670836,-0.032562297644727886,-0.00883490582941651,-0.005803306561630085
permutation,763,NA,NA,NA,TRUE,-2.3570466229007946e-4,-2.3570466229007946e-4,-0.009637785440678576,-0.00800580189397216,0.0014040600433079533
permutation,764,NA,NA,NA,TRUE,-0.007946643075447847,-0.007946643075447847,-0.003164069113414011,-0.010639504044172384,-0.0035636784399571565
permutation,765,NA,NA,NA,TRUE,0.008698875352284561,0.008698875352284561,0.007121591374503477,0.004722908831556205,-0.008902788235939256
permutation,766,NA,NA,NA,TRUE,-0.012045810771815189,-0.012045810771815189,-0.00914466279851744,-0.019873788399632396,-2.9082085674455097e-4
permutation,767,NA,NA,NA,TRUE,-0.008518361818751909,-0.008518361818751909,5.224605984777662e-4,0.030050749148421665,0.013724129825565156
permutation,768,NA,NA,NA,TRUE,0.003776855327598542,0.003776855327598542,1.9323058467514247e-4,-0.03405168102980137,-0.008227348015736033
permutation,769,NA,NA,NA,TRUE,0.016236469597579,0.016236469597579,0.002153121371689111,-0.01090157772452293,-0.01936414399972686
permutation,770,NA,NA,NA,TRUE,0.0036862603296115726,0.0036862603296115726,0.021251921103854564,0.02248391830086216,0.02481485026354399
permutation,771,NA,NA,NA,TRUE,0.020276669344482932,0.020276669344482932,-0.007455816420865419,-0.031593636837025416,-0.008974641958756566
permutation,772,NA,NA,NA,TRUE,0.007545726950294999,0.007545726950294999,0.017370319029339207,0.03635528728078537,0.03275401981468956
permutation,773,NA,NA,NA,TRUE,0.01353266758084886,0.01353266758084886,0.011983363035707613,0.005500936295525276,-0.007407650118084003
permutation,774,NA,NA,NA,TRUE,-0.008748792964476705,-0.008748792964476705,-0.0110242043424206,-0.004972728288947618,0.01131592118399228
permutation,775,NA,NA,NA,TRUE,-0.01144325463763871,-0.01144325463763871,0.004098393861950284,0.003237131630137134,-0.01706947713740435
permutation,776,NA,NA,NA,TRUE,-0.010216918293511365,-0.010216918293511365,0.01492676365304038,0.04941217241748893,0.03190360839802121
permutation,777,NA,NA,NA,TRUE,0.008148827102258314,0.008148827102258314,0.0050691361989959015,-0.0033447127725442383,-0.01640889867716712
permutation,778,NA,NA,NA,TRUE,-0.037580567259999295,-0.037580567259999295,-0.03311350745733268,6.636801420449867e-4,-0.012084149273294844
permutation,779,NA,NA,NA,TRUE,0.003795851431916214,0.003795851431916214,-0.00817908689253007,-0.021327191126404348,-0.013868178618471408
permutation,780,NA,NA,NA,TRUE,0.017004544854869363,0.017004544854869363,-0.002469996293788978,-0.015808480540687595,-0.023804207994531156
permutation,781,NA,NA,NA,TRUE,0.022300537597291652,0.022300537597291652,0.012484205780062685,0.016041549735252097,0.01452656521030413
permutation,782,NA,NA,NA,TRUE,-0.019036894529540164,-0.019036894529540164,-0.02201930331968082,0.02018208018365306,0.008888829169921817
permutation,783,NA,NA,NA,TRUE,0.001957793575879538,0.001957793575879538,-0.004593441330198185,-0.03148618063430413,-0.025447106843954806
permutation,784,NA,NA,NA,TRUE,0.009912791724815875,0.009912791724815875,-0.009827508918264418,-0.02194801925298526,-0.01913023584909569
permutation,785,NA,NA,NA,TRUE,-0.0014190270922898314,-0.0014190270922898314,-0.0050958245046522944,0.014655245351361548,0.006133712502181721
permutation,786,NA,NA,NA,TRUE,-0.01315007309451689,-0.01315007309451689,-0.014982838088314247,-0.0014968625828719294,-0.010687790699553373
permutation,787,NA,NA,NA,TRUE,0.014271204459481511,0.014271204459481511,0.004175282078447806,-0.009864685129568628,0.008738432518025233
permutation,788,NA,NA,NA,TRUE,0.0010866349993253728,0.0010866349993253728,-0.001174836116559456,-0.003911725680783461,-0.012482447578617838
permutation,789,NA,NA,NA,TRUE,-0.006156531541188144,-0.006156531541188144,-0.0033198250998433382,3.2731613564453144e-4,-0.005066081415860216
permutation,790,NA,NA,NA,TRUE,-0.01801458370195395,-0.01801458370195395,-0.0033829802318996755,0.002263454390762018,0.00846886651838968
permutation,791,NA,NA,NA,TRUE,0.007516155227354856,0.007516155227354856,0.022245064319069655,-0.0021685694684744723,0.0027871149814664197
permutation,792,NA,NA,NA,TRUE,-0.022866508598048323,-0.022866508598048323,-0.010140316091568742,3.195364404482634e-4,-0.016242893246887744
permutation,793,NA,NA,NA,TRUE,-6.944036081470285e-4,-6.944036081470285e-4,0.006006936707550202,-0.03232551266302118,-0.007996999988188938
permutation,794,NA,NA,NA,TRUE,-0.009790515339681553,-0.009790515339681553,-0.011336255746917347,0.010120278648359658,2.3063710990681163e-4
permutation,795,NA,NA,NA,TRUE,-0.003351002422908569,-0.003351002422908569,-0.007706368284726978,-0.0012832511497620613,1.873597113476906e-4
permutation,796,NA,NA,NA,TRUE,0.017606232845682072,0.017606232845682072,0.004027228031356276,-0.029516676793733126,-0.02571341947628822
permutation,797,NA,NA,NA,TRUE,0.0021953263073978585,0.0021953263073978585,-0.00988626063451893,0.016263905241604298,8.559640253506372e-5
permutation,798,NA,NA,NA,TRUE,-0.014128772326787503,-0.014128772326787503,0.006842601602628914,0.008665475620507462,-0.01148120856331381
permutation,799,NA,NA,NA,TRUE,-0.029885873241680065,-0.029885873241680065,-6.177533758567021e-4,0.01790365091843285,0.01928865449249359
permutation,800,NA,NA,NA,TRUE,-0.006508112632597268,-0.006508112632597268,-0.008101074009963306,0.0021398741439507176,0.01613816727505832
permutation,801,NA,NA,NA,TRUE,0.01560022480161594,0.01560022480161594,0.0013311366627068392,-0.007982417609633644,-0.0024284745454532172
permutation,802,NA,NA,NA,TRUE,-0.009194336259518647,-0.009194336259518647,-0.028360900868566127,-0.014421239144110053,-0.02220766336540934
permutation,803,NA,NA,NA,TRUE,-0.003978429202575115,-0.003978429202575115,-0.01654509275321009,-0.02250808356472113,-0.02205657540221435
permutation,804,NA,NA,NA,TRUE,-0.01009155456308338,-0.01009155456308338,-0.022761675486673766,-0.03164281367626756,-0.020867828257010924
permutation,805,NA,NA,NA,TRUE,-0.008403716824957894,-0.008403716824957894,0.004586058120945849,0.05047801534102783,0.043574601616947754
permutation,806,NA,NA,NA,TRUE,-0.01064056807349039,-0.01064056807349039,-0.03366640018205167,-0.04635230612736185,-0.04441612451590915
permutation,807,NA,NA,NA,TRUE,0.004179795305954518,0.004179795305954518,-0.00569640704311956,-0.017026154137840123,0.002405987331161366
permutation,808,NA,NA,NA,TRUE,-0.00763742207174543,-0.00763742207174543,-0.013649561523516228,5.862474960384827e-4,0.01104613022816726
permutation,809,NA,NA,NA,TRUE,-0.009930455557180683,-0.009930455557180683,-0.017008219056867873,-0.0018170672874128404,-0.008235587456031477
permutation,810,NA,NA,NA,TRUE,-0.019174928045462336,-0.019174928045462336,-0.00132130718102463,-0.013282480243828939,0.021210472700483804
permutation,811,NA,NA,NA,TRUE,0.010438908824090933,0.010438908824090933,0.0025687962682571334,0.011796362971243918,-0.002325971434036272
permutation,812,NA,NA,NA,TRUE,0.0024402883140832456,0.0024402883140832456,9.26028863629334e-4,0.005985084788215772,-0.004270520225782703
permutation,813,NA,NA,NA,TRUE,-0.01783006056648036,-0.01783006056648036,2.574063702515082e-4,-0.004722130392502223,-0.01722074098946357
permutation,814,NA,NA,NA,TRUE,-0.0038990739244979715,-0.0038990739244979715,0.004243064425159554,0.01679001871786171,-7.881679535141125e-5
permutation,815,NA,NA,NA,TRUE,-0.008154800995524424,-0.008154800995524424,0.009413788690784804,0.0011653437611410557,-0.0035394131820537774
permutation,816,NA,NA,NA,TRUE,0.007891714943906116,0.007891714943906116,0.009237545606578721,-0.009358743471075444,-0.008137958980508007
permutation,817,NA,NA,NA,TRUE,-3.091863561402724e-4,-3.091863561402724e-4,-0.024763683895205113,-0.02552235184428598,-0.029264922832223813
permutation,818,NA,NA,NA,TRUE,-0.00871036790122078,-0.00871036790122078,0.006953354416938914,-0.005553734077371065,0.004205024399782256
permutation,819,NA,NA,NA,TRUE,-0.012821976569044472,-0.012821976569044472,-0.014093807677627919,-0.010108302118540843,-0.007298411442675079
permutation,820,NA,NA,NA,TRUE,-0.014925854522725409,-0.014925854522725409,-0.00816655659229953,2.4166556204848963e-4,-7.365361959973567e-4
permutation,821,NA,NA,NA,TRUE,0.020345124202354577,0.020345124202354577,0.017388524169576747,0.008395840796130451,0.018829656615656266
permutation,822,NA,NA,NA,TRUE,0.031122335185777728,0.031122335185777728,-3.528801726415329e-4,-0.013260247863305728,-0.0156554721761529
permutation,823,NA,NA,NA,TRUE,-1.6338514278288556e-5,-1.6338514278288556e-5,-0.00449668416371225,-0.005238763587614865,-0.0027363380274972467
permutation,824,NA,NA,NA,TRUE,-0.012156689983274033,-0.012156689983274033,-0.009188372242454527,0.007559924560042404,0.004858964154570402
permutation,825,NA,NA,NA,TRUE,-0.0022716006005725027,-0.0022716006005725027,-0.018696745818134217,-0.036484123997216775,-0.017344229492580743
permutation,826,NA,NA,NA,TRUE,-0.004640912764053146,-0.004640912764053146,0.016568477590637565,0.021940748551663163,0.0036144376537834352
permutation,827,NA,NA,NA,TRUE,-0.005491380502707016,-0.005491380502707016,0.007197312339686385,0.010799641589722596,0.014706219563107917
permutation,828,NA,NA,NA,TRUE,-1.3437637217855972e-4,-1.3437637217855972e-4,-0.012912012459177356,-0.010793127014723578,-0.0031634509911802476
permutation,829,NA,NA,NA,TRUE,-0.012762152707022254,-0.012762152707022254,0.006415183055714016,0.03274929058713067,0.02035765371088795
permutation,830,NA,NA,NA,TRUE,0.00978325430013454,0.00978325430013454,-0.008555484429631954,-0.01194294245000746,0.0027056717944138227
permutation,831,NA,NA,NA,TRUE,-0.021626560324661148,-0.021626560324661148,-0.025412358492927466,-0.017528604043277954,-0.023846483526921675
permutation,832,NA,NA,NA,TRUE,-0.005610618133457003,-0.005610618133457003,0.0020493666883656,-0.004729058740200108,-4.225882749668746e-4
permutation,833,NA,NA,NA,TRUE,0.007739915219375355,0.007739915219375355,-0.0028881822926648208,-0.007555697546218548,-0.02117165539158281
permutation,834,NA,NA,NA,TRUE,-0.007173410556643271,-0.007173410556643271,-0.02368311321471579,-0.014678151034210534,-0.0318265239160244
permutation,835,NA,NA,NA,TRUE,-0.004076453196989278,-0.004076453196989278,-0.004195218450316086,-0.014300938155970508,2.43850441174716e-4
permutation,836,NA,NA,NA,TRUE,0.009748671939469301,0.009748671939469301,0.012067508197736849,0.0029258776941519437,-0.011238609956683882
permutation,837,NA,NA,NA,TRUE,0.005582739503631606,0.005582739503631606,0.013398086018527398,-0.01240065573865479,0.004572524671118493
permutation,838,NA,NA,NA,TRUE,-0.005569373564787112,-0.005569373564787112,0.007418649290128703,0.0034374390930852657,-0.0060019575008668094
permutation,839,NA,NA,NA,TRUE,0.014149519842660057,0.014149519842660057,-0.006550136640654859,-0.005063224865626844,-0.013011037276545638
permutation,840,NA,NA,NA,TRUE,-0.010561052192693869,-0.010561052192693869,0.004024453830498237,-0.010430484125849158,0.0033165285797635592
permutation,841,NA,NA,NA,TRUE,-0.033796176261685705,-0.033796176261685705,-0.028177931680951965,0.0035162445717102087,0.0016908016476558374
permutation,842,NA,NA,NA,TRUE,-0.014745990231768518,-0.014745990231768518,-0.014841985146182114,-1.3515460991331968e-4,-0.004863497381514972
permutation,843,NA,NA,NA,TRUE,0.020449351835518055,0.020449351835518055,0.0074595664615881505,-0.006294953866883415,0.014360632604341995
permutation,844,NA,NA,NA,TRUE,-0.02356501654324302,-0.02356501654324302,-0.008547555927865514,-0.021484889406855515,-0.012385318995494573
permutation,845,NA,NA,NA,TRUE,-0.008920701479748378,-0.008920701479748378,-0.009635819072567175,0.008625307763660847,4.688262577443817e-4
permutation,846,NA,NA,NA,TRUE,-0.0073748213587479005,-0.0073748213587479005,-0.009129204168392017,-0.010188447968795894,-0.016512239999624857
permutation,847,NA,NA,NA,TRUE,-0.0057933326428763745,-0.0057933326428763745,-0.0016775718689112052,-6.631425570933856e-4,0.008377471874464696
permutation,848,NA,NA,NA,TRUE,0.006133369855119667,0.006133369855119667,0.017769149097924163,0.03504854086831544,0.02171329605342054
permutation,849,NA,NA,NA,TRUE,-0.027092938242418343,-0.027092938242418343,-0.02436139209558911,0.010939044767310845,-0.003951274543010943
permutation,850,NA,NA,NA,TRUE,0.01678191691116397,0.01678191691116397,0.006195575892818255,0.005001161140636846,0.007550653506872026
permutation,851,NA,NA,NA,TRUE,-0.031219053368501972,-0.031219053368501972,0.006774943845140224,-0.007530507975810324,0.002604696419791327
permutation,852,NA,NA,NA,TRUE,0.01662779962209842,0.01662779962209842,0.027629394377202115,0.0296688202661613,0.00968305354179098
permutation,853,NA,NA,NA,TRUE,0.01801630195792445,0.01801630195792445,-0.005093910202959434,-0.027893745658683394,-0.0022468778562334778
permutation,854,NA,NA,NA,TRUE,-0.0015821787961614482,-0.0015821787961614482,0.009776393352513606,0.007897816425857948,-0.0010624551679477964
permutation,855,NA,NA,NA,TRUE,-0.012995181529042587,-0.012995181529042587,-0.023314504307599807,-0.013527645974504485,-0.0059707065025246244
permutation,856,NA,NA,NA,TRUE,-0.0029958257093026324,-0.0029958257093026324,0.008019776878955946,-0.012201757538971118,-0.005610783010681733
permutation,857,NA,NA,NA,TRUE,0.004683564866846037,0.004683564866846037,-0.010985552319989864,0.0029740078753109998,1.7922768132646108e-4
permutation,858,NA,NA,NA,TRUE,-0.017547082636215343,-0.017547082636215343,-0.005603921658967682,-0.014455732313179674,9.439326148966108e-4
permutation,859,NA,NA,NA,TRUE,-0.00494518440301316,-0.00494518440301316,-0.022591235910728567,-0.012369550669252386,-0.005427795184004387
permutation,860,NA,NA,NA,TRUE,-0.01722249495254027,-0.01722249495254027,0.004381369102903699,0.06272446501481294,0.043003176943020346
permutation,861,NA,NA,NA,TRUE,0.019708040871120946,0.019708040871120946,-0.001933104950887863,-0.04269081911045666,-0.02775465150290569
permutation,862,NA,NA,NA,TRUE,0.004915344347864703,0.004915344347864703,0.005477834973876547,-0.016645814006783055,-0.01993106268725464
permutation,863,NA,NA,NA,TRUE,0.020289910420408445,0.020289910420408445,0.009563559571953338,4.685898702508004e-5,-0.0056241327138449385
permutation,864,NA,NA,NA,TRUE,-0.0013753987980057566,-0.0013753987980057566,0.002097669790028096,-0.007851572207610283,-0.012705714465041323
permutation,865,NA,NA,NA,TRUE,0.016341453280541342,0.016341453280541342,0.010825787042201072,0.06251046086331498,0.047112943145785374
permutation,866,NA,NA,NA,TRUE,0.009396861002205192,0.009396861002205192,0.004036483359207723,-0.012859652920612452,-0.006216062245682144
permutation,867,NA,NA,NA,TRUE,-0.008138560985886452,-0.008138560985886452,-0.008309236139882456,-0.008534352253310774,-0.013614314244891386
permutation,868,NA,NA,NA,TRUE,0.024358512873285165,0.024358512873285165,0.022053433024839093,-0.015046540355439952,0.003477883680507887
permutation,869,NA,NA,NA,TRUE,0.018780940253317717,0.018780940253317717,0.019012475659813236,0.004866816822395696,0.03025471587853005
permutation,870,NA,NA,NA,TRUE,-0.005368467533709916,-0.005368467533709916,0.00866334838281169,0.0024508876854124713,-0.005650541400466561
permutation,871,NA,NA,NA,TRUE,-0.008922575555048377,-0.008922575555048377,0.001908621100457265,0.023998681734094945,0.024858953170313287
permutation,872,NA,NA,NA,TRUE,0.026513163288086446,0.026513163288086446,0.025649059468099082,0.028489198823580912,0.009630942525988399
permutation,873,NA,NA,NA,TRUE,1.7275237710132624e-4,1.7275237710132624e-4,0.011093985760805392,0.007710536081796307,8.071791166935781e-4
permutation,874,NA,NA,NA,TRUE,-0.022336904148508894,-0.022336904148508894,-4.151494760278006e-4,0.034395866020501834,0.007998211368070853
permutation,875,NA,NA,NA,TRUE,0.0018347777454355864,0.0018347777454355864,0.001894526885061559,-0.03961940904566287,-0.03525577484732384
permutation,876,NA,NA,NA,TRUE,-0.03234472185367418,-0.03234472185367418,-0.0010048056540508943,0.016767218327491097,-0.0047341682416394
permutation,877,NA,NA,NA,TRUE,0.0073326953231134424,0.0073326953231134424,0.013752796582722868,0.010849411032294184,0.008698148254144143
permutation,878,NA,NA,NA,TRUE,-2.756237716018609e-4,-2.756237716018609e-4,-0.012790808442897804,-1.1851153334128928e-4,-0.012835369346322057
permutation,879,NA,NA,NA,TRUE,-0.022540683087238295,-0.022540683087238295,-0.011490202373451738,-0.0045078276011282364,-0.014934453139983834
permutation,880,NA,NA,NA,TRUE,-0.01912258256838799,-0.01912258256838799,-3.055992090380648e-4,0.013266525005484364,0.004583055115017123
permutation,881,NA,NA,NA,TRUE,0.004159234942239508,0.004159234942239508,-0.0058480194686030065,2.324278571903607e-4,-0.0054479612745293535
permutation,882,NA,NA,NA,TRUE,-0.019262904337856723,-0.019262904337856723,-0.00459214768245087,-6.24285495848323e-5,-1.1540702320632021e-4
permutation,883,NA,NA,NA,TRUE,0.020884673232463236,0.020884673232463236,0.01761726357081167,-0.03670186737691513,-0.03668593947990599
permutation,884,NA,NA,NA,TRUE,-0.017929153732697174,-0.017929153732697174,-0.01835926226394769,-0.02250673612236155,-0.0136149126932209
permutation,885,NA,NA,NA,TRUE,0.005204815912140063,0.005204815912140063,-0.009607429123015973,-0.039606610233123354,-0.025278527972822838
permutation,886,NA,NA,NA,TRUE,-0.014163256547684078,-0.014163256547684078,-0.020253467273529543,-0.020789815590049582,-0.015822041141930473
permutation,887,NA,NA,NA,TRUE,-0.0027978393501556687,-0.0027978393501556687,-0.0024992519827601255,-0.022257742557725165,-0.0033576245224570082
permutation,888,NA,NA,NA,TRUE,0.0055152191648448114,0.0055152191648448114,-0.009339966325040293,-0.006231579869178204,-0.0063736856203630236
permutation,889,NA,NA,NA,TRUE,-0.020496648362328427,-0.020496648362328427,-0.020933918656455077,-0.02441272494170526,-0.021991816648997093
permutation,890,NA,NA,NA,TRUE,0.008949945052317873,0.008949945052317873,0.022669298793953158,0.03267907836750433,0.028253385129355896
permutation,891,NA,NA,NA,TRUE,0.02898681028671141,0.02898681028671141,0.006662017538400001,0.023525151422440802,0.022188565392122654
permutation,892,NA,NA,NA,TRUE,0.01522897470219202,0.01522897470219202,0.006862333090055638,-0.025812527177648252,-0.011583671445274226
permutation,893,NA,NA,NA,TRUE,-0.010170585318286799,-0.010170585318286799,-0.0061054440515874615,-0.0197373257367523,-0.02288925388065402
permutation,894,NA,NA,NA,TRUE,0.0018102069364855297,0.0018102069364855297,7.504436006619249e-4,-0.004367401686537159,0.0033717007834738457
permutation,895,NA,NA,NA,TRUE,-0.0058841387446327414,-0.0058841387446327414,-0.006068658545768075,0.0029426305315853503,0.017221717396438605
permutation,896,NA,NA,NA,TRUE,-0.005026885328261845,-0.005026885328261845,-0.003326810736302947,0.023273387693595056,0.02134044960771423
permutation,897,NA,NA,NA,TRUE,0.003771986096154399,0.003771986096154399,-0.015571686492916226,0.0018232629294648874,-0.026350209823532828
permutation,898,NA,NA,NA,TRUE,-0.010036258037677688,-0.010036258037677688,0.0037152635573046867,0.020895480683422216,0.007343331226610508
permutation,899,NA,NA,NA,TRUE,0.012557518125412882,0.012557518125412882,0.018995026773330703,0.021641543596866673,0.008093979214696932
permutation,900,NA,NA,NA,TRUE,9.359185974748686e-4,9.359185974748686e-4,0.009882146872624646,-0.008164098449687641,0.009712695968048546
permutation,901,NA,NA,NA,TRUE,0.0021084921394713247,0.0021084921394713247,-0.007430710144566427,-0.02863274129673325,-0.030333939657899125
permutation,902,NA,NA,NA,TRUE,0.004277280372013397,0.004277280372013397,0.017682886301154593,0.0047359371081095464,0.004102130499098605
permutation,903,NA,NA,NA,TRUE,0.04072532174572567,0.04072532174572567,0.018428233159565436,-0.016664816090441674,-0.008411901720765863
permutation,904,NA,NA,NA,TRUE,0.021588332002235262,0.021588332002235262,8.052079216251812e-4,0.01133009853387984,0.022155595856853446
permutation,905,NA,NA,NA,TRUE,0.002326553149136239,0.002326553149136239,-0.010089784186705893,-0.010420297837349657,-0.007182511620253707
permutation,906,NA,NA,NA,TRUE,0.03926938916595032,0.03926938916595032,0.043644881629362794,0.010824877833321471,0.019306363351671945
permutation,907,NA,NA,NA,TRUE,-0.019996723865781496,-0.019996723865781496,-0.03643023928255663,-0.030424672235390054,-0.02217399870529092
permutation,908,NA,NA,NA,TRUE,-0.01961042104969143,-0.01961042104969143,-0.01819180802881939,-0.003393837427092452,0.00573624503089
permutation,909,NA,NA,NA,TRUE,1.460525096081213e-4,1.460525096081213e-4,-0.009935876149767077,0.009747066524784812,0.013605272530900754
permutation,910,NA,NA,NA,TRUE,-0.040053379384772325,-0.040053379384772325,-0.015171931660031286,-0.008234157127765145,0.001339166086476877
permutation,911,NA,NA,NA,TRUE,0.005628953459065636,0.005628953459065636,0.003263162514164784,0.03651888403063181,0.038873468125787396
permutation,912,NA,NA,NA,TRUE,-0.02980913184132426,-0.02980913184132426,-0.01389831762409207,-0.019597845133398517,0.0010554318371284004
permutation,913,NA,NA,NA,TRUE,-0.003816199069618155,-0.003816199069618155,0.005751925670090562,0.0029109152946776686,0.012316969599371261
permutation,914,NA,NA,NA,TRUE,0.00585887240532343,0.00585887240532343,-0.0018617484192576103,0.01700360453861112,-3.9347846662028847e-4
permutation,915,NA,NA,NA,TRUE,-0.013557310998537063,-0.013557310998537063,-0.015316466740249961,-0.013636857905399856,-0.028163961012131578
permutation,916,NA,NA,NA,TRUE,0.021547439133817032,0.021547439133817032,0.020879717425654254,-0.012169099704912052,-0.010086107075357353
permutation,917,NA,NA,NA,TRUE,-0.02140358352951683,-0.02140358352951683,-0.004726652514460354,0.014478510894215209,0.010642390544228206
permutation,918,NA,NA,NA,TRUE,0.02650883655593948,0.02650883655593948,0.013611103252096909,0.006456251034833466,0.0023021160421278844
permutation,919,NA,NA,NA,TRUE,0.0034803243988946113,0.0034803243988946113,-0.019334663734074633,-0.02660002792192613,-0.016522675987474218
permutation,920,NA,NA,NA,TRUE,0.011154915950496598,0.011154915950496598,0.0026973536396524573,-0.019396467056866575,-0.0172691797203166
permutation,921,NA,NA,NA,TRUE,0.02638577818846448,0.02638577818846448,-0.002890777215575527,3.16011945890142e-5,-0.0028638131661190384
permutation,922,NA,NA,NA,TRUE,0.018022928862991422,0.018022928862991422,0.03310389246708162,0.011159941653189485,0.014694678257380545
permutation,923,NA,NA,NA,TRUE,-0.00880131891265772,-0.00880131891265772,0.01225765358132,0.019995382846963578,0.014586217194360533
permutation,924,NA,NA,NA,TRUE,0.01216342652837262,0.01216342652837262,0.0063485044283095315,-0.023418137953517194,-0.003749972997591078
permutation,925,NA,NA,NA,TRUE,0.013266176013550807,0.013266176013550807,0.006290924042522608,0.01727169047512221,8.655866228436844e-4
permutation,926,NA,NA,NA,TRUE,0.007624815728282139,0.007624815728282139,-8.446695685284441e-5,-0.011077532574042682,-0.009170132145013707
permutation,927,NA,NA,NA,TRUE,0.0065869473373122486,0.0065869473373122486,-0.0030937183178951846,-0.008930232203689716,0.00654920603380115
permutation,928,NA,NA,NA,TRUE,0.00707589008970362,0.00707589008970362,0.0018171182566788817,0.014469660939554317,0.018217997463155836
permutation,929,NA,NA,NA,TRUE,-0.03207197459404406,-0.03207197459404406,-0.01705109375325515,0.0053390733900063395,0.006754204856949046
permutation,930,NA,NA,NA,TRUE,-0.004064923466191935,-0.004064923466191935,0.0017430168341199615,-0.004966606055260328,-0.009478143774555019
permutation,931,NA,NA,NA,TRUE,0.025718789597329886,0.025718789597329886,0.006460771866136184,0.010576065224580192,0.01700769738082736
permutation,932,NA,NA,NA,TRUE,0.004830302123059529,0.004830302123059529,0.013193230347317644,0.010356918008668904,-0.0025100307711843515
permutation,933,NA,NA,NA,TRUE,-0.023074437303368677,-0.023074437303368677,-0.01793480039200214,-0.03240108599740728,-0.013592513880742335
permutation,934,NA,NA,NA,TRUE,0.04265763584073702,0.04265763584073702,0.03777039595390041,0.009364750245339691,0.007810722618864917
permutation,935,NA,NA,NA,TRUE,-0.013787695513418408,-0.013787695513418408,-0.015422609771152061,-0.010482215395122837,-0.02095643033412614
permutation,936,NA,NA,NA,TRUE,-0.0010606224500818552,-0.0010606224500818552,-0.0022056514886351023,-5.08802146820595e-4,0.003588434051435993
permutation,937,NA,NA,NA,TRUE,0.024666279061490798,0.024666279061490798,0.0023731193036799735,0.014037900675925898,0.014328389193003641
permutation,938,NA,NA,NA,TRUE,-0.0023056030948294475,-0.0023056030948294475,-0.001314710100379808,-0.023150689195063714,-0.03237495677388218
permutation,939,NA,NA,NA,TRUE,0.005059377453157618,0.005059377453157618,-0.0021382637914462432,-4.8905868817755715e-5,0.005324296235671476
permutation,940,NA,NA,NA,TRUE,0.01049083402678226,0.01049083402678226,0.015362231867534729,0.012881278358821403,0.03067934832384403
permutation,941,NA,NA,NA,TRUE,-0.014443749679491663,-0.014443749679491663,0.007384285702017594,0.018970561916509802,0.012480766519704353
permutation,942,NA,NA,NA,TRUE,-0.013010988138095423,-0.013010988138095423,-0.018454205851341377,0.0026608502807782455,0.00361516847393808
permutation,943,NA,NA,NA,TRUE,-0.040727173676311554,-0.040727173676311554,-0.043808954116804695,-0.020845981885672337,-0.029156401038532474
permutation,944,NA,NA,NA,TRUE,4.953474310333642e-4,4.953474310333642e-4,-0.012611654825754336,0.0035881750407825395,-0.011367503823874293
permutation,945,NA,NA,NA,TRUE,-0.0033270771676514026,-0.0033270771676514026,-0.0024645638061608546,-0.010468005050611176,-0.00695426292056829
permutation,946,NA,NA,NA,TRUE,-0.004361028904625646,-0.004361028904625646,0.012898863695262915,-0.0016649069337444336,0.002670415986453782
permutation,947,NA,NA,NA,TRUE,-0.0016772376753237165,-0.0016772376753237165,-0.037313960642322,-0.06006688632861142,-0.0454426399026684
permutation,948,NA,NA,NA,TRUE,-7.399409948485763e-4,-7.399409948485763e-4,0.002508324406877909,-0.0015629946390248077,0.0011937744501090912
permutation,949,NA,NA,NA,TRUE,0.011871413682010404,0.011871413682010404,0.029118360087698768,0.038948700214985935,0.02740394509522117
permutation,950,NA,NA,NA,TRUE,0.00241931915837897,0.00241931915837897,0.004264936394855683,0.03379261943594002,0.023350588453856402
permutation,951,NA,NA,NA,TRUE,0.027158604115208717,0.027158604115208717,0.038440408390337764,0.021955659421997446,0.006096544402455939
permutation,952,NA,NA,NA,TRUE,0.02679737130683084,0.02679737130683084,0.009641241717595225,0.00737758228798438,0.016871802754776274
permutation,953,NA,NA,NA,TRUE,-0.008704936884797117,-0.008704936884797117,-0.010980776851740603,0.011183543029738542,0.016791647691387628
permutation,954,NA,NA,NA,TRUE,0.019200140747626028,0.019200140747626028,0.02632226614864544,9.357016290980555e-4,0.03369686835905471
permutation,955,NA,NA,NA,TRUE,0.017439034764490782,0.017439034764490782,0.013119473778802772,0.007639834320325627,4.6832151723429777e-4
permutation,956,NA,NA,NA,TRUE,-0.01435379861613698,-0.01435379861613698,-0.01902184503592623,-0.014420485353647632,-0.0010826214759242364
permutation,957,NA,NA,NA,TRUE,0.0017832553022190851,0.0017832553022190851,0.008934978765863463,-0.0016535126416375018,0.0031544755280912174
permutation,958,NA,NA,NA,TRUE,0.009501218042903912,0.009501218042903912,-0.0046976540240581365,-0.014934996845095128,-0.02664473371562193
permutation,959,NA,NA,NA,TRUE,0.008390599405141095,0.008390599405141095,0.013973537685150292,-0.022237395350030754,-0.02341105023486021
permutation,960,NA,NA,NA,TRUE,-0.025044853931592573,-0.025044853931592573,-0.018824319213009193,3.5916984263956175e-4,-0.030773812785755257
permutation,961,NA,NA,NA,TRUE,-0.011352817629730552,-0.011352817629730552,0.0071111219799551515,0.016370723142294374,0.00414427054135078
permutation,962,NA,NA,NA,TRUE,0.009290017421434638,0.009290017421434638,-1.9371653104767288e-4,0.015580795812913769,0.016047721897991793
permutation,963,NA,NA,NA,TRUE,0.011326568900498163,0.011326568900498163,0.0035213496564503056,-0.0021652712879999796,-0.02026070980553106
permutation,964,NA,NA,NA,TRUE,0.012789894133599777,0.012789894133599777,0.028250999470032116,0.0011116903172745697,-4.58788193710008e-7
permutation,965,NA,NA,NA,TRUE,-0.007767051806522454,-0.007767051806522454,-0.014129405056274141,-0.039354206886079074,-0.01772055808602181
permutation,966,NA,NA,NA,TRUE,-0.02076343389340068,-0.02076343389340068,-4.670777240423779e-4,0.013001843842997015,0.004381371413597103
permutation,967,NA,NA,NA,TRUE,-7.115861604119274e-4,-7.115861604119274e-4,0.010977038156094158,0.013667088859844986,0.004202691732420147
permutation,968,NA,NA,NA,TRUE,-0.004186517131894579,-0.004186517131894579,-0.009218546459757122,-0.009979501368418445,0.008573323546089084
permutation,969,NA,NA,NA,TRUE,-0.0317519613792743,-0.0317519613792743,-0.04595103047488146,-0.040947508470620876,-0.04512384371904089
permutation,970,NA,NA,NA,TRUE,0.011201739188521315,0.011201739188521315,-0.004156995451255776,0.010130753355659695,0.0145333310793435
permutation,971,NA,NA,NA,TRUE,0.009277318714548958,0.009277318714548958,0.019629991763163497,-0.007431783004969217,-0.004749548599391754
permutation,972,NA,NA,NA,TRUE,0.04049854078511205,0.04049854078511205,0.018188466580904356,-0.003270088721765596,-0.00984359582412455
permutation,973,NA,NA,NA,TRUE,-0.013613918017337936,-0.013613918017337936,-0.01438609773525455,-0.005151694757400705,-0.023998581431261205
permutation,974,NA,NA,NA,TRUE,0.006527418662911107,0.006527418662911107,0.017638011206375707,0.008124081643787964,-0.003041819923568885
permutation,975,NA,NA,NA,TRUE,-0.014450309628571672,-0.014450309628571672,0.01966122746536256,0.031100895032122763,0.04568506805296871
permutation,976,NA,NA,NA,TRUE,0.0029945268139129023,0.0029945268139129023,-0.009685386478664001,-0.0058410706419534135,-0.0037144358109900922
permutation,977,NA,NA,NA,TRUE,-0.004264584186534595,-0.004264584186534595,-0.02434338004824205,-0.037461748016335006,-0.030297230626710223
permutation,978,NA,NA,NA,TRUE,0.0037178900227429154,0.0037178900227429154,-0.009411210380651128,-0.019801420337382365,-0.01433306197551198
permutation,979,NA,NA,NA,TRUE,0.01572413842494834,0.01572413842494834,0.008525962487973115,0.0019258261760277725,0.021079801419134736
permutation,980,NA,NA,NA,TRUE,-0.009981846383883957,-0.009981846383883957,0.008638958081047301,-0.0463412443021964,-0.03240878432975478
permutation,981,NA,NA,NA,TRUE,0.007576582722358133,0.007576582722358133,-0.011282366828329015,-0.016965621026574753,-0.02673139869657042
permutation,982,NA,NA,NA,TRUE,-0.006082081526201291,-0.006082081526201291,-0.00962941821885512,-0.00196237322597445,0.020539069987378672
permutation,983,NA,NA,NA,TRUE,2.4634175450863302e-5,2.4634175450863302e-5,-0.007316096915861804,-0.014705253671452716,-0.026554317864011915
permutation,984,NA,NA,NA,TRUE,-0.0037953050632218983,-0.0037953050632218983,0.0017847106651134388,-0.015400848674761592,0.005015471413174119
permutation,985,NA,NA,NA,TRUE,0.016315084703369693,0.016315084703369693,-0.004133787521173049,-0.007290523183178552,-0.02446605591531673
permutation,986,NA,NA,NA,TRUE,0.007756383353153798,0.007756383353153798,-0.013081710658171887,-0.014746649694036324,-0.012305997010923895
permutation,987,NA,NA,NA,TRUE,-0.0014385394284185233,-0.0014385394284185233,0.010310775364929232,-0.02423217599447309,-0.02085279484339785
permutation,988,NA,NA,NA,TRUE,-0.0050696293277271475,-0.0050696293277271475,-0.013170380050021389,0.016372225356419707,0.010964870308430855
permutation,989,NA,NA,NA,TRUE,-0.02220408788546453,-0.02220408788546453,-0.018458274186542705,0.0018167572368722566,2.1791884058637578e-4
permutation,990,NA,NA,NA,TRUE,-0.0011933739413091575,-0.0011933739413091575,0.003011052835106217,-0.013857498291037783,-0.0030976970398296343
permutation,991,NA,NA,NA,TRUE,-0.019518445311803325,-0.019518445311803325,-0.006544020454420775,-0.0058629449632995375,-0.024572829552767465
permutation,992,NA,NA,NA,TRUE,-0.0013578461907520116,-0.0013578461907520116,2.3169192880492058e-4,0.0011150369487751325,0.016361229626444884
permutation,993,NA,NA,NA,TRUE,-0.0159677153638115,-0.0159677153638115,0.006707578442375472,0.0012136971344281697,0.01115029736997341
permutation,994,NA,NA,NA,TRUE,-0.010332029843252101,-0.010332029843252101,-0.003947878567320708,0.018028079134635958,0.005470711938293205
permutation,995,NA,NA,NA,TRUE,0.003182713406621427,0.003182713406621427,0.019393029084902612,0.02425800667356673,0.03418765432071685
permutation,996,NA,NA,NA,TRUE,0.004399312170021927,0.004399312170021927,0.0032264843593507453,-0.01598980738758511,-8.336302914820895e-4
permutation,997,NA,NA,NA,TRUE,0.014281530512789067,0.014281530512789067,-0.004145836244408766,0.02527836466454271,0.009176825346881311
permutation,998,NA,NA,NA,TRUE,-0.015512817267930776,-0.015512817267930776,-0.005159187647520618,-0.009585590965743997,-0.0014212552556609574
permutation,999,NA,NA,NA,TRUE,-0.006783161710996309,-0.006783161710996309,-0.00504217241836969,-0.028446165061180122,-0.027502872855285777
permutation,1000,NA,NA,NA,TRUE,0.007747031950979393,0.007747031950979393,0.005976078442868061,0.02991590302800924,0.03056324703944807
