phase_v2,FP_between,smooth_fit,smooth_se,smooth_lo,smooth_hi,linear_fit,linear_se,linear_lo,linear_hi,centered_at_FP_between
1985-1991,6.223235918080052,0.06536891908878943,0.04307866371051797,-0.019065261783825782,0.14980309996140465,0.06775202272528894,0.09649058022940128,-0.12136951452433759,0.25687355997491546,8.966104274930782
1985-1991,6.262375624947168,0.06443536647713514,0.04246472219007077,-0.018795489015403566,0.14766622196967386,0.06678413668635624,0.097097437027911,-0.12352683988834931,0.2570951132610618,8.966104274930782
1985-1991,6.301515331814284,0.06350181477833011,0.04185085887602307,-0.018525868618675112,0.14552949817533534,0.06581625064742355,0.09770429382642071,-0.12568416525236104,0.25731666654720814,8.966104274930782
1985-1991,6.3406550386814,0.0625682651797068,0.04123707858231498,-0.018256408841630545,0.14339293920104415,0.06484836460849083,0.09831115062493041,-0.12784149061637276,0.25753821983335445,8.966104274930782
1985-1991,6.379794745548516,0.0616347190444145,0.04062338629996943,-0.01798711810352558,0.14125655619235458,0.06388047856955814,0.09891800742344013,-0.1299988159803845,0.2577597731195008,8.966104274930782
1985-1991,6.418934452415632,0.060701178129182985,0.040009787491594145,-0.017718005354341544,0.13912036161270752,0.06291259253062545,0.09952486422194984,-0.13215614134439624,0.25798132640564714,8.966104274930782
1985-1991,6.458074159282748,0.05976764433002536,0.03939628752965231,-0.01744907922809316,0.1369843678881439,0.06194470649169276,0.10013172102045956,-0.13431346670840796,0.25820287969179345,8.966104274930782
1985-1991,6.497213866149864,0.058834119545433765,0.03878289140824225,-0.017180347614721043,0.13484858670558858,0.06097682045276004,0.10073857781896926,-0.13647079207241972,0.2584244329779398,8.966104274930782
1985-1991,6.53635357301698,0.05790060569325895,0.03816960382668657,-0.016911817807046724,0.13271302919356462,0.06000893441382735,0.10134543461747897,-0.13862811743643144,0.25864598626408614,8.966104274930782
1985-1991,6.575493279884096,0.05696710473077114,0.037556429247003684,-0.01664349659335608,0.13057770605489838,0.059041048374894656,0.10195229141598869,-0.14078544280044317,0.25886753955023245,8.966104274930782
1985-1991,6.614632986751212,0.05603361862003491,0.03694337164806191,-0.01637538981016643,0.12844262705023626,0.058073162335961964,0.1025591482144984,-0.1429427681644549,0.2590890928363788,8.966104274930782
1985-1991,6.653772693618328,0.05510014932311471,0.03633043448188688,-0.01610750226138357,0.12630780090761298,0.057105276297029245,0.10316600501300811,-0.14510009352846664,0.25931064612252513,8.966104274930782
1985-1991,6.692912400485444,0.05416669880207506,0.035717620662243744,-0.015839837695922676,0.12417323530007279,0.05613739025809655,0.1037728618115178,-0.14725741889247834,0.25953219940867145,8.966104274930782
1985-1991,6.73205210735256,0.05323326901898045,0.035104932556626674,-0.015572398792007829,0.12203893682996872,0.05516950421916386,0.10437971861002752,-0.1494147442564901,0.2597537526948178,8.966104274930782
1985-1991,6.771191814219676,0.05229986193589541,0.034492371982081924,-0.015305187148985162,0.119904911020776,0.05420161818023117,0.10498657540853724,-0.15157206962050182,0.2599753059809642,8.966104274930782
1985-1991,6.810331521086792,0.05136647945507783,0.033879940229960714,-0.01503820339564517,0.11777116230580083,0.05323373214129845,0.10559343220704696,-0.1537293949845136,0.2601968592671105,8.966104274930782
1985-1991,6.849471227953908,0.05043312307733353,0.033267638204829406,-0.014771447804132108,0.11563769395879916,0.05226584610236576,0.10620028900555666,-0.15588672034852527,0.2604184125532568,8.966104274930782
1985-1991,6.888610934821024,0.04949979413787879,0.03265546632002736,-0.01450491984937484,0.11350450812513242,0.05129796006343307,0.10680714580406639,-0.15804404571253705,0.2606399658394032,8.966104274930782
1985-1991,6.92775064168814,0.04856649386796799,0.03204342446722132,-0.014238618087785787,0.11137160582372177,0.050330074024500376,0.10741400260257608,-0.16020137107654875,0.2608615191255495,8.966104274930782
1985-1991,6.966890348555256,0.04763322315849781,0.03143151210006096,-0.013972540557621677,0.10923898687461729,0.04936218798556766,0.1080208594010858,-0.1623586964405605,0.2610830724116958,8.966104274930782
1985-1991,7.006030055422372,0.04669998245506386,0.030819728284652625,-0.01370668498285528,0.107106649892983,0.048394301946634966,0.1086277161995955,-0.16451602180457223,0.2613046256978422,8.966104274930782
1985-1991,7.045169762289488,0.04576677185001413,0.030208071710627248,-0.013441048702815268,0.10497459240284354,0.047426415907702246,0.10923457299810521,-0.16667334716858395,0.26152617898398844,8.966104274930782
1985-1991,7.0843094691566035,0.044833591122729055,0.029596540719184727,-0.013175628686873012,0.10284281093233112,0.04645852986876958,0.10984142979661492,-0.16883067253259565,0.2617477322701348,8.966104274930782
1985-1991,7.12344917602372,0.0439004397876124,0.028985133336641242,-0.012910421552204433,0.10071130112742924,0.04549064382983686,0.11044828659512465,-0.17098799789660746,0.2619692855562812,8.966104274930782
1985-1991,7.1625888828908355,0.042967316603723396,0.02837384746222809,-0.012645424422243659,0.09858005762969045,0.04452275779090417,0.11105514339363436,-0.17314532326061916,0.2621908388424275,8.966104274930782
1985-1991,7.201728589757952,0.04203421956962902,0.027762680952074795,-0.012380635096437574,0.09644907423569563,0.04355487175197145,0.11166200019214408,-0.17530264862463094,0.2624123921285738,8.966104274930782
1985-1991,7.240868296625068,0.04110114635977788,0.027151631564584767,-0.012116051506808265,0.09431834422636402,0.04258698571303876,0.11226885699065378,-0.17745997398864263,0.2626339454147202,8.966104274930782
1985-1991,7.280008003492184,0.04016809436799696,0.026540696996919494,-0.011851671745965249,0.09218786048195918,0.04161909967410607,0.11287571378916349,-0.17961729935265436,0.2628554987008665,8.966104274930782
1985-1991,7.3191477103592995,0.03923506090823672,0.02592987486522933,-0.011587493827612774,0.09005761564408621,0.04065121363517338,0.11348257058767319,-0.18177462471666608,0.2630770519870128,8.966104274930782
1985-1991,7.358287417226416,0.038302042713887915,0.02531916293239211,-0.011323516633600622,0.08792760206137645,0.03968332759624066,0.11408942738618291,-0.18393195008067784,0.2632986052731592,8.966104274930782
1985-1991,7.397427124093532,0.037369035941896445,0.024708559176310724,-0.011059740043672571,0.08579781192746547,0.03871544155730797,0.11469628418469263,-0.1860892754446896,0.26352015855930555,8.966104274930782
1985-1991,7.436566830960648,0.03643603660561717,0.024098061676570935,-0.010796164280461859,0.0836682374916962,0.037747555518375275,0.11530314098320234,-0.18824660080870131,0.26374171184545186,8.966104274930782
1985-1991,7.475706537827763,0.03550304047020885,0.02348766869478734,-0.010532790171574331,0.08153887111199204,0.036779669479442584,0.11590999778171204,-0.190403926172713,0.2639632651315982,8.966104274930782
1985-1991,7.51484624469488,0.03457004318950985,0.022877378651205475,-0.010269618966852884,0.07940970534587258,0.035811783440509865,0.11651685458022176,-0.1925612515367248,0.26418481841774455,8.966104274930782
1985-1991,7.553985951561996,0.03363703993052901,0.02226719036460182,-0.01000665318409056,0.07728073304514857,0.03484389740157717,0.11712371137873148,-0.19471857690073652,0.26440637170389086,8.966104274930782
1985-1991,7.593125658429112,0.03270402534844629,0.021657103120048236,-0.009743896766848253,0.07515194746374083,0.03387601136264448,0.11773056817724117,-0.19687590226474821,0.2646279249900372,8.966104274930782
1985-1991,7.632265365296227,0.03177099387751968,0.021047116543319852,-0.00948135454738723,0.07302334230242659,0.03290812532371179,0.11833742497575088,-0.19903322762875994,0.26484947827618355,8.966104274930782
1985-1991,7.671405072163344,0.03083793979132607,0.020437230585080974,-0.009219032155432641,0.07089491173808478,0.03194023928477907,0.1189442817742606,-0.2011905529927717,0.2650710315623298,8.966104274930782
1985-1991,7.71054477903046,0.029904857323944815,0.019827445449842312,-0.008956935757746115,0.06876665040563575,0.03097235324584638,0.11955113857277032,-0.20334787835678345,0.2652925848484762,8.966104274930782
1985-1991,7.749684485897576,0.028971740543469387,0.019217761746709545,-0.008695072480081324,0.0666385535670201,0.030004467206913688,0.12015799537128001,-0.20550520372079512,0.2655141381346225,8.966104274930782
1985-1991,7.788824192764691,0.02803858333414509,0.018608180560494802,-0.00843345056442472,0.0645106172327149,0.029036581167980996,0.12076485216978973,-0.20766252908480687,0.26573569142076886,8.966104274930782
1985-1991,7.827963899631808,0.02710537938333735,0.0179987035629638,-0.008172079600071696,0.06238283836674639,0.028068695129048277,0.12137170896829945,-0.20981985444881865,0.2659572447069152,8.966104274930782
1985-1991,7.867103606498924,0.026172122292921873,0.017389332915720042,-0.007910970221889406,0.06025521480773315,0.027100809090115585,0.12197856576680915,-0.21197717981283035,0.26617879799306154,8.966104274930782
1985-1991,7.90624331336604,0.0252388056310836,0.01678007129181705,-0.007650134100877819,0.05812774536304502,0.026132923051182894,0.12258542256531886,-0.21413450517684207,0.26640035127920786,8.966104274930782
1985-1991,7.945383020233156,0.024305422967134404,0.01617092182895271,-0.00738958381761291,0.056000429751881714,0.025165037012250174,0.12319227936382858,-0.21629183054085385,0.2666219045653542,8.966104274930782
1985-1991,7.984522727100272,0.023371967903831715,0.01556188814375583,-0.007129332857929712,0.05387326866559314,0.024197150973317483,0.12379913616233829,-0.21844915590486555,0.26684345785150054,8.966104274930782
1985-1991,8.023662433967388,0.02243843412300477,0.014952974417062526,-0.006869395734437782,0.05174626398044732,0.02322926493438479,0.124405992960848,-0.2206064812688773,0.2670650111376469,8.966104274930782
1985-1991,8.062802140834505,0.021504815438129692,0.014344185556476007,-0.006609788252563281,0.049619419128822666,0.022261378895452072,0.12501284975935772,-0.22276380663288906,0.26728656442379317,8.966104274930782
1985-1991,8.10194184770162,0.02057110576762373,0.01373552725297974,-0.0063505276482165585,0.04749273918346402,0.021293492856519408,0.12561970655786742,-0.22492113199690073,0.26750811770993954,8.966104274930782
1985-1991,8.141081554568736,0.019637299459877553,0.013127006477740183,-0.006091633236493203,0.04536623215624831,0.02032560681758669,0.12622656335637714,-0.2270784573609125,0.2677296709960859,8.966104274930782
1985-1991,8.180221261435852,0.018703391436867556,0.012518631912384856,-0.005833127111406759,0.04323990998514187,0.019357720778653997,0.12683342015488686,-0.22923578272492423,0.2679512242822322,8.966104274930782
1985-1991,8.219360968302968,0.017769377049636024,0.011910414253221133,-0.005575034886677394,0.041113788985949445,0.018389834739721278,0.12744027695339658,-0.231393108088936,0.26817277756837854,8.966104274930782
1985-1991,8.258500675170083,0.016835251819454986,0.011302366560160622,-0.005317386638459834,0.038987890277369805,0.017421948700788614,0.12804713375190627,-0.23355043345294768,0.2683943308545249,8.966104274930782
1985-1991,8.2976403820372,0.015901011417196395,0.010694504957873031,-0.005060218300234745,0.036862241134627535,0.016454062661855895,0.128653990550416,-0.23570775881695943,0.2686158841406712,8.966104274930782
1985-1991,8.336780088904316,0.014966652043911286,0.01008684997224388,-0.004803573901686715,0.034736877989509286,0.015486176622923203,0.1292608473489257,-0.23786508418097116,0.26883743742681754,8.966104274930782
1985-1991,8.375919795771432,0.014032170293514432,0.009479427944599815,-0.004547508477901207,0.032611849064930074,0.014518290583990484,0.1298677041474354,-0.2400224095449829,0.2690589907129639,8.966104274930782
1985-1991,8.415059502638549,0.013097563107923588,0.008872273111143494,-0.0042920921899176605,0.030487218405764835,0.013550404545057765,0.13047456094594514,-0.24217973490899472,0.2692805439991103,8.966104274930782
1985-1991,8.454199209505664,0.012162828015264589,0.008265430889574077,-0.0040374165283006,0.028363072558829777,0.012582518506125101,0.1310814177444548,-0.2443370602730063,0.26950209728525654,8.966104274930782
1985-1991,8.49333891637278,0.011227963132983868,0.007658962490957019,-0.0037836033492918888,0.026239529615259626,0.01161463246719241,0.13168827454296453,-0.2464943856370181,0.2697236505714029,8.966104274930782
1985-1991,8.532478623239896,0.010292967595949436,0.007052952369907257,-0.0035308190490687882,0.02411675424096766,0.01064674642825969,0.13229513134147425,-0.24865171100102984,0.2699452038575492,8.966104274930782
1985-1991,8.571618330107011,0.0093578418204312,0.006447519631299841,-0.0032792966569164875,0.02199498029777889,0.009678860389327026,0.13290198813998394,-0.2508090363650415,0.27016675714369554,8.966104274930782
1985-1991,8.610758036974127,0.008422586945596194,0.00584283527025466,-0.0030293701841029395,0.019874544075295326,0.008710974350394307,0.13350884493849366,-0.25296636172905324,0.27038831042984185,8.966104274930782
1985-1991,8.649897743841244,0.007487204776410332,0.005239151922006427,-0.0027815329907222653,0.01775594254354293,0.007743088311461616,0.1341157017370034,-0.2551236870930651,0.2706098637159883,8.966104274930782
1985-1991,8.68903745070836,0.006551697539073752,0.00463685622831565,-0.0025365406684249225,0.015639935746572426,0.006775202272528896,0.13472255853551313,-0.2572810124570768,0.27083141700213464,8.966104274930782
1985-1991,8.728177157575477,0.005616068565636479,0.004036569269251401,-0.0022956072020962667,0.013527744333369224,0.005807316233596177,0.13532941533402282,-0.2594383378210885,0.2710529702882809,8.966104274930782
1985-1991,8.767316864442591,0.004680321907538459,0.003439347532968115,-0.0020607992570790467,0.011421443072155965,0.004839430194663513,0.1359362721325325,-0.2615956631851002,0.2712745235744273,8.966104274930782
1985-1991,8.806456571309708,0.0037444621467632977,0.0028471309807395007,-0.0018359145754861237,0.00932483886901272,0.0038715441557308217,0.13654312893104223,-0.26375298854911194,0.2714960768605736,8.966104274930782
1985-1991,8.845596278176824,0.0028084943051561724,0.0022638696712674045,-0.0016286902505279403,0.007245678860840285,0.0029036581167981024,0.13714998572955195,-0.2659103139131237,0.2717176301467199,8.966104274930782
1985-1991,8.884735985043939,0.0018724237748392323,0.0016988442110227498,-0.001457310878765357,0.005202158428443821,0.0019357720778654386,0.13775684252806164,-0.2680676392771354,0.27193918343286627,8.966104274930782
1985-1991,8.923875691911055,9.362567075070257e-4,0.0011786382754168823,-0.0013738743123100636,0.003246387727324115,9.678860389327193e-4,0.13836369932657136,-0.27022496464114715,0.2721607367190126,8.966104274930782
1985-1991,8.963015398778172,0,7.966293374182941e-4,-0.0015613935013398565,0.0015613935013398565,0,0.13897055612508108,-0.2723822900051589,0.2723822900051589,8.966104274930782
1985-1991,9.002155105645288,-9.36338910996149e-4,7.890155959715911e-4,-0.0024828094791004675,6.101316571081695e-4,-9.678860389326915e-4,0.1395774129235908,-0.2745396153691706,0.27260384329130527,8.966104274930782
1985-1991,9.041294812512405,-0.0018727523406386504,0.0011632566344516263,-0.004152735344163838,4.072306628865373e-4,-0.0019357720778654108,0.14018426972210052,-0.2766969407331824,0.27282539657745164,8.966104274930782
1985-1991,9.08043451937952,-0.0028092322500098436,0.0016812762361116246,-0.006104533672788627,4.8606917276894064e-4,-0.0029036581167980746,0.1407911265206102,-0.2788542660971941,0.2730469498635979,8.966104274930782
1985-1991,9.119574226246636,-0.0037457702514123096,0.002245738360897466,-0.008147417438771343,6.558769359467239e-4,-0.003871544155730794,0.1413979833191199,-0.2810115914612058,0.27326850314974416,8.966104274930782
1985-1991,9.158713933113752,-0.00468235772923791,0.0028290196741309606,-0.010227236290534594,8.62520832058772e-4,-0.0048394301946634855,0.14200484011762965,-0.2831689168252176,0.27349005643589064,8.966104274930782
1985-1991,9.197853639980867,-0.005618985958434,0.0034215439911242426,-0.012325212181037515,0.0010872402641695159,-0.005807316233596149,0.1426116969161393,-0.2853262421892292,0.2737116097220369,8.966104274930782
1985-1991,9.236993346847983,-0.00655564613122784,0.004019256023312337,-0.01443338793692002,0.00132209567446434,-0.0067752022725288685,0.14321855371464906,-0.287483567553241,0.27393316300818327,8.966104274930782
1985-1991,9.2761330537151,-0.007492329422914575,0.004620169710848648,-0.016547862056177923,0.0015632032103487748,-0.007743088311461588,0.14382541051315875,-0.28964089291725276,0.2741547162943296,8.966104274930782
1985-1991,9.315272760582216,-0.008429027074234334,0.005223204609819853,-0.018666508109481245,0.0018084539610125766,-0.00871097435039428,0.1444322673116685,-0.2917982182812645,0.274376269580476,8.966104274930782
1985-1991,9.354412467449333,-0.009365730468178308,0.005827725174153662,-0.020788071809519484,0.0020566108731628688,-0.009678860389326999,0.14503912411017822,-0.2939555436452763,0.27459782286662227,8.966104274930782
1985-1991,9.393552174316447,-0.010302431069608408,0.00643333379573541,-0.022911765309249814,0.0023069031700329954,-0.010646746428259662,0.14564598090868788,-0.2961128690092879,0.27481937615276864,8.966104274930782
1985-1991,9.432691881183564,-0.011239120439603604,0.007039769446043932,-0.025037068553849712,0.002558827674642503,-0.011614632467192382,0.1462528377071976,-0.2982701943732997,0.2750409294389149,8.966104274930782
1985-1991,9.47183158805068,-0.012175790529514131,0.007646854593080066,-0.02716362553195106,0.002812044472922798,-0.012582518506125073,0.14685969450570732,-0.3004275197373114,0.27526248272506126,8.966104274930782
1985-1991,9.510971294917796,-0.01311243365365399,0.008254464714608436,-0.029291184494286526,0.0030663171869785445,-0.013550404545057793,0.14746655130421704,-0.30258484510132316,0.2754840360112076,8.966104274930782
1985-1991,9.550111001784913,-0.014049042716146466,0.00886251056258616,-0.03141956341881534,0.0033214779865224087,-0.014518290583990512,0.14807340810272676,-0.30474217046533497,0.27570558929735395,8.966104274930782
1985-1991,9.589250708652028,-0.01498561083486153,0.009470926566408707,-0.0335486269050226,0.0035774052352995356,-0.015486176622923176,0.14868026490123645,-0.3068994958293466,0.27592714258350026,8.966104274930782
1985-1991,9.628390415519144,-0.015922131317886567,0.010079663762166896,-0.03567827229173368,0.003834009655960549,-0.016454062661855867,0.14928712169974617,-0.3090568211933583,0.27614869586964663,8.966104274930782
1985-1991,9.66753012238626,-0.016858597569993423,0.01068868510028691,-0.03780842036655577,0.00409122522656892,-0.017421948700788586,0.1498939784982559,-0.3112141465573701,0.276370249155793,8.966104274930782
1985-1991,9.706669829253375,-0.01779500343590991,0.011297962559500843,-0.03993901005253156,0.004349003180711745,-0.01838983473972125,0.15050083529676558,-0.3133714719213818,0.27659180244193926,8.966104274930782
1985-1991,9.7458095361204915,-0.018731343485828948,0.011907475072479726,-0.04206999462788921,0.004607307656231314,-0.01935772077865397,0.1511076920952753,-0.3155287972853935,0.27681335572808563,8.966104274930782
1985-1991,9.784949242987608,-0.019667613028228514,0.012517206854335423,-0.04420133846272595,0.004866112406268917,-0.02032560681758666,0.15171454889378502,-0.3176861226494053,0.277034909014232,8.966104274930782
1985-1991,9.824088949854724,-0.020603807877150073,0.013127146050049427,-0.04633301413524695,0.005125398380946805,-0.02129349285651938,0.15232140569229474,-0.3198434480134171,0.2772564623003783,8.966104274930782
1985-1991,9.86322865672184,-0.021539924882425714,0.013737284030976946,-0.04846500158314053,0.005385151818289097,-0.0222613788954521,0.15292826249080443,-0.3220007733774288,0.2774780155865246,8.966104274930782
1985-1991,9.902368363588955,-0.02247596235905797,0.01434761473619806,-0.05059728724200617,0.005645362523890227,-0.023229264934384763,0.15353511928931413,-0.32415809874144047,0.27769956887267094,8.966104274930782
1985-1991,9.941508070456072,-0.023411919615760363,0.014958133780249318,-0.052729861825049025,0.0059060225935283,-0.024197150973317455,0.15414197608782385,-0.3263154241054522,0.27792112215881726,8.966104274930782
1985-1991,9.980647777323188,-0.02434779693174971,0.015568837899149925,-0.05486271921408356,0.006167125350584144,-0.025165037012250174,0.15474883288633356,-0.3284727494694639,0.2781426754449636,8.966104274930782
1985-1991,10.019787484190303,-0.025283595447221967,0.01617972446935141,-0.056995855407150735,0.006428664512706801,-0.026132923051182838,0.15535568968484328,-0.3306300748334756,0.27836422873111,8.966104274930782
1985-1991,10.05892719105742,-0.026219316837148433,0.01679079107728885,-0.05912926734863458,0.006690633674337712,-0.027100809090115557,0.155962546483353,-0.3327874001974874,0.27858578201725637,8.966104274930782
1985-1991,10.098066897924536,-0.027154963599314994,0.017402035321301586,-0.0612629528290661,0.006953025630436111,-0.02806869512904825,0.15656940328186272,-0.3349447255614992,0.2788073353034027,8.966104274930782
1985-1991,10.137206604791652,-0.028090539172528756,0.018013454594394004,-0.06339691017754101,0.007215831832483494,-0.029036581167980968,0.15717626008037244,-0.33710205092551093,0.279028888589549,8.966104274930782
1985-1991,10.176346311658769,-0.029026047719135407,0.018625045846112406,-0.06553113757751572,0.007479042139244909,-0.030004467206913688,0.15778311687888213,-0.3392593762895227,0.2792504418756953,8.966104274930782
1985-1991,10.215486018525883,-0.02996149364817538,0.01923680535830454,-0.06766563215045228,0.007742644854101519,-0.03097235324584635,0.15838997367739183,-0.3414167016535343,0.2794719951618416,8.966104274930782
1985-1991,10.254625725393,-0.030896881594988435,0.01984872870662201,-0.06980038985996757,0.008006626669990705,-0.03194023928477907,0.15899683047590155,-0.3435740270175461,0.27969354844798794,8.966104274930782
1985-1991,10.293765432260116,-0.03183221646726535,0.020460810835432205,-0.07193540570471246,0.008270972770181774,-0.03290812532371179,0.15960368727441127,-0.3457313523815579,0.2799151017341343,8.966104274930782
1985-1991,10.33290513912723,-0.03276750340438203,0.021073046208155564,-0.07407067397236694,0.008535667163602871,-0.033876011362644454,0.16021054407292096,-0.34788867774556953,0.2801366550202806,8.966104274930782
1985-1991,10.372044845994349,-0.033702747585988596,0.02168542877623092,-0.0762061879874012,0.008800692815424005,-0.03484389740157717,0.1608174008714307,-0.35004600310958134,0.280358208306427,8.966104274930782
1985-1991,10.411184552861464,-0.03463795416052062,0.022297951903333828,-0.07834193989105492,0.009066031570013677,-0.03581178344050984,0.1614242576699404,-0.352203328473593,0.2805797615925733,8.966104274930782
1985-1991,10.45032425972858,-0.03557312803612863,0.02291060858735062,-0.08047792086733585,0.009331664795078583,-0.036779669479442556,0.16203111446845012,-0.3543606538376048,0.2808013148787197,8.966104274930782
1985-1991,10.489463966595697,-0.036508273719189716,0.02352339174128447,-0.08261412153210727,0.009597574093727843,-0.037747555518375275,0.16263797126695984,-0.35651797920161654,0.281022868164866,8.966104274930782
1985-1991,10.528603673462811,-0.037443395422487764,0.02413629416287305,-0.08475053198171895,0.009863741136743417,-0.03871544155730794,0.16324482806546953,-0.3586753045656282,0.2812444214510123,8.966104274930782
1985-1991,10.567743380329928,-0.038378496875958214,0.0247493087719603,-0.08688714206900039,0.010130148317083969,-0.03968332759624066,0.16385168486397922,-0.36083262992963994,0.2814659747371586,8.966104274930782
1985-1991,10.606883087197044,-0.03931358132958407,0.025362428732939896,-0.08902394164614627,0.010396778986978127,-0.04065121363517338,0.16445854166248897,-0.36298995529365174,0.281687528023305,8.966104274930782
1985-1991,10.646022794064159,-0.040248651899600855,0.02597564722193213,-0.09116092045458783,0.010663616655386121,-0.04161909967410604,0.16506539846099863,-0.36514728065766333,0.28190908130945125,8.966104274930782
1985-1991,10.685162500931277,-0.04118371125703507,0.026588957731657106,-0.093298068411083,0.010930645897012856,-0.04258698571303876,0.1656722552595084,-0.36730460602167525,0.28213063459559773,8.966104274930782
1985-1991,10.724302207798392,-0.0421187619336947,0.027202353876402394,-0.09543537553144339,0.011197851664053987,-0.043554871751971425,0.1662791120580181,-0.3694619313856869,0.28235218788174404,8.966104274930782
1985-1991,10.763441914665508,-0.0430538063184973,0.027815829403717785,-0.09757283194978415,0.011465219312789557,-0.044522757790904144,0.16688596885652782,-0.37161925674969865,0.28257374116789036,8.966104274930782
1985-1991,10.802581621532624,-0.04398884613123843,0.028429378704412252,-0.09971042839188644,0.011732736129409588,-0.04549064382983686,0.1674928256550375,-0.3737765821137104,0.28279529445403667,8.966104274930782
1985-1991,10.84172132839974,-0.044923882895954816,0.029042996471588416,-0.10184815598026811,0.012000390188358481,-0.04645852986876953,0.16809968245354723,-0.3759339074777221,0.28301684774018304,8.966104274930782
1985-1991,10.880861035266856,-0.045858918136658884,0.02965667752559372,-0.10398600608682257,0.012268169813504808,-0.047426415907702246,0.16870653925205695,-0.37809123284173385,0.28323840102632936,8.966104274930782
1992-2001,6.223235918080052,-0.04315274311450851,0.03934374157845553,-0.12026647660828134,0.033960990379264325,-0.03882962385760533,0.12260834457943065,-0.27914197923328943,0.20148273151807874,8.966104274930782
1992-2001,6.262375624947168,-0.04253560838621537,0.038782865244412316,-0.11855002426526351,0.033478807492832774,-0.038274914945353816,0.12337946345222792,-0.2800986633117205,0.2035488334210129,8.966104274930782
1992-2001,6.301515331814284,-0.041918473711615535,0.038222064421448695,-0.11683371997765499,0.03299677255442391,-0.037720206033102305,0.12415058232502517,-0.28105534739015164,0.20561493532394703,8.966104274930782
1992-2001,6.3406550386814,-0.04130133916343411,0.037661343751440327,-0.11511757291625715,0.03251489458938892,-0.03716549712085082,0.12492170119782241,-0.2820120314685827,0.20768103722688108,8.966104274930782
1992-2001,6.379794745548516,-0.04068420484121397,0.037100708046087456,-0.1134015926115454,0.03203318292911745,-0.03661078820859931,0.12569282007061966,-0.28296871554701386,0.2097471391298152,8.966104274930782
1992-2001,6.418934452415632,-0.04006707091430169,0.0365401625696825,-0.11168578955087938,0.031551647722276,-0.03605607929634777,0.1264639389434169,-0.2839253996254449,0.21181324103274934,8.966104274930782
1992-2001,6.458074159282748,-0.03944993757958622,0.03597971249849002,-0.10997017407662665,0.03107029891745422,-0.03550137038409629,0.12723505781621416,-0.284882083703876,0.21387934293568348,8.966104274930782
1992-2001,6.497213866149864,-0.03883280503462303,0.035419362643427696,-0.10825475581574132,0.030589145746495246,-0.034946661471844775,0.12800617668901143,-0.28583876778230716,0.2159454448386176,8.966104274930782
1992-2001,6.53635357301698,-0.038215673504336356,0.03485911753050811,-0.10653954386413225,0.03010819685545954,-0.03439195255959329,0.12877729556180867,-0.2867954518607383,0.21801154674155168,8.966104274930782
1992-2001,6.575493279884096,-0.03759854326938085,0.03429898145602734,-0.10482454692319443,0.02962746038443273,-0.03383724364734175,0.12954841443460594,-0.2877521359391694,0.22007764864448587,8.966104274930782
1992-2001,6.614632986751212,-0.03698141461718921,0.03373895824965839,-0.10310977278651966,0.029146943552141244,-0.03328253473509027,0.13031953330740317,-0.28870882001760045,0.22214375054741994,8.966104274930782
1992-2001,6.653772693618328,-0.03636428783519403,0.03317905123231682,-0.10139522825053499,0.028666652580146938,-0.03272782582283876,0.13109065218020044,-0.28966550409603165,0.2242098524503541,8.966104274930782
1992-2001,6.692912400485444,-0.035747163210827985,0.03261926320512214,-0.09968091909286736,0.028186592671211395,-0.032173116910587274,0.13186177105299768,-0.2906221881744627,0.22627595435328818,8.966104274930782
1992-2001,6.73205210735256,-0.035130041031523715,0.03205959644164996,-0.09796685005715763,0.027706767994110204,-0.031618407998335735,0.13263288992579492,-0.2915788722528938,0.2283420562562223,8.966104274930782
1992-2001,6.771191814219676,-0.034512921584713876,0.03150005268388673,-0.09625302484513187,0.02722718167570412,-0.03106369908608425,0.13340400879859218,-0.29253555633132494,0.23040815815915644,8.966104274930782
1992-2001,6.810331521086792,-0.033895805180762115,0.03094063316643859,-0.09453944618698175,0.02674783582545752,-0.03050899017383274,0.13417512767138945,-0.2934922404097561,0.2324742600620906,8.966104274930782
1992-2001,6.849471227953908,-0.03327869228395452,0.030381338752470958,-0.09282611623879759,0.026268731670888557,-0.029954281261581256,0.1349462465441867,-0.29444892448818716,0.23454036196502467,8.966104274930782
1992-2001,6.888610934821024,-0.03266158342204296,0.02982216983159379,-0.09111303629196679,0.02578986944788087,-0.029399572349329717,0.13571736541698395,-0.29540560856661824,0.2366064638679588,8.966104274930782
1992-2001,6.92775064168814,-0.03204447915548089,0.029263126290209933,-0.08940020668429235,0.025311248373330576,-0.028844863437078233,0.1364884842897812,-0.2963622926450493,0.23867256577089288,8.966104274930782
1992-2001,6.966890348555256,-0.03142738015004627,0.028704207593761345,-0.08768762703381851,0.024832866733725964,-0.02829015452482672,0.13725960316257843,-0.2973189767234804,0.24073866767382698,8.966104274930782
1992-2001,7.006030055422372,-0.030810287202592705,0.02814541283622725,-0.08597529636159812,0.024354721956412702,-0.027735445612575238,0.1380307220353757,-0.2982756608019116,0.24280476957676111,8.966104274930782
1992-2001,7.045169762289488,-0.030193201210570085,0.027586740750284666,-0.08426321308112802,0.02387681065998786,-0.027180736700323727,0.13880184090817296,-0.2992323448803427,0.24487087147969527,8.966104274930782
1992-2001,7.0843094691566035,-0.029576123155957888,0.027028189734227725,-0.08255137503504423,0.02339912872312845,-0.026626027788072215,0.1395729597809702,-0.3001890289587738,0.24693697338262938,8.966104274930782
1992-2001,7.12344917602372,-0.028959054089711948,0.026469757884108044,-0.08083977954256372,0.022921671363139818,-0.026071318875820704,0.14034407865376747,-0.30114571303720494,0.24900307528556354,8.966104274930782
1992-2001,7.1625888828908355,-0.028341995252038156,0.025911443178871653,-0.07912842388262659,0.02244443337855028,-0.02551660996356922,0.1411151975265647,-0.302102397115636,0.25106917718849764,8.966104274930782
1992-2001,7.201728589757952,-0.02772494807073454,0.02535324356162227,-0.07741730545151419,0.02196740931004511,-0.02496190105131771,0.14188631639936197,-0.3030590811940672,0.25313527909143174,8.966104274930782
1992-2001,7.240868296625068,-0.02710791405112498,0.024795156883633866,-0.07570642154304735,0.021490593440797397,-0.02440719213906617,0.14265743527215924,-0.3040157652724983,0.25520138099436596,8.966104274930782
1992-2001,7.280008003492184,-0.026490894764047316,0.02423718093931761,-0.07399576940510984,0.021013979877015202,-0.023852483226814686,0.14342855414495648,-0.3049724493509294,0.25726748289730006,8.966104274930782
1992-2001,7.3191477103592995,-0.025873891798290437,0.023679313445516107,-0.072285346151502,0.020537562554921132,-0.023297774314563202,0.14419967301775372,-0.30592913342936046,0.25933358480023405,8.966104274930782
1992-2001,7.358287417226416,-0.02525690686932494,0.02312155226612799,-0.07057514931093581,0.02006133557228592,-0.02274306540231169,0.14497079189055098,-0.3068858175077916,0.2613996867031682,8.966104274930782
1992-2001,7.397427124093532,-0.02463994181772257,0.02256389547808888,-0.06886517695477679,0.01958529331933164,-0.02218835649006015,0.14574191076334825,-0.30784250158622273,0.26346578860610237,8.966104274930782
1992-2001,7.436566830960648,-0.02402299851406976,0.0220063412579601,-0.06715542737967155,0.019109430351532033,-0.021633647577808668,0.1465130296361455,-0.3087991856646538,0.26553189050903647,8.966104274930782
1992-2001,7.475706537827763,-0.023406078879620224,0.02144888796069387,-0.06544589928258021,0.018633741523339766,-0.021078938665557184,0.14728414850894275,-0.309755869743085,0.2675979924119706,8.966104274930782
1992-2001,7.51484624469488,-0.02278918485747203,0.020891534095695084,-0.0637365916850344,0.018158221970090333,-0.020524229753305673,0.14805526738174,-0.3107125538215161,0.2696640943149047,8.966104274930782
1992-2001,7.553985951561996,-0.022172318482468523,0.02033427856322558,-0.06202750446639066,0.017682867501453616,-0.019969520841054134,0.14882638625453726,-0.31166923789994716,0.2717301962178389,8.966104274930782
1992-2001,7.593125658429112,-0.021555481884150112,0.019777120720373815,-0.060318638496082794,0.017207674727782566,-0.01941481192880265,0.1495975051273345,-0.31262592197837824,0.273796298120773,8.966104274930782
1992-2001,7.632265365296227,-0.020938677230877268,0.019220060256323,-0.058609995333270354,0.016732640871515814,-0.018860103016551166,0.15036862400013173,-0.3135826060568094,0.27586240002370704,8.966104274930782
1992-2001,7.671405072163344,-0.02032190671766262,0.018663097176443814,-0.056901577183492494,0.016257763748167255,-0.018305394104299655,0.151139742872929,-0.3145392901352405,0.2779285019266412,8.966104274930782
1992-2001,7.71054477903046,-0.01970517254535543,0.018106231731935925,-0.05519338673994985,0.015783041649238983,-0.017750685192048116,0.15191086174572627,-0.3154959742136716,0.2799946038295754,8.966104274930782
1992-2001,7.749684485897576,-0.01908847693473737,0.017549464568270938,-0.05348542748854841,0.01530847361907367,-0.017195976279796632,0.1526819806185235,-0.3164526582921027,0.2820607057325094,8.966104274930782
1992-2001,7.788824192764691,-0.018471822124358057,0.016992796794839844,-0.05177770384224415,0.014834059593528036,-0.01664126736754515,0.15345309949132074,-0.31740934237053375,0.2841268076354435,8.966104274930782
1992-2001,7.827963899631808,-0.01785521036217029,0.01643623009403417,-0.05007022134647726,0.014359800622136681,-0.016086558455293637,0.154224218364118,-0.31836602644896494,0.2861929095383776,8.966104274930782
1992-2001,7.867103606498924,-0.01723864389219124,0.015879766625038223,-0.048362986477266154,0.013885698692883676,-0.015531849543042098,0.15499533723691528,-0.319322710527396,0.28825901144131183,8.966104274930782
1992-2001,7.90624331336604,-0.01662212494137973,0.015323409044516696,-0.046656006668632455,0.013411756785872992,-0.014977140630790614,0.15576645610971251,-0.3202793946058271,0.29032511334424593,8.966104274930782
1992-2001,7.945383020233156,-0.016005655720223288,0.014767160459961232,-0.044949290221747304,0.012937978781300725,-0.014422431718539103,0.15653757498250975,-0.3212360786842582,0.29239121524718004,8.966104274930782
1992-2001,7.984522727100272,-0.01538923841813125,0.014211024442837472,-0.043242846326092696,0.012464369489830195,-0.013867722806287619,0.15730869385530702,-0.3221927627626894,0.29445731715011414,8.966104274930782
1992-2001,8.023662433967388,-0.014772875190375309,0.013655005110922297,-0.04153668520778301,0.011990934827032394,-0.01331301389403608,0.15807981272810429,-0.32314944684112046,0.29652341905304835,8.966104274930782
1992-2001,8.062802140834505,-0.014156568139011106,0.013099107285826594,-0.03983081841923123,0.011517682141209018,-0.012758304981784568,0.15885093160090155,-0.32410613091955165,0.29858952095598246,8.966104274930782
1992-2001,8.10194184770162,-0.013540319329898978,0.012543336546198564,-0.03812525896044816,0.011044620300650208,-0.012203596069533112,0.15962205047369876,-0.32506281499798273,0.30065562285891645,8.966104274930782
1992-2001,8.141081554568736,-0.012924130686915792,0.011987699709318242,-0.03642002211717955,0.01057176074334796,-0.011648887157281601,0.16039316934649603,-0.3260194990764138,0.30272172476185066,8.966104274930782
1992-2001,8.180221261435852,-0.012308003950651214,0.011432205246450448,-0.03471512623369409,0.010099118332391662,-0.011094178245030062,0.1611642882192933,-0.3269761831548449,0.30478782666478477,8.966104274930782
1992-2001,8.219360968302968,-0.011691940728575814,0.010876863574961496,-0.03301059333550035,0.009626711878348718,-0.01053946933277855,0.1619354070920906,-0.3279328672332761,0.306853928567719,8.966104274930782
1992-2001,8.258500675170083,-0.011075942576263697,0.010321687393750674,-0.031306449868015014,0.009154564715487623,-0.009984760420527095,0.16270652596488777,-0.3288895513117071,0.3089200304706529,8.966104274930782
1992-2001,8.2976403820372,-0.010460011005609313,0.009766692359269755,-0.029602728029778032,0.008682706018559406,-0.009430051508275583,0.16347764483768507,-0.3298462353901383,0.31098613237358713,8.966104274930782
1992-2001,8.336780088904316,-0.009844147374615225,0.009211898375023836,-0.027899468189661943,0.008211173440431492,-0.008875342596024044,0.16424876371048233,-0.33080291946856943,0.3130522342765213,8.966104274930782
1992-2001,8.375919795771432,-0.009228352928038159,0.008657330955488277,-0.02619672160079518,0.007740015744718862,-0.008320633683772533,0.16501988258327954,-0.3317596035470004,0.3151183361794554,8.966104274930782
1992-2001,8.415059502638549,-0.00861262881142105,0.008103023231286388,-0.024494554344742375,0.007269296721900272,-0.007765924771521077,0.16579100145607684,-0.3327162876254317,0.3171844380823895,8.966104274930782
1992-2001,8.454199209505664,-0.007996976004111244,0.007549019117905936,-0.022793053475206878,0.0067991014669843905,-0.007211215859269565,0.16656212032887405,-0.3336729717038627,0.3192505399853236,8.966104274930782
1992-2001,8.49333891637278,-0.007381395318759186,0.0069953777615073065,-0.021092335731313507,0.006329545093795134,-0.006656506947018026,0.16733323920167129,-0.33462965578229376,0.3213166418882577,8.966104274930782
1992-2001,8.532478623239896,-0.006765887280593865,0.006442180717992539,-0.01939256148785924,0.005860786926671511,-0.006101798034766515,0.16810435807446858,-0.33558633986072495,0.3233827437911919,8.966104274930782
1992-2001,8.571618330107011,-0.006150452052691706,0.005889542941844533,-0.01769395621870699,0.0053930521133235786,-0.005547089122515059,0.1688754769472658,-0.336543023939156,0.3254488456941259,8.966104274930782
1992-2001,8.610758036974127,-0.0055350895930047885,0.005337629387257253,-0.015996843192029004,0.004926664006019428,-0.004992380210263547,0.16964659582006306,-0.3374997080175871,0.32751494759706,8.966104274930782
1992-2001,8.649897743841244,-0.004919799670151058,0.0047866836365047785,-0.014301699597700425,0.0044621002573983085,-0.004437671298012008,0.17041771469286035,-0.3384563920960183,0.3295810494999942,8.966104274930782
1992-2001,8.68903745070836,-0.0043045819311804704,0.004237078248927437,-0.012609255299078248,0.004000091436717306,-0.0038829623857604967,0.17118883356565762,-0.3394130761744494,0.33164715140292844,8.966104274930782
1992-2001,8.728177157575477,-0.0036894357027946554,0.003689411213826175,-0.01092068168189396,0.003541810276304648,-0.0033282534735090408,0.17195995243845486,-0.34036976025288057,0.33371325330586243,8.966104274930782
1992-2001,8.767316864442591,-0.0030743601010078773,0.003144698632840827,-0.009237969421375898,0.0030892492193601434,-0.0027735445612575294,0.17273107131125207,-0.34132644433131154,0.33577935520879654,8.966104274930782
1992-2001,8.806456571309708,-0.0024593540842021496,0.002604803222547939,-0.00756476840039611,0.002646060231991811,-0.00221883564900599,0.17350219018404933,-0.3422831284097427,0.3378454571117307,8.966104274930782
1992-2001,8.845596278176824,-0.0018444164775374468,0.0020735073252896013,-0.005908490835105066,0.002219657880030172,-0.0016641267367544788,0.1742733090568466,-0.3432398124881738,0.33991155901466485,8.966104274930782
1992-2001,8.884735985043939,-0.0012295459910451174,0.0015596519464128548,-0.0042864638060143125,0.0018273718239240778,-0.0011094178245030228,0.17504442792964384,-0.34419649656660495,0.3419776609175989,8.966104274930782
1992-2001,8.923875691911055,-6.147410910656246e-4,0.0010882813350093082,-0.002747772507683869,0.0015182903255526198,-5.547089122515114e-4,0.17581554680244108,-0.34515318064503603,0.344043762820533,8.966104274930782
1992-2001,8.963015398778172,0,7.450463189871727e-4,-0.0014602907852148584,0.0014602907852148584,0,0.17658666567523834,-0.34610986472346716,0.34610986472346716,8.966104274930782
1992-2001,9.002155105645288,6.14679245057966e-4,7.38160458858361e-4,-8.321152543044215e-4,0.0020614737444203538,5.547089122515392e-4,0.1773577845480356,-0.34706654880189824,0.3481759666264014,8.966104274930782
1992-2001,9.041294812512405,0.0012292986958732017,0.0010741885183169703,-8.761108000280601e-4,0.0033347081917744635,0.001109417824502995,0.17812890342083287,-0.34802323288032944,0.35024206852933537,8.966104274930782
1992-2001,9.08043451937952,0.001843860544516217,0.001543460792038897,-0.001181322607880021,0.004869043696912455,0.0016641267367545065,0.17890002229363008,-0.3489799169587604,0.3523081704322695,8.966104274930782
1992-2001,9.119574226246636,0.002458367131488847,0.0020567548184662605,-0.0015728723127050237,0.006489606575682718,0.002218835649006018,0.17967114116642735,-0.3499366010371916,0.3543742723352036,8.966104274930782
1992-2001,9.158713933113752,0.0030728209070103197,0.0025880466923096255,-0.001999750609916546,0.008145392423937185,0.002773544561257557,0.18044226003922462,-0.3508932851156227,0.3564403742381378,8.966104274930782
1992-2001,9.197853639980867,0.0036872243887189128,0.003128211843416965,-0.002444070824378338,0.009818519601816164,0.003328253473509013,0.18121337891202183,-0.35184996919405376,0.3585064761410718,8.966104274930782
1992-2001,9.236993346847983,0.004301580167074452,0.0036733662118795187,-0.0028982176082094045,0.011501377942358308,0.0038829623857605244,0.18198449778481912,-0.35280665327248495,0.360572578044006,8.966104274930782
1992-2001,9.2761330537151,0.004915890871475881,0.004221602397454618,-0.003358449827535171,0.013190231570486932,0.004437671298012036,0.18275561665761636,-0.35376333735091603,0.3626386799469401,8.966104274930782
1992-2001,9.315272760582216,0.005530159173317473,0.004771881088703182,-0.0038227277605407638,0.01488304610717571,0.004992380210263575,0.18352673553041365,-0.3547200214293472,0.3647047818498743,8.966104274930782
1992-2001,9.354412467449333,0.006144387795728463,0.005323590327459107,-0.004289849246091388,0.016578624837548312,0.0055470891225150865,0.18429785440321092,-0.3556767055077783,0.36677088375280853,8.966104274930782
1992-2001,9.393552174316447,0.006758579476138896,0.0058763470141373515,-0.004759060671570312,0.018276219623848105,0.006101798034766542,0.1850689732760081,-0.3566333895862094,0.3688369856557424,8.966104274930782
1992-2001,9.432691881183564,0.007372736951253177,0.0064298995383139535,-0.005229866143842171,0.019975340046348527,0.006656506947018054,0.18584009214880534,-0.35759007366464046,0.3709030875586765,8.966104274930782
1992-2001,9.47183158805068,0.00798686294472476,0.00698407673515851,-0.00570192745618592,0.02167565334563544,0.007211215859269593,0.18661121102160266,-0.3585467577430716,0.3729691894616108,8.966104274930782
1992-2001,9.510971294917796,0.00860096015750443,0.007538758538630789,-0.006175006578211916,0.023376926893220774,0.007765924771521104,0.1873823298943999,-0.3595034418215027,0.3750352913645449,8.966104274930782
1992-2001,9.550111001784913,0.009215031239363923,0.008093858902464288,-0.00664893220946608,0.025078994688193926,0.00832063368377256,0.18815344876719717,-0.36046012589993387,0.377101393267479,8.966104274930782
1992-2001,9.589250708652028,0.009829078819569799,0.008649314619213356,-0.007123577834088377,0.026781735473227975,0.008875342596024072,0.18892456763999438,-0.3614168099783649,0.37916749517041304,8.966104274930782
1992-2001,9.628390415519144,0.010443105504417823,0.009205078503597038,-0.007598848362632372,0.028485059371468016,0.009430051508275611,0.18969568651279164,-0.362373494056796,0.38123359707334725,8.966104274930782
1992-2001,9.66753012238626,0.011057113887508836,0.00976111486692262,-0.008074671251659499,0.030188899026677173,0.009984760420527122,0.1904668053855889,-0.36333017813522717,0.38329969897628136,8.966104274930782
1992-2001,9.706669829253375,0.011671106498208473,0.01031739673613676,-0.008550991104619576,0.03189320410103652,0.010539469332778578,0.19123792425838612,-0.36428686221365825,0.38536580087921535,8.966104274930782
1992-2001,9.7458095361204915,0.012285085755638515,0.010873903854361511,-0.009027765798910046,0.03359793731018708,0.01109417824503009,0.1920090431311834,-0.3652435462920893,0.38743190278214956,8.966104274930782
1992-2001,9.784949242987608,0.012899053961439104,0.011430621067584228,-0.009504963331025984,0.035303071253904195,0.011648887157281629,0.19278016200398065,-0.36620023037052046,0.3894980046850837,8.966104274930782
1992-2001,9.824088949854724,0.013513013333115042,0.01198753701766782,-0.009982559221513884,0.037008585887743965,0.01220359606953314,0.19355128087677792,-0.3671569144489516,0.3915641065880179,8.966104274930782
1992-2001,9.86322865672184,0.014126965903630976,0.012544643464573457,-0.010460535286933,0.03871446709419495,0.012758304981784596,0.19432239974957516,-0.36811359852738273,0.3936302084909519,8.966104274930782
1992-2001,9.902368363588955,0.014740913439978643,0.013101934651481566,-0.010938878476925226,0.04042070535688251,0.013313013894036108,0.1950935186223724,-0.36907028260581376,0.395696310393886,8.966104274930782
1992-2001,9.941508070456072,0.015354857519538063,0.013659406441013596,-0.011417579104848584,0.04212729414392471,0.013867722806287647,0.19586463749516966,-0.37002696668424484,0.3977624122968202,8.966104274930782
1992-2001,9.980647777323188,0.01596879952653557,0.014217055779546251,-0.011896629801375083,0.043834228854446225,0.014422431718539158,0.1966357563679669,-0.3709836507626759,0.3998285141997543,8.966104274930782
1992-2001,10.019787484190303,0.016582740665664862,0.014774880231831624,-0.01237602458872512,0.04554150592005485,0.014977140630790614,0.19740687524076417,-0.3719403348411071,0.4018946161026884,8.966104274930782
1992-2001,10.05892719105742,0.01719668202443583,0.015332877564741897,-0.012855758002458289,0.047249122051329945,0.015531849543042126,0.19817799411356143,-0.3728970189195383,0.4039607180056225,8.966104274930782
1992-2001,10.098066897924536,0.017810624494366118,0.015891045554508286,-0.01333582479247012,0.048957073781202357,0.016086558455293665,0.1989491129863587,-0.3738537029979694,0.4060268199085567,8.966104274930782
1992-2001,10.137206604791652,0.018424568729544,0.016449381775613763,-0.013816219550658978,0.050665357009746975,0.016641267367545176,0.19972023185915594,-0.37481038707640046,0.4080929218114908,8.966104274930782
1992-2001,10.176346311658769,0.019038515187308057,0.01700788337045407,-0.014296936218781926,0.05237396659339804,0.017195976279796632,0.2004913507319532,-0.37576707115483166,0.4101590237144249,8.966104274930782
1992-2001,10.215486018525883,0.01965246425058441,0.0175665468345756,-0.014777967545183762,0.05408289604635258,0.017750685192048143,0.20126246960475042,-0.3767237552332627,0.41222512561735897,8.966104274930782
1992-2001,10.254625725393,0.02026641621394461,0.018125367978159498,-0.015259305023248005,0.05579213745113723,0.018305394104299655,0.20203358847754768,-0.3776804393116938,0.4142912275202931,8.966104274930782
1992-2001,10.293765432260116,0.0208803712263331,0.018684341994866627,-0.015740939083605486,0.057501681536271686,0.018860103016551166,0.20280470735034492,-0.3786371233901249,0.41635732942322723,8.966104274930782
1992-2001,10.33290513912723,0.021494329247973554,0.01924346360331101,-0.01622285941451603,0.05921151791046314,0.019414811928802622,0.2035758262231422,-0.37959380746855603,0.4184234313261613,8.966104274930782
1992-2001,10.372044845994349,0.02210829013960843,0.019802727020872303,-0.01670505482130128,0.060921635100518144,0.01996952084105419,0.20434694509593948,-0.38055049154698717,0.42048953322909555,8.966104274930782
1992-2001,10.411184552861464,0.02272225373270544,0.020362125894640582,-0.017187513020790104,0.06263202048620098,0.0205242297533057,0.2051180639687367,-0.3815071756254182,0.4225556351320296,8.966104274930782
1992-2001,10.45032425972858,0.02333621982263871,0.020921653512374683,-0.017670221061615667,0.06434266070689308,0.021078938665557212,0.20588918284153396,-0.38246385970384933,0.42462173703496375,8.966104274930782
1992-2001,10.489463966595697,0.023950188160336817,0.021481303070952983,-0.01815316585873103,0.06605354217940466,0.021633647577808668,0.20666030171433122,-0.3834205437822805,0.42668783893789786,8.966104274930782
1992-2001,10.528603673462811,0.02456415848429906,0.022041067650950267,-0.01863633411156346,0.06776465108016158,0.02218835649006018,0.20743142058712846,-0.3843772278607116,0.42875394084083196,8.966104274930782
1992-2001,10.567743380329928,0.02517813053451165,0.022600940444324147,-0.019119712736363675,0.06947597380538698,0.02274306540231169,0.2082025394599257,-0.3853339119391427,0.43082004274376606,8.966104274930782
1992-2001,10.606883087197044,0.02579210405790203,0.02316091487314248,-0.019603289093457228,0.07118749720926129,0.023297774314563202,0.20897365833272297,-0.3862905960175738,0.4328861446467002,8.966104274930782
1992-2001,10.646022794064159,0.02640607880678778,0.02372098436944015,-0.020087050557314915,0.07289920817089048,0.023852483226814658,0.20974477720552018,-0.3872472800960049,0.4349522465496342,8.966104274930782
1992-2001,10.685162500931277,0.02702005455677411,0.024281142666719904,-0.0205709850699969,0.07461109418354513,0.024407192139066225,0.2105158960783175,-0.3882039641744361,0.43701834845256854,8.966104274930782
1992-2001,10.724302207798392,0.027634031090748128,0.02484138361461504,-0.021055080793897354,0.07632314297539361,0.024961901051317736,0.21128701495111474,-0.38916064825286717,0.43908445035550264,8.966104274930782
1992-2001,10.763441914665508,0.028248008202428176,0.025401701190421844,-0.021539326130798633,0.07803534253565499,0.025516609963569248,0.21205813382391198,-0.3901173323312982,0.4411505522584367,8.966104274930782
1992-2001,10.802581621532624,0.02886198573625683,0.025962089987466654,-0.022023710639177813,0.07974768211169148,0.02607131887582076,0.21282925269670924,-0.39107401640972933,0.44321665416137085,8.966104274930782
1992-2001,10.84172132839974,0.029475963551516632,0.026522544889563744,-0.02250822443202831,0.08146015153506157,0.026626027788072215,0.21360037156950648,-0.39203070048816047,0.4452827560643049,8.966104274930782
1992-2001,10.880861035266856,0.030089941507492047,0.027083060903505752,-0.022992857863379224,0.08317274087836332,0.027180736700323727,0.21437149044230375,-0.3929873845665916,0.44734885796723906,8.966104274930782
2002-2007,6.223235918080052,-0.17245330958008342,0.07442864309303035,-0.3183334500424229,-0.026573169117743933,-0.3351601989063293,0.1285475384870806,-0.5871133743410073,-0.08320702347165138,8.966104274930782
2002-2007,6.262375624947168,-0.16734109049116191,0.07162851895381513,-0.30773298764063955,-0.026949193341684274,-0.3303721960648103,0.12935601064547272,-0.5839099769299367,-0.07683441519968376,8.966104274930782
2002-2007,6.301515331814284,-0.1622351780605965,0.0688698712609923,-0.2972201257321414,-0.02725023038905161,-0.32558419322329135,0.13016448280386486,-0.5807065795188664,-0.07046180692771625,8.966104274930782
2002-2007,6.3406550386814,-0.15714380012432505,0.06615955348937415,-0.2868165249634984,-0.02747107528515172,-0.3207961903817723,0.13097295496225697,-0.577503182107796,-0.06408919865574864,8.966104274930782
2002-2007,6.379794745548516,-0.1520765392768948,0.06350514153864699,-0.2765466166926429,-0.027606461861146694,-0.3160081875402534,0.1317814271206491,-0.5742997846967257,-0.05771659038378113,8.966104274930782
2002-2007,6.418934452415632,-0.14704609315182232,0.0609153253522204,-0.2664401308421743,-0.027652055461470343,-0.31122018469873425,0.13258989927904127,-0.5710963872856551,-0.05134398211181335,8.966104274930782
2002-2007,6.458074159282748,-0.142066285601967,0.05839922962079988,-0.2565287756587348,-0.027603795545199233,-0.30643218185721544,0.1333983714374334,-0.5678929898745849,-0.04497137383984595,8.966104274930782
2002-2007,6.497213866149864,-0.13715096198583038,0.05596602954466361,-0.24684437989337105,-0.027457544078289695,-0.3016441790156964,0.13420684359582555,-0.5646895924635145,-0.038598765567878335,8.966104274930782
2002-2007,6.53635357301698,-0.13231431881066097,0.0536249588971548,-0.2374192382490844,-0.027209399372237555,-0.2968561761741775,0.13501531575421766,-0.5614861950524441,-0.032226157295910884,8.966104274930782
2002-2007,6.575493279884096,-0.12757126762378063,0.051385248512276646,-0.22828635470784286,-0.026856180539718402,-0.29206817333265844,0.13582378791260982,-0.5582827976413737,-0.025853549023943212,8.966104274930782
2002-2007,6.614632986751212,-0.12293680693569907,0.04925571869171912,-0.21947801557146857,-0.026395598299929587,-0.2872801704911394,0.13663226007100193,-0.5550794002303032,-0.01948094075197565,8.966104274930782
2002-2007,6.653772693618328,-0.1184259352569249,0.04724452656934697,-0.21102520733284497,-0.025826663181004836,-0.2824921676496204,0.13744073222939407,-0.5518760028192328,-0.013108332480007978,8.966104274930782
2002-2007,6.692912400485444,-0.11405365109796699,0.045358898590639136,-0.2029570923356197,-0.025150209860314285,-0.27770416480810145,0.1382492043877862,-0.5486726054081624,-0.006735724208040472,8.966104274930782
2002-2007,6.73205210735256,-0.10983495296933359,0.043604824059645865,-0.1953004081262395,-0.024369497812427685,-0.2729161619665824,0.13905767654617834,-0.545469207997092,-3.631159360728553e-4,8.966104274930782
2002-2007,6.771191814219676,-0.10578483938153442,0.04198672179099493,-0.18807881409188448,-0.023490864671184372,-0.2681281591250635,0.13986614870457048,-0.5422658105860216,0.006009492335894651,8.966104274930782
2002-2007,6.810331521086792,-0.10191810257975163,0.0405071106578615,-0.1813120394691602,-0.022524165690343087,-0.26334015628354446,0.14067462086296262,-0.5390624131749512,0.012382100607862268,8.966104274930782
2002-2007,6.849471227953908,-0.09824815023078225,0.039166369729799234,-0.17501423490118873,-0.021482065560375754,-0.25855215344202553,0.14148309302135476,-0.5358590157638808,0.018754708879829773,8.966104274930782
2002-2007,6.888610934821024,-0.09478781868628154,0.03796247927530195,-0.16919427806587334,-0.02038135930668973,-0.2537641506005064,0.14229156517974692,-0.5326556183528104,0.025127317151797557,8.966104274930782
2002-2007,6.92775064168814,-0.09154952181085964,0.0368908529528239,-0.16385559359839447,-0.019243450023324796,-0.24897614775898746,0.143100037338139,-0.5294522209417398,0.03149992542376495,8.966104274930782
2002-2007,6.966890348555256,-0.08854427394612736,0.035944380906715846,-0.15899526052329044,-0.018093287368964303,-0.24418814491746854,0.14390850949653117,-0.5262488235306697,0.03787253369573257,8.966104274930782
2002-2007,7.006030055422372,-0.08578119428975682,0.03511363947968806,-0.1546039276699454,-0.01695846090956822,-0.2394001420759495,0.1447169816549233,-0.5230454261195991,0.044245141967700186,8.966104274930782
2002-2007,7.045169762289488,-0.08326786538996776,0.03438718791229568,-0.1506667536980673,-0.015868977081868227,-0.23461213923443047,0.14552545381331544,-0.5198420287085288,0.0506177502396678,8.966104274930782
2002-2007,7.0843094691566035,-0.08101046135181537,0.03375197028778631,-0.14716432311587652,-0.014856599587754218,-0.22982413639291166,0.14633392597170755,-0.5166386312974585,0.05699035851163514,8.966104274930782
2002-2007,7.12344917602372,-0.07901393527115909,0.033193775794214016,-0.14407373582781857,-0.01395413471449962,-0.22503613355139251,0.14714239813009972,-0.5134352338863879,0.06336296678360293,8.966104274930782
2002-2007,7.1625888828908355,-0.07727967594005365,0.03269807329921898,-0.14136789960652285,-0.013191452273584453,-0.2202481307098736,0.14795087028849183,-0.5102318364753176,0.06973557505557038,8.966104274930782
2002-2007,7.201728589757952,-0.07580544768140036,0.03225064591632573,-0.13901671367739882,-0.012594181685401926,-0.21546012786835467,0.148759342446884,-0.5070284390642472,0.07610818332753794,8.966104274930782
2002-2007,7.240868296625068,-0.07458743872223793,0.031837806345778666,-0.13698953915996412,-0.012185338284511744,-0.21067212502683552,0.14956781460527613,-0.5038250416531767,0.08248079159950567,8.966104274930782
2002-2007,7.280008003492184,-0.07362045128568227,0.031446718367837925,-0.1352560192866446,-0.011984883284719944,-0.2058841221853165,0.15037628676366824,-0.5006216442421062,0.08885339987147323,8.966104274930782
2002-2007,7.3191477103592995,-0.07289888237389013,0.031065491036461033,-0.13378724480535376,-0.012010519942426502,-0.20109611934379756,0.15118475892206037,-0.4974182468310359,0.09522600814344079,8.966104274930782
2002-2007,7.358287417226416,-0.07241412493759085,0.030683855400315967,-0.13255448152221014,-0.012273768352971552,-0.19630811650227864,0.1519932310804525,-0.4942148494199656,0.1015986164154083,8.966104274930782
2002-2007,7.397427124093532,-0.07215457744751948,0.03029335012171461,-0.1315295436860801,-0.01277961120895884,-0.1915201136607595,0.15280170323884468,-0.49101145200889507,0.10797122468737608,8.966104274930782
2002-2007,7.436566830960648,-0.07210787139664833,0.02988696893958036,-0.13068633051822584,-0.013529412275070825,-0.18673211081924057,0.15361017539723681,-0.4878080545978247,0.11434383295934358,8.966104274930782
2002-2007,7.475706537827763,-0.0722602899484729,0.029459286279604868,-0.13000049105649844,-0.014520088840447365,-0.18194410797772154,0.15441864755562892,-0.4846046571867542,0.12071644123131114,8.966104274930782
2002-2007,7.51484624469488,-0.07259749308789003,0.029006288108842277,-0.1294498177812209,-0.015745168394559167,-0.1771561051362026,0.15522711971402106,-0.4814012597756839,0.12708904950327865,8.966104274930782
2002-2007,7.553985951561996,-0.0731023351617082,0.02852583803994401,-0.12901297771999848,-0.01719169260341795,-0.17236810229468347,0.15603559187241323,-0.47819786236461337,0.13346165777524643,8.966104274930782
2002-2007,7.593125658429112,-0.07375468137534712,0.02801767070130203,-0.12866931594989908,-0.018840046800795145,-0.16758009945316477,0.15684406403080534,-0.4749944649535432,0.13983426604721366,8.966104274930782
2002-2007,7.632265365296227,-0.07453305962951358,0.027482921493098507,-0.12839958575598664,-0.020666533503040506,-0.16279209661164584,0.15765253618919747,-0.4717910675424729,0.14620687431918122,8.966104274930782
2002-2007,7.671405072163344,-0.07541498829882191,0.02692394300377421,-0.12818591658621936,-0.022644060011424466,-0.15800409377012659,0.1584610083475896,-0.46858767013140223,0.15257948259114906,8.966104274930782
2002-2007,7.71054477903046,-0.07637772042154588,0.026344014469808573,-0.1280119887823707,-0.024743452060721073,-0.15321609092860766,0.15926948050598175,-0.4653842727203319,0.15895209086311657,8.966104274930782
2002-2007,7.749684485897576,-0.07739728331297731,0.025747503901195092,-0.12786239095931967,-0.02693217566663493,-0.14842808808708874,0.16007795266437388,-0.46218087530926155,0.16532469913508407,8.966104274930782
2002-2007,7.788824192764691,-0.07844824189424345,0.025139815055326458,-0.1277222794026833,-0.029174204385803586,-0.14364008524556982,0.16088642482276602,-0.4589774778981912,0.17169730740705158,8.966104274930782
2002-2007,7.827963899631808,-0.0795033609866805,0.024527348345025433,-0.12757696374293034,-0.03142975823043065,-0.13885208240405067,0.16169489698115813,-0.4557740804871206,0.17806991567901925,8.966104274930782
2002-2007,7.867103606498924,-0.0805344288399749,0.023917061649733312,-0.1274118696734522,-0.03365698800649761,-0.13406407956253164,0.1625033691395503,-0.4525706830760502,0.18444252395098693,8.966104274930782
2002-2007,7.90624331336604,-0.08151247226211449,0.023316211630971695,-0.127212247058819,-0.035812697465409965,-0.1292760767210127,0.1633118412979424,-0.4493672856649798,0.19081513222295438,8.966104274930782
2002-2007,7.945383020233156,-0.08240813008655888,0.02273196779765482,-0.12696278696996233,-0.037853473203155436,-0.12448807387949357,0.16412031345633457,-0.44616388825390935,0.19718774049492221,8.966104274930782
2002-2007,7.984522727100272,-0.08319187542813099,0.02217108428077056,-0.12664720061844129,-0.03973655023782069,-0.11970007103797486,0.16492878561472668,-0.44296049084283917,0.20356034876688944,8.966104274930782
2002-2007,8.023662433967388,-0.08383417232767394,0.0216396202241337,-0.12624782796697598,-0.04142051668837189,-0.11491206819645572,0.16573725777311885,-0.43975709343176866,0.20993295703885723,8.966104274930782
2002-2007,8.062802140834505,-0.08430555806490232,0.021142702749504905,-0.12574525545393195,-0.04286586067587271,-0.11012406535493657,0.16654572993151098,-0.4365536960206981,0.21630556531082495,8.966104274930782
2002-2007,8.10194184770162,-0.08457678357726083,0.02068414359220033,-0.12511770501797348,-0.04403586213654818,-0.10533606251341776,0.1673542020899031,-0.4333502986096278,0.2226781735827923,8.966104274930782
2002-2007,8.141081554568736,-0.08461963482185146,0.02026646772145052,-0.12434191155589448,-0.04489735808780844,-0.10054805967189884,0.16816267424829523,-0.4301469011985575,0.2290507818547598,8.966104274930782
2002-2007,8.180221261435852,-0.08440743854903167,0.019890841621109434,-0.12339348812640616,-0.04542138897165718,-0.0957600568303798,0.1689711464066874,-0.4269435037874871,0.23542339012672747,8.966104274930782
2002-2007,8.219360968302968,-0.08391478160205755,0.01955686114885394,-0.12224622945381128,-0.04558333375030382,-0.09097205398886077,0.16977961856507953,-0.4237401063764166,0.2417959983986951,8.966104274930782
2002-2007,8.258500675170083,-0.08311677615794259,0.019262338311636176,-0.1208709592487495,-0.04536259306713569,-0.08618405114734173,0.17058809072347164,-0.4205367089653461,0.24816860667066265,8.966104274930782
2002-2007,8.2976403820372,-0.08198905540097988,0.019003328435988575,-0.1192355791355175,-0.04474253166644227,-0.08139604830582292,0.17139656288186378,-0.41733331155427594,0.2545412149426301,8.966104274930782
2002-2007,8.336780088904316,-0.08050913010337636,0.018774578192998076,-0.1173073033616526,-0.04371095684510013,-0.07660804546430366,0.17220503504025594,-0.4141299141432053,0.260913823214598,8.966104274930782
2002-2007,8.375919795771432,-0.07865593325917193,0.01856972151920954,-0.11505258743682263,-0.04225927908152123,-0.07182004262278485,0.17301350719864805,-0.41092651673213504,0.26728643148656533,8.966104274930782
2002-2007,8.415059502638549,-0.07640970710144727,0.018381570215635242,-0.11243758472409235,-0.0403818294788022,-0.0670320397812656,0.17382197935704025,-0.4077231193210645,0.2736590397585333,8.966104274930782
2002-2007,8.454199209505664,-0.07375295523577872,0.018202673944523518,-0.10943019616704482,-0.038075714304512634,-0.06224403693974678,0.1746304515154323,-0.4045197219099941,0.2800316480305005,8.966104274930782
2002-2007,8.49333891637278,-0.07067049359554929,0.01802572278141981,-0.10600091024713212,-0.035340076943966466,-0.05745603409822797,0.17543892367382447,-0.4013163244989239,0.28640425630246796,8.966104274930782
2002-2007,8.532478623239896,-0.06715123356930285,0.01784431670400292,-0.10212609430914857,-0.03217637282945712,-0.052668031256708714,0.1762473958322166,-0.39811292708785323,0.2927768645744358,8.966104274930782
2002-2007,8.571618330107011,-0.0631892918117118,0.01765359015876751,-0.09779032852289612,-0.028588255100527482,-0.0478800284151899,0.1770558679906087,-0.39490952967678294,0.29914947284640314,8.966104274930782
2002-2007,8.610758036974127,-0.05878178092382559,0.01744998018345745,-0.0929837420834022,-0.024579819764248986,-0.04309202557367087,0.17786434014900085,-0.39170613226571255,0.3055220811183708,8.966104274930782
2002-2007,8.649897743841244,-0.05392859818786433,0.017231338660743153,-0.0877020219629209,-0.02015517441280775,-0.03830402273215183,0.17867281230739301,-0.38850273485464215,0.3118946893903385,8.966104274930782
2002-2007,8.68903745070836,-0.048631452816076226,0.016996811306606758,-0.08194520297702547,-0.015317702655126983,-0.0335160198906328,0.17948128446578518,-0.38529933744357175,0.31826729766230616,8.966104274930782
2002-2007,8.728177157575477,-0.04289683981552568,0.01674761833991868,-0.0757221717617663,-0.010071507869285068,-0.028728017049113763,0.18028975662417732,-0.3820959400325013,0.3246399059342738,8.966104274930782
2002-2007,8.767316864442591,-0.03673440789769608,0.016486688545614483,-0.06904831744710047,-0.004420498348291696,-0.02394001420759495,0.1810982287825694,-0.37889254262143096,0.33101251420624106,8.966104274930782
2002-2007,8.806456571309708,-0.03015616600617453,0.01621842120414654,-0.06194427156630175,0.0016319395539526882,-0.019152011366075916,0.18190670094096156,-0.37568914521036056,0.33738512247820873,8.966104274930782
2002-2007,8.845596278176824,-0.023176112668162732,0.015948501334584773,-0.05443517528394889,0.008082949947623423,-0.01436400852455666,0.1827151730993537,-0.3724857477992899,0.34375773075017657,8.966104274930782
2002-2007,8.884735985043939,-0.015809953669485732,0.015683690883120806,-0.04654998780040251,0.014930080461431048,-0.009576005683038069,0.1835236452577458,-0.3692823503882198,0.3501303390221437,8.966104274930782
2002-2007,8.923875691911055,-0.00807697130155094,0.015432056344776193,-0.03832380173731228,0.0221698591342104,-0.0047880028415190345,0.18433211741613797,-0.3660789529771495,0.3565029472941114,8.966104274930782
2002-2007,8.963015398778172,0,0.015202592437363898,-0.029797081177233238,0.029797081177233238,0,0.1851405895745301,-0.36287555556607903,0.36287555556607903,8.966104274930782
2002-2007,9.002155105645288,0.008395480046069437,0.015004521906885948,-0.02101338289142702,0.03780434298356589,0.0047880028415190345,0.18594906173292225,-0.3596721581550086,0.36924816383804665,8.966104274930782
2002-2007,9.041294812512405,0.01708274405106463,0.014846401502478733,-0.012016202893793688,0.046181690995922946,0.009576005683038069,0.18675753389131441,-0.3564687607439382,0.3756207721100143,8.966104274930782
2002-2007,9.08043451937952,0.02603318998179121,0.014735702792396953,-0.00284878749130682,0.05491516745488924,0.014364008524556882,0.18756600604970652,-0.3532653633328679,0.38199338038198166,8.966104274930782
2002-2007,9.119574226246636,0.035216293914304087,0.014678223870901161,0.006446975127337811,0.06398561270127036,0.019152011366076138,0.18837447820809863,-0.35006196592179717,0.38836598865394945,8.966104274930782
2002-2007,9.158713933113752,0.044600187254764154,0.014677432989804718,0.015832418594746905,0.0733679559147814,0.02394001420759495,0.1891829503664908,-0.346858568510727,0.3947385969259169,8.966104274930782
2002-2007,9.197853639980867,0.05415225538887285,0.014733995205373815,0.02527362478634017,0.08303088599140553,0.028728017049113985,0.18999142252488288,-0.34365517109965643,0.4011112051978844,8.966104274930782
2002-2007,9.236993346847983,0.06383917232476745,0.01484571586373072,0.03474156923185524,0.09293677541767965,0.0335160198906328,0.19079989468327505,-0.34045177368858626,0.40748381346985185,8.966104274930782
2002-2007,9.2761330537151,0.07362730563674764,0.015007580780764376,0.044212447306449465,0.10304216396704582,0.038304022732152054,0.19160836684166718,-0.33724837627751564,0.41385642174181975,8.966104274930782
2002-2007,9.315272760582216,0.08348292154491929,0.015212262402261695,0.05366688723648637,0.11329895585335222,0.04309202557367109,0.19241683900005935,-0.33404497886644524,0.4202290300137874,8.966104274930782
2002-2007,9.354412467449333,0.09337233096546715,0.015450826577711895,0.06308871087315185,0.12365595105778246,0.04788002841519012,0.19322531115845148,-0.3308415814553748,0.42660163828575504,8.966104274930782
2002-2007,9.393552174316447,0.10326197470538692,0.01571306937667844,0.07246435872709718,0.13405959068367668,0.052668031256708936,0.19403378331684357,-0.32763818404430445,0.4329742465577223,8.966104274930782
2002-2007,9.432691881183564,0.11311856517444736,0.015988076927599446,0.08178193439635245,0.14445519595254228,0.05745603409822775,0.19484225547523573,-0.3244347866332343,0.43934685482968977,8.966104274930782
2002-2007,9.47183158805068,0.12290998537106565,0.016265224354874618,0.0910301456355114,0.1547898251066199,0.062244036939747005,0.19565072763362787,-0.3212313892221636,0.4457194631016576,8.966104274930782
2002-2007,9.510971294917796,0.13260527983129522,0.016534638387512703,0.10019738859177033,0.16501317107082011,0.06703203978126604,0.19645919979202003,-0.3180279918110932,0.4520920713736253,8.966104274930782
2002-2007,9.550111001784913,0.14217547925064705,0.01678790153591022,0.10927119224026302,0.17507976626103108,0.07182004262278507,0.19726767195041217,-0.31482459440002275,0.4584646796455929,8.966104274930782
2002-2007,9.589250708652028,0.15159234765518262,0.01701794324304468,0.11823717889881505,0.1849475164115502,0.07660804546430389,0.19807614410880428,-0.3116211969889525,0.4648372879175603,8.966104274930782
2002-2007,9.628390415519144,0.160828334335002,0.017219294080120493,0.12707851793796582,0.19457815073203816,0.08139604830582292,0.19888461626719642,-0.30841779957788207,0.4712098961895279,8.966104274930782
2002-2007,9.66753012238626,0.16985624377112407,0.017388276085624273,0.1357752226433005,0.20393726489894765,0.08618405114734196,0.19969308842558853,-0.30521440216681156,0.47758250446149547,8.966104274930782
2002-2007,9.706669829253375,0.1786505402389011,0.017523713899079123,0.144304060996706,0.21299701948109617,0.09097205398886099,0.20050156058398066,-0.3020110047557411,0.4839551127334631,8.966104274930782
2002-2007,9.7458095361204915,0.18718845263546763,0.017627604923609066,0.15263834698519385,0.2217385582857414,0.0957600568303798,0.2013100327423728,-0.2988076073446709,0.4903277210054305,8.966104274930782
2002-2007,9.784949242987608,0.19545005638383295,0.01770547212917337,0.16074733101065314,0.23015278175701276,0.10054805967189906,0.20211850490076497,-0.29560420993360026,0.4967003292773984,8.966104274930782
2002-2007,9.824088949854724,0.2034173979621826,0.017766434367517667,0.16859518660184797,0.23823960932251725,0.10533606251341787,0.20292697705915708,-0.29240081252253,0.5030729375493657,8.966104274930782
2002-2007,9.86322865672184,0.21107662874641608,0.017823972565023136,0.17614164251897074,0.24601161497386143,0.11012406535493713,0.20373544921754924,-0.28919741511145935,0.5094455458213336,8.966104274930782
2002-2007,9.902368363588955,0.21841973128288789,0.017896323754910685,0.18334293672326296,0.2534965258425128,0.11491206819645594,0.20454392137594135,-0.2859940177003891,0.515818154093301,8.966104274930782
2002-2007,9.941508070456072,0.2254426851133866,0.018005649493222347,0.1901516121066708,0.2607337581201024,0.11970007103797475,0.20535239353433352,-0.28279062028931895,0.5221907623652684,8.966104274930782
2002-2007,9.980647777323188,0.23214540610169088,0.018177222981425743,0.19651804905809642,0.2677727631452853,0.12448807387949401,0.20616086569272565,-0.2795872228782483,0.5285633706372364,8.966104274930782
2002-2007,10.019787484190303,0.23853133199248222,0.018438035492571354,0.20239278242704237,0.27466988155792205,0.1292760767210126,0.2069693378511178,-0.27638382546717827,0.5349359789092034,8.966104274930782
2002-2007,10.05892719105742,0.2446061057900173,0.01881483008863076,0.207729038816301,0.2814831727637336,0.13406407956253186,0.20777781000950993,-0.2731804280561076,0.5413085871811714,8.966104274930782
2002-2007,10.098066897924536,0.25037880712859517,0.019332243314465668,0.21248761023224247,0.2882700040249479,0.13885208240405067,0.20858628216790207,-0.26997703064503736,0.5476811954531386,8.966104274930782
2002-2007,10.137206604791652,0.25586247702705034,0.020010722653362335,0.21664146062646017,0.2950834934276405,0.14364008524556993,0.2093947543262942,-0.2667736332339667,0.5540538037251066,8.966104274930782
2002-2007,10.176346311658769,0.26107323318130277,0.02086469458491753,0.2201784317948644,0.30196803456774113,0.14842808808708874,0.21020322648468634,-0.26357023582289646,0.5604264119970739,8.966104274930782
2002-2007,10.215486018525883,0.26602825613742836,0.021901589122014307,0.22310114145828033,0.3089553708165764,0.15321609092860777,0.21101169864307845,-0.260366838411826,0.5667990202690416,8.966104274930782
2002-2007,10.254625725393,0.2707457362544451,0.02312204185115471,0.22542653422618186,0.3160649382827083,0.1580040937701268,0.2118201708014706,-0.25716344100075555,0.5731716285410091,8.966104274930782
2002-2007,10.293765432260116,0.2752451409356328,0.02452085762168395,0.22718425999713227,0.3233060218741333,0.16279209661164584,0.21262864295986275,-0.25396004358968516,0.5795442368129768,8.966104274930782
2002-2007,10.33290513912723,0.27954712257709996,0.026088403824119765,0.22841385108182521,0.3306803940723747,0.16758009945316465,0.21343711511825486,-0.2507566461786149,0.5859168450849441,8.966104274930782
2002-2007,10.372044845994349,0.2836726388259886,0.027812033770124103,0.22916105263654535,0.3381842250154318,0.1723681022946839,0.21424558727664703,-0.24755324876754425,0.5922894533569121,8.966104274930782
2002-2007,10.411184552861464,0.2876425681438082,0.029677323728761227,0.22947501363543618,0.3458101226521802,0.17715610513620272,0.21505405943503914,-0.24434985135647397,0.5986620616288794,8.966104274930782
2002-2007,10.45032425972858,0.29147689478562855,0.031669258197586085,0.22940514871835982,0.3535486408528973,0.18194410797772176,0.2158625315934313,-0.24114645394540357,0.6050346699008471,8.966104274930782
2002-2007,10.489463966595697,0.29519408248134604,0.033773175458800514,0.22899865858209703,0.3613895063805951,0.1867321108192408,0.21667100375182344,-0.23794305653433312,0.6114072781728147,8.966104274930782
2002-2007,10.528603673462811,0.2988114506787148,0.035975151722692125,0.22830015330223824,0.36932274805519133,0.1915201136607596,0.21747947591021552,-0.23473965912326278,0.617779886444782,8.966104274930782
2002-2007,10.567743380329928,0.30234439842748717,0.038262451668100175,0.22734999315801083,0.3773388036969635,0.19630811650227864,0.21828794806860766,-0.23153626171219238,0.6241524947167496,8.966104274930782
2002-2007,10.606883087197044,0.3058064058598171,0.04062369004303381,0.22618397337547086,0.38542883834416336,0.20109611934379767,0.21909642022699982,-0.22833286430112198,0.6305251029887173,8.966104274930782
2002-2007,10.646022794064159,0.3092104112209446,0.043048492120220716,0.224835366665312,0.3935854557765772,0.2058841221853167,0.2199048923853919,-0.22512946689005142,0.6368977112606848,8.966104274930782
2002-2007,10.685162500931277,0.3125675378298183,0.04552776603080133,0.22333311640944767,0.4018019592501889,0.21067212502683574,0.22071336454378412,-0.22192606947898114,0.6432703195326526,8.966104274930782
2002-2007,10.724302207798392,0.3158883414725418,0.04805332429379572,0.22170382585670217,0.4100728570883814,0.21546012786835478,0.22152183670217623,-0.21872267206791063,0.6496429278046202,8.966104274930782
2002-2007,10.763441914665508,0.31918278687484075,0.050617788069022965,0.21997192225955575,0.41839365149012575,0.2202481307098738,0.22233030886056837,-0.21551927465684018,0.6560155360765878,8.966104274930782
2002-2007,10.802581621532624,0.32245807096030543,0.053215113066304866,0.2181564493503479,0.42675969257026297,0.22503613355139285,0.22313878101896048,-0.21231587724576967,0.6623881443485553,8.966104274930782
2002-2007,10.84172132839974,0.3257205809017869,0.055840019490472334,0.21627414270046114,0.4351670191031127,0.22982413639291166,0.22394725317735262,-0.20911247983469944,0.6687607526205228,8.966104274930782
2002-2007,10.880861035266856,0.3289767037712774,0.058487684400890215,0.21434084234553258,0.44361256519702225,0.23461213923443047,0.22475572533574478,-0.20590908242362932,0.6751333608924903,8.966104274930782
2008-2015,6.223235918080052,-0.03947631269149419,0.06424183342689274,-0.16539030620820394,0.08643768082521558,-0.14216005512833213,0.12524942912464587,-0.3876489362126381,0.10332882595597379,8.966104274930782
2008-2015,6.262375624947168,-0.037573223270571575,0.06197668233910363,-0.15904752065521469,0.08390107411407155,-0.14012919719792732,0.12603715853194186,-0.38716202792053334,0.10690363352467872,8.966104274930782
2008-2015,6.301515331814284,-0.03567393155775179,0.059748303839471176,-0.15278060708311528,0.08143274396761171,-0.13809833926752263,0.12682488793923782,-0.38667511962842877,0.1104784410933835,8.966104274930782
2008-2015,6.3406550386814,-0.033783390284286584,0.0575621715147003,-0.14660524645309916,0.07903846588452601,-0.13606748133711782,0.1276126173465338,-0.3861882113363241,0.11405324866208844,8.966104274930782
2008-2015,6.379794745548516,-0.03190735761292949,0.055424259488035435,-0.14053890620947895,0.07672419098361996,-0.13403662340671313,0.1284003467538298,-0.3857013030442195,0.11762805623079325,8.966104274930782
2008-2015,6.418934452415632,-0.030053438256118524,0.05334130399200641,-0.13460239408045108,0.07449551756821404,-0.13200576547630832,0.1291880761611258,-0.3852143947521149,0.12120286379949824,8.966104274930782
2008-2015,6.458074159282748,-0.028229903013724002,0.051320274088101206,-0.12881764022640235,0.07235783419895436,-0.12997490754590363,0.12997580556842175,-0.38472748646001026,0.124777671368203,8.966104274930782
2008-2015,6.497213866149864,-0.026445035315424477,0.04936806792240782,-0.1232064484433438,0.07031637781249483,-0.12794404961549888,0.13076353497571774,-0.38424057816790563,0.12835247893690788,8.966104274930782
2008-2015,6.53635357301698,-0.02470731437288775,0.047491498074658516,-0.11779065059921845,0.06837602185344294,-0.12591319168509413,0.1315512643830137,-0.383753669875801,0.13192728650561275,8.966104274930782
2008-2015,6.575493279884096,-0.023025618066348806,0.04569722334364627,-0.1125921758198955,0.06654093968719788,-0.12388233375468938,0.1323389937903097,-0.3832667615836964,0.13550209407431762,8.966104274930782
2008-2015,6.614632986751212,-0.021408872762121813,0.043991433331898554,-0.10763208209264297,0.06481433656839936,-0.12185147582428463,0.13312672319760566,-0.3827798532915917,0.13907690164302244,8.966104274930782
2008-2015,6.653772693618328,-0.01986600482652033,0.04237965676027984,-0.10293013207666882,0.06319812242362816,-0.11982061789387982,0.13391445260490167,-0.38229294499948707,0.14265170921172743,8.966104274930782
2008-2015,6.692912400485444,-0.01840594062585805,0.04086656962927794,-0.09850441709924282,0.061692535847526715,-0.11778975996347513,0.13470218201219764,-0.3818060367073825,0.14622651678043225,8.966104274930782
2008-2015,6.73205210735256,-0.017037606526448187,0.03945578834788621,-0.09437095168830516,0.06029573863540878,-0.11575890203307043,0.13548991141949362,-0.38131912841527793,0.14980132434913707,8.966104274930782
2008-2015,6.771191814219676,-0.01576992889460499,0.038149658338307794,-0.09054325923768826,0.05900340144847828,-0.11372804410266568,0.13627764082678961,-0.3808322201231733,0.15337613191784194,8.966104274930782
2008-2015,6.810331521086792,-0.014611695924105328,0.036949062619376215,-0.0870318586580827,0.05780846680987205,-0.11169718617226088,0.1370653702340856,-0.3803453118310687,0.15695093948654693,8.966104274930782
2008-2015,6.849471227953908,-0.013570768313530109,0.0358533171111412,-0.08384326985136686,0.056701733224306654,-0.10966632824185613,0.13785309964138157,-0.379858403538964,0.16052574705525174,8.966104274930782
2008-2015,6.888610934821024,-0.01265462408184019,0.034860032008661196,-0.08098028681881614,0.05567103865513576,-0.10763547031145143,0.13864082904867756,-0.3793714952468594,0.16410055462395656,8.966104274930782
2008-2015,6.92775064168814,-0.011870467525674055,0.03396504615939717,-0.0784419579980925,0.05470102294674439,-0.10560461238104674,0.13942855845597352,-0.3788845869547548,0.16767536219266133,8.966104274930782
2008-2015,6.966890348555256,-0.011224598292825114,0.033162515316048545,-0.07622312831228026,0.05377393172663003,-0.10357375445064193,0.1402162878632695,-0.37839767866265017,0.1712501697613663,8.966104274930782
2008-2015,7.006030055422372,-0.010722099116336342,0.03244509531558594,-0.07431448593488478,0.052870287702212096,-0.10154289652023718,0.1410040172705655,-0.37791077037054555,0.17482497733007119,8.966104274930782
2008-2015,7.045169762289488,-0.010367070144083577,0.031804156098488696,-0.07270321609712142,0.05196907580895427,-0.09951203858983249,0.14179174667786149,-0.377423862078441,0.178399784898776,8.966104274930782
2008-2015,7.0843094691566035,-0.010162716748297253,0.031230054067652443,-0.07137362272089603,0.051048189224301536,-0.09748118065942774,0.14257947608515745,-0.37693695378633635,0.18197459246748088,8.966104274930782
2008-2015,7.12344917602372,-0.010111472149579734,0.03071243041843197,-0.0703078357697064,0.05008489147054692,-0.09545032272902293,0.14336720549245344,-0.37645004549423167,0.1855494000361858,8.966104274930782
2008-2015,7.1625888828908355,-0.010213525849800384,0.030240796990337188,-0.06948548795086126,0.0490584362512605,-0.09341946479861823,0.1441549348997494,-0.37596313720212704,0.18912420760489057,8.966104274930782
2008-2015,7.201728589757952,-0.010466790209058746,0.02980495116519724,-0.06888449449284534,0.047950914074727846,-0.09138860686821354,0.14494266430704542,-0.3754762289100225,0.19269901517359544,8.966104274930782
2008-2015,7.240868296625068,-0.010868191324975303,0.029395074549010657,-0.06848253744103619,0.046746154791085584,-0.08935774893780868,0.14573039371434138,-0.3749893206179178,0.19627382274230043,8.966104274930782
2008-2015,7.280008003492184,-0.011413790660209013,0.029001938868861227,-0.06825759084317701,0.04543000952275899,-0.08732689100740393,0.14651812312163737,-0.37450241232581316,0.1998486303110053,8.966104274930782
2008-2015,7.3191477103592995,-0.012099398272121926,0.028616950756251265,-0.0681886217543744,0.043989825210130555,-0.08529603307699923,0.14730585252893333,-0.37401550403370853,0.20342343787971007,8.966104274930782
2008-2015,7.358287417226416,-0.012918967888878266,0.02823266502789386,-0.06825499134355023,0.0424170555657937,-0.08326517514659454,0.14809358193622932,-0.373528595741604,0.20699824544841494,8.966104274930782
2008-2015,7.397427124093532,-0.013864604322282877,0.027842921908221265,-0.06843673126239655,0.0407075226178308,-0.08123431721618973,0.1488813113435253,-0.37304168744949934,0.21057305301711987,8.966104274930782
2008-2015,7.436566830960648,-0.01492794155247986,0.027442577535211128,-0.06871539352149367,0.038859510416533946,-0.07920345928578498,0.14966904075082127,-0.37255477915739466,0.2141478605858247,8.966104274930782
2008-2015,7.475706537827763,-0.01609978871397711,0.027027613209416226,-0.06907391060443291,0.036874333176478695,-0.07717260135538023,0.15045677015811726,-0.37206787086529003,0.21772266815452956,8.966104274930782
2008-2015,7.51484624469488,-0.01737057607460414,0.026595017310108975,-0.06949681000241772,0.03475565785320945,-0.07514174342497554,0.15124449956541325,-0.3715809625731855,0.22129747572323444,8.966104274930782
2008-2015,7.553985951561996,-0.01872903823128974,0.02614316094191338,-0.06996963367743997,0.03251155721486048,-0.07311088549457073,0.15203222897270927,-0.3710940542810809,0.22487228329193942,8.966104274930782
2008-2015,7.593125658429112,-0.020162108054393175,0.025671803799147744,-0.07047884350072275,0.030154627391936403,-0.07108002756416604,0.1528199583800052,-0.3706071459889762,0.22844709086064413,8.966104274930782
2008-2015,7.632265365296227,-0.02165591809072437,0.025181738493397724,-0.07101212553778391,0.027700289356335173,-0.06904916963376129,0.1536076877873012,-0.37012023769687163,0.23202189842934906,8.966104274930782
2008-2015,7.671405072163344,-0.023196001083956315,0.024674655973053194,-0.07155832679114058,0.025166324623227945,-0.06701831170335659,0.15439541719459715,-0.369633329404767,0.23559670599805382,8.966104274930782
2008-2015,7.71054477903046,-0.02476773410062693,0.02415292502069832,-0.07210746714119565,0.02257199893994178,-0.06498745377295173,0.15518314660189317,-0.3691464211126623,0.23917151356675886,8.966104274930782
2008-2015,7.749684485897576,-0.026355786932321164,0.023619724859935975,-0.07265044765779567,0.019938873793153344,-0.06295659584254704,0.1559708760091891,-0.36865951282055764,0.24274632113546357,8.966104274930782
2008-2015,7.788824192764691,-0.027943995785216606,0.023079008859869764,-0.07317885315056134,0.01729086158012813,-0.06092573791214234,0.1567586054164851,-0.36817260452845313,0.24632112870416845,8.966104274930782
2008-2015,7.827963899631808,-0.029515192053054508,0.022535481428946846,-0.07368473565379033,0.014654351547681313,-0.05889487998173765,0.15754633482378108,-0.36768569623634856,0.24989593627287326,8.966104274930782
2008-2015,7.867103606498924,-0.031051677418591543,0.021994260678471413,-0.07416042834839551,0.012057073511212428,-0.056864022051332785,0.15833406423107707,-0.3671987879442438,0.25347074384157825,8.966104274930782
2008-2015,7.90624331336604,-0.03253536436198722,0.021460687859175008,-0.07459831256597024,0.009527583841995792,-0.054833164120928035,0.15912179363837306,-0.36671187965213925,0.2570455514102832,8.966104274930782
2008-2015,7.945383020233156,-0.03394798026047339,0.020940039090593422,-0.07499045687803649,0.007094496357089718,-0.05280230619052334,0.15990952304566905,-0.3662249713600347,0.260620358978988,8.966104274930782
2008-2015,7.984522727100272,-0.03527119720831857,0.02043728858901796,-0.07532828284279378,0.004785888426156633,-0.050771448260118646,0.160697252452965,-0.36573806306793005,0.26419516654769276,8.966104274930782
2008-2015,8.023662433967388,-0.03648673994635875,0.019956915937350658,-0.07560229518356604,0.0026288152908485324,-0.04874059032971384,0.161484981860261,-0.36525115477582537,0.2677699741163977,8.966104274930782
2008-2015,8.062802140834505,-0.03757646318795101,0.019502750705208495,-0.07580185457015967,6.489281942576378e-4,-0.046709732399309145,0.162272711267557,-0.36476424648372086,0.27134478168510257,8.966104274930782
2008-2015,8.10194184770162,-0.03852239954869497,0.019077697086819043,-0.0759146858388603,-0.0011301132585296442,-0.04467887446890434,0.16306044067485295,-0.3642773381916161,0.27491958925380744,8.966104274930782
2008-2015,8.141081554568736,-0.03930738687546676,0.018683787629913948,-0.07592761063009809,-0.0026871631208354244,-0.042648016538499645,0.16384817008214894,-0.36379042989951155,0.27849439682251226,8.966104274930782
2008-2015,8.180221261435852,-0.03991541359574124,0.018322139988126367,-0.07582680797246891,-0.004004019219013562,-0.04061715860809484,0.16463589948944493,-0.3633035216074069,0.28206920439121724,8.966104274930782
2008-2015,8.219360968302968,-0.040331380055654294,0.01799278508069188,-0.07559723881381038,-0.00506552129749821,-0.038586300677690144,0.16542362889674092,-0.36281661331530235,0.28564401195992206,8.966104274930782
2008-2015,8.258500675170083,-0.0405405604885345,0.017694483057879972,-0.07522174728197925,-0.005859373695089758,-0.036555442747285394,0.16621135830403688,-0.36232970502319767,0.2892188195286269,8.966104274930782
2008-2015,8.2976403820372,-0.04052858580685268,0.017424718848576083,-0.0746810347500618,-0.006376136863643557,-0.0345245848168807,0.16699908771133287,-0.3618427967310931,0.2927936270973317,8.966104274930782
2008-2015,8.336780088904316,-0.04028236567135297,0.01718001609990731,-0.0739551972271713,-0.006609534115534638,-0.03249372688647584,0.16778681711862886,-0.3613558884389884,0.29636843466603674,8.966104274930782
2008-2015,8.375919795771432,-0.039789771805753445,0.016956046029823802,-0.07302362202420809,-0.006555921587298792,-0.030462868956071143,0.16857454652592482,-0.3608689801468838,0.2999432422347415,8.966104274930782
2008-2015,8.415059502638549,-0.03903955122123975,0.016747812148609317,-0.071865263032514,-0.006213839409965491,-0.028432011025666337,0.16936227593322084,-0.36038207185477916,0.3035180498034465,8.966104274930782
2008-2015,8.454199209505664,-0.03802195128131205,0.01655004960619832,-0.07046004850946075,-0.005583854053163341,-0.026401153095261753,0.17015000534051677,-0.35989516356267465,0.30709285737215114,8.966104274930782
2008-2015,8.49333891637278,-0.03672874554776969,0.016357512393997426,-0.06878946984000464,-0.004668021255534734,-0.024370295164856892,0.17093773474781276,-0.3594082552705699,0.3106676649408561,8.966104274930782
2008-2015,8.532478623239896,-0.03515438950417022,0.016165553558000267,-0.06683887447785075,-0.0034699045304896967,-0.022339437234452197,0.17172546415510875,-0.35892134697846534,0.31424247250956094,8.966104274930782
2008-2015,8.571618330107011,-0.033296737680597994,0.01597060404509389,-0.06459912160898201,-0.001994353752213969,-0.020308579304047447,0.17251319356240472,-0.35843443868636066,0.31781728007826576,8.966104274930782
2008-2015,8.610758036974127,-0.03115558854431163,0.015769999182933175,-0.06206478694286065,-2.4639014576260596e-4,-0.018277721373642752,0.1733009229697007,-0.35794753039425614,0.32139208764697064,8.966104274930782
2008-2015,8.649897743841244,-0.028732542180646227,0.015562071568185737,-0.05923420245429027,0.0017691180929978179,-0.016246863443237947,0.17408865237699672,-0.3574606221021515,0.3249668952156756,8.966104274930782
2008-2015,8.68903745070836,-0.026030360071592533,0.015346063525440844,-0.05610864458145659,0.004047924438271521,-0.01421600551283314,0.1748763817842927,-0.35697371381004683,0.32854170278438055,8.966104274930782
2008-2015,8.728177157575477,-0.023054865032426437,0.01512273338388686,-0.05269542246484468,0.006585692399991811,-0.012185147582428446,0.17566411119158867,-0.35648680551794226,0.33211651035308537,8.966104274930782
2008-2015,8.767316864442591,-0.019813888194011794,0.014894074125906204,-0.049006273480787954,0.009378497092764365,-0.010154289652023751,0.17645184059888464,-0.35599989722583764,0.33569131792179013,8.966104274930782
2008-2015,8.806456571309708,-0.016316755936479868,0.014663126208353755,-0.04505648330485323,0.012422971431893491,-0.008123431721618946,0.17723957000618065,-0.355512988933733,0.3392661254904951,8.966104274930782
2008-2015,8.845596278176824,-0.01257404753113854,0.014433830052431394,-0.04086435443390407,0.015716259371626993,-0.00609257379121414,0.17802729941347661,-0.35502608064162827,0.3428409330592,8.966104274930782
2008-2015,8.884735985043939,-0.008597409706368582,0.014210861917406368,-0.03645069906448506,0.0192558796517479,-0.0040617158608095005,0.17881502882077258,-0.35453917234952376,0.34641574062790476,8.966104274930782
2008-2015,8.923875691911055,-0.00440070775529533,0.013999823784114601,-0.03184036237215995,0.02303894686156929,-0.0020308579304048058,0.17960275822806857,-0.3540522640574192,0.3499905481966096,8.966104274930782
2008-2015,8.963015398778172,0,0.013806976152345928,-0.02706167325859802,0.02706167325859802,0,0.18039048763536455,-0.3535653557653145,0.3535653557653145,8.966104274930782
2008-2015,9.002155105645288,0.004587039191404872,0.013638735361607247,-0.022144882117345333,0.03131896050015508,0.0020308579304048613,0.18117821704266054,-0.3530784474732098,0.35714016333401954,8.966104274930782
2008-2015,9.041294812512405,0.00934198208405991,0.013501030623512773,-0.017120037938025124,0.03580400210614494,0.004061715860809556,0.18196594644995653,-0.35259153918110525,0.36071497090272436,8.966104274930782
2008-2015,9.08043451937952,0.014245288760859308,0.01339906373810985,-0.012016876165835997,0.04050745368755461,0.00609257379121414,0.1827536758572525,-0.35210463088900074,0.364289778471429,8.966104274930782
2008-2015,9.119574226246636,0.019276297380445156,0.013336940486721405,-0.006864105973528798,0.04541670073441911,0.008123431721618946,0.18354140526454846,-0.351617722596896,0.3678645860401339,8.966104274930782
2008-2015,9.158713933113752,0.02441358092116116,0.013317229778025928,-0.0016881894437696596,0.050515351286091977,0.010154289652023807,0.18432913467184447,-0.35113081430479137,0.371439393608839,8.966104274930782
2008-2015,9.197853639980867,0.02963530894095086,0.013340631352355388,0.003487671490334302,0.05578294639156742,0.012185147582428446,0.1851168640791404,-0.35064390601268675,0.37501420117754364,8.966104274930782
2008-2015,9.236993346847983,0.03491929329935847,0.013405939598951432,0.008643651685413666,0.06119493491330328,0.01421600551283314,0.18590459348643643,-0.35015699772058223,0.3785890087462485,8.966104274930782
2008-2015,9.2761330537151,0.04024321522007122,0.013510025898855435,0.013763564458314566,0.06672286598182786,0.016246863443237947,0.1866923228937324,-0.34967008942847755,0.38216381631495344,8.966104274930782
2008-2015,9.315272760582216,0.04558480202178637,0.013648174972861695,0.01883437907497745,0.07233522496859529,0.018277721373642752,0.1874800523010284,-0.3491831811363729,0.3857386238836584,8.966104274930782
2008-2015,9.354412467449333,0.050921975864281356,0.01381457162106795,0.023845415486988174,0.07799853624157455,0.020308579304047447,0.1882677817083244,-0.34869627284426835,0.38931343145236325,8.966104274930782
2008-2015,9.393552174316447,0.05623280829547907,0.014002466829503533,0.028787973309652142,0.08367764328130599,0.022339437234452142,0.18905551111562033,-0.34820936455216367,0.39288823902106795,8.966104274930782
2008-2015,9.432691881183564,0.06149558905417412,0.014204558882808726,0.03365465364386902,0.08933652446447922,0.024370295164856948,0.18984324052291632,-0.34772245626005904,0.39646304658977294,8.966104274930782
2008-2015,9.47183158805068,0.06668951762823244,0.014413773999509175,0.03843852058919446,0.09494051466727042,0.026401153095261753,0.1906309699302123,-0.34723554796795436,0.40003785415847787,8.966104274930782
2008-2015,9.510971294917796,0.07179466581731375,0.014623621624087474,0.0431323674341023,0.1004569642005252,0.028432011025666448,0.1914186993375083,-0.3467486396758498,0.4036126617271827,8.966104274930782
2008-2015,9.550111001784913,0.07679255843875263,0.014828768515399196,0.047728172148570204,0.10585694472893506,0.030462868956071254,0.1922064287448043,-0.34626173138374516,0.40718746929588767,8.966104274930782
2008-2015,9.589250708652028,0.08166525176246929,0.015024961701805653,0.05221632682693021,0.11111417669800837,0.03249372688647589,0.19299415815210025,-0.3457748230916406,0.4107622768645924,8.966104274930782
2008-2015,9.628390415519144,0.08639528676952464,0.015209252378283876,0.056585152108088246,0.11620542143096103,0.034524584816880755,0.19378188755939624,-0.34528791479953586,0.41433708443329736,8.966104274930782
2008-2015,9.66753012238626,0.09096545327526795,0.015380164954421372,0.06082032996460206,0.12111057658593384,0.03655544274728545,0.19456961696669223,-0.3448010065074313,0.4179118920020022,8.966104274930782
2008-2015,9.706669829253375,0.09535968895955835,0.015538260164840861,0.06490469903647025,0.12581467888264644,0.038586300677690144,0.1953573463739882,-0.3443140982153267,0.421486699570707,8.966104274930782
2008-2015,9.7458095361204915,0.09956383404685606,0.015686630344534016,0.0688180385715694,0.13030962952214273,0.04061715860809484,0.19614507578128418,-0.34382718992322214,0.4250615071394118,8.966104274930782
2008-2015,9.784949242987608,0.10356567650212908,0.01583110123015927,0.07253671809101692,0.13459463491324125,0.042648016538499756,0.19693280518858017,-0.34334028163111735,0.42863631470811686,8.966104274930782
2008-2015,9.824088949854724,0.10735434557838305,0.015980167477084327,0.07603321732329776,0.13867547383346834,0.04467887446890445,0.19772053459587616,-0.34285337333901283,0.43221112227682174,8.966104274930782
2008-2015,9.86322865672184,0.1109217409135092,0.016145396905598186,0.07927676297853675,0.14256671884848165,0.046709732399309145,0.19850826400317212,-0.3423664650469082,0.4357859298455265,8.966104274930782
2008-2015,9.902368363588955,0.11426368895913508,0.016341480455174473,0.08223438726699311,0.14629299065127704,0.04874059032971384,0.19929599341046808,-0.3418795567548036,0.43936073741423126,8.966104274930782
2008-2015,9.941508070456072,0.1173786926014194,0.01658533387122243,0.08487143821382342,0.14988594698901536,0.050771448260118646,0.20008372281776407,-0.3413926484626989,0.4429355449829362,8.966104274930782
2008-2015,9.980647777323188,0.12026787834211419,0.01689525397220855,0.08715318055658544,0.15338257612764294,0.05280230619052334,0.20087145222506006,-0.3409057401705944,0.44651035255164107,8.966104274930782
2008-2015,10.019787484190303,0.1229347084622818,0.017289760478045247,0.08904677792531313,0.15682263899925047,0.054833164120928146,0.20165918163235605,-0.3404188318784897,0.450085160120346,8.966104274930782
2008-2015,10.05892719105742,0.1253841004478059,0.017786214468526598,0.09052312008949377,0.16024508080611805,0.05686402205133284,0.202446911039652,-0.3399319235863851,0.45365996768905076,8.966104274930782
2008-2015,10.098066897924536,0.12762322046638735,0.01839972878205624,0.09155975205355713,0.16368668887921758,0.05889487998173765,0.203234640446948,-0.33944501529428045,0.45723477525775574,8.966104274930782
2008-2015,10.137206604791652,0.12966181196247684,0.01914209059904646,0.09214331438834578,0.1671803095366079,0.06092573791214234,0.204022369854244,-0.3389581070021759,0.46080958282646056,8.966104274930782
2008-2015,10.176346311658769,0.13151160487520022,0.020020925603288102,0.09227059069275553,0.1707526190576449,0.06295659584254715,0.20481009926153998,-0.3384711987100712,0.4643843903951655,8.966104274930782
2008-2015,10.215486018525883,0.13318500802054178,0.021039382234351377,0.09194781884121309,0.17442219719987048,0.06498745377295184,0.20559782866883594,-0.33798429041796657,0.46795919796387025,8.966104274930782
2008-2015,10.254625725393,0.13469505586203073,0.022196456298822317,0.09119000151633899,0.17820011020772247,0.06701831170335654,0.20638555807613193,-0.33749738212586206,0.47153400553257513,8.966104274930782
2008-2015,10.293765432260116,0.13605553860595643,0.02348765847182365,0.09001972800118208,0.18209134921073078,0.06904916963376123,0.20717328748342795,-0.33701047383375754,0.47510881310128,8.966104274930782
2008-2015,10.33290513912723,0.13728089247121808,0.02490585443851686,0.08846541777172504,0.18609636717071112,0.07108002756416604,0.20796101689072388,-0.33652356554165275,0.4786836206699848,8.966104274930782
2008-2015,10.372044845994349,0.13838566819586046,0.026442060669281984,0.08655922928406777,0.19021210710765313,0.07311088549457084,0.20874874629801993,-0.33603665724954823,0.4822584282386899,8.966104274930782
2008-2015,10.411184552861464,0.13938433086663576,0.028086121936243914,0.0843355318715977,0.19443312986167383,0.07514174342497554,0.20953647570531586,-0.33554974895744355,0.4858332358073946,8.966104274930782
2008-2015,10.45032425972858,0.14029067861955152,0.029827431215920408,0.08182891343634752,0.19875244380275553,0.07717260135538023,0.21032420511261185,-0.335062840665339,0.48940804337609944,8.966104274930782
2008-2015,10.489463966595697,0.14111739311682323,0.031655543112213164,0.07907252861688543,0.20316225761676102,0.07920345928578515,0.21111193451990784,-0.3345759323732342,0.4929828509448045,8.966104274930782
2008-2015,10.528603673462811,0.14187633799284208,0.033560412035957936,0.07609793040236452,0.20765474558331964,0.08123431721618973,0.2118996639272038,-0.3340890240811297,0.4965576585135092,8.966104274930782
2008-2015,10.567743380329928,0.14257802816130452,0.035532730384219106,0.07293387660823507,0.21222217971437396,0.08326517514659454,0.21268739333449976,-0.333602115789025,0.5001324660822141,8.966104274930782
2008-2015,10.606883087197044,0.1432316368605133,0.03756406891423419,0.0696060617886143,0.2168572119324123,0.08529603307699923,0.21347512274179578,-0.3331152074969205,0.5037072736509189,8.966104274930782
2008-2015,10.646022794064159,0.14384596242531644,0.039646639448526096,0.0661385491062053,0.22155337574442757,0.08732689100740393,0.21426285214909171,-0.33262829920481585,0.5072820812196237,8.966104274930782
2008-2015,10.685162500931277,0.14442855362334164,0.041773533727058096,0.06255242751830778,0.2263046797283755,0.08935774893780885,0.21505058155638776,-0.33214139091271117,0.5108568887883289,8.966104274930782
2008-2015,10.724302207798392,0.1449865684788343,0.04393845831836923,0.058867190174830594,0.23110594678283797,0.09138860686821354,0.21583831096368372,-0.33165448262060654,0.5144316963570337,8.966104274930782
2008-2015,10.763441914665508,0.14552676224179195,0.04613568217517515,0.055100825178448665,0.23595269930513524,0.09341946479861823,0.2166260403709797,-0.33116757432850197,0.5180065039257384,8.966104274930782
2008-2015,10.802581621532624,0.14605400406784166,0.04836046112498397,0.05126750026287309,0.24084050787281025,0.09545032272902304,0.2174137697782757,-0.33068066603639734,0.5215813114944434,8.966104274930782
2008-2015,10.84172132839974,0.14657261131510602,0.050608614449941525,0.04737972699322063,0.2457654956369914,0.09748118065942762,0.21820149918557166,-0.3301937577442928,0.5251561190631481,8.966104274930782
2008-2015,10.880861035266856,0.147086901272978,0.052876297618479125,0.04344935794075891,0.25072444460519705,0.09951203858983254,0.21898922859286762,-0.329706849452188,0.5287309266318531,8.966104274930782
