seed,drop_frac,n_drop,n_keep,n_hauls,converged,phase,fp_slope,p_value
43,0.25,40,118,7981,TRUE,1985-1991,-0.025812495126777645,0.13056449639738263
43,0.25,40,118,7981,TRUE,1992-2001,0.025218180279210908,0.10228389840858881
43,0.25,40,118,7981,TRUE,2002-2007,0.13397367103572913,8.2060300636186e-15
43,0.25,40,118,7981,TRUE,2008-2015,0.0720909665976623,9.043379815126647e-6
44,0.25,40,118,7719,TRUE,1985-1991,-0.03227822675382629,0.07109630136107423
44,0.25,40,118,7719,TRUE,1992-2001,0.010589048282693123,0.5140884174176823
44,0.25,40,118,7719,TRUE,2002-2007,0.1189270814259423,2.534731446970079e-11
44,0.25,40,118,7719,TRUE,2008-2015,0.03952474644840156,0.0184435359585742
45,0.25,40,118,7685,TRUE,1985-1991,-0.025864608991458204,0.15589554029321398
45,0.25,40,118,7685,TRUE,1992-2001,0.010582716854969983,0.5312846777389423
45,0.25,40,118,7685,TRUE,2002-2007,0.11124427829182537,1.0524896730333804e-9
45,0.25,40,118,7685,TRUE,2008-2015,0.04813884320256771,0.005408482664508627
46,0.25,40,118,7805,TRUE,1985-1991,-0.03991476007056896,0.03307578985348061
46,0.25,40,118,7805,TRUE,1992-2001,0.017476772801074673,0.31047143940683936
46,0.25,40,118,7805,TRUE,2002-2007,0.11875615646664628,1.7780310088122516e-10
46,0.25,40,118,7805,TRUE,2008-2015,0.04677098982732686,0.00891835984599657
47,0.25,40,118,7894,TRUE,1985-1991,-0.02044434954044051,0.235169874929377
47,0.25,40,118,7894,TRUE,1992-2001,0.019393070212598996,0.21891388242192544
47,0.25,40,118,7894,TRUE,2002-2007,0.15079634000304454,6.5413358750162695e-18
47,0.25,40,118,7894,TRUE,2008-2015,0.060163756883251374,2.0935596049899888e-4
48,0.25,40,118,7731,TRUE,1985-1991,-0.021322143064562926,0.24460621298916013
48,0.25,40,118,7731,TRUE,1992-2001,0.013240571579702258,0.4274805748325408
48,0.25,40,118,7731,TRUE,2002-2007,0.10910048651811624,2.074095648226862e-9
48,0.25,40,118,7731,TRUE,2008-2015,0.04213196943509237,0.015607182493079342
49,0.25,40,118,7896,TRUE,1985-1991,-0.026795775617444013,0.14212220670770453
49,0.25,40,118,7896,TRUE,1992-2001,0.022373973483989285,0.17648259314486378
49,0.25,40,118,7896,TRUE,2002-2007,0.13345841113335738,2.1923455239682887e-13
49,0.25,40,118,7896,TRUE,2008-2015,0.06985587572210711,6.0053776788782056e-5
50,0.25,40,118,7892,TRUE,1985-1991,-0.022839344579122088,0.2223308992084497
50,0.25,40,118,7892,TRUE,1992-2001,0.022429955875107876,0.19158891855656182
50,0.25,40,118,7892,TRUE,2002-2007,0.12789476307565756,6.7320348333810965e-12
50,0.25,40,118,7892,TRUE,2008-2015,0.05684217704934091,0.0013886894215847992
51,0.25,40,118,7852,TRUE,1985-1991,-0.022649307576983687,0.19842966496936634
51,0.25,40,118,7852,TRUE,1992-2001,0.021219507403879918,0.1812595883966218
51,0.25,40,118,7852,TRUE,2002-2007,0.13124238591878526,5.194360018040995e-14
51,0.25,40,118,7852,TRUE,2008-2015,0.05639111763501971,6.076691648529682e-4
52,0.25,40,118,7707,TRUE,1985-1991,-0.01517625191335205,0.35529763051295327
52,0.25,40,118,7707,TRUE,1992-2001,0.006884437254210734,0.645233071421933
52,0.25,40,118,7707,TRUE,2002-2007,0.10816222920287988,3.7824847887284226e-11
52,0.25,40,118,7707,TRUE,2008-2015,0.04116410349868981,0.007638464977856403
53,0.25,40,118,7852,TRUE,1985-1991,-0.023541185835302708,0.18374249031278622
53,0.25,40,118,7852,TRUE,1992-2001,0.00431108837372355,0.7918825980571554
53,0.25,40,118,7852,TRUE,2002-2007,0.10799183524330427,1.317076528392803e-9
53,0.25,40,118,7852,TRUE,2008-2015,0.040516028415736385,0.015928246342530226
54,0.25,40,118,7875,TRUE,1985-1991,-0.03196377385495492,0.07330007969073045
54,0.25,40,118,7875,TRUE,1992-2001,0.006872727609137749,0.6718166841567683
54,0.25,40,118,7875,TRUE,2002-2007,0.10763215006816307,1.4649595113376902e-9
54,0.25,40,118,7875,TRUE,2008-2015,0.05162946394449681,0.002122239811431104
55,0.25,40,118,7721,TRUE,1985-1991,-0.03171366814643079,0.07046655046406493
55,0.25,40,118,7721,TRUE,1992-2001,0.012067218999263288,0.44682284538434547
55,0.25,40,118,7721,TRUE,2002-2007,0.13331257915799463,1.8789208714960004e-14
55,0.25,40,118,7721,TRUE,2008-2015,0.05478864540010183,9.541384891194404e-4
56,0.25,40,118,7818,TRUE,1985-1991,-0.0192535365422072,0.24179085342041695
56,0.25,40,118,7818,TRUE,1992-2001,0.02823876066703569,0.05494368658534865
56,0.25,40,118,7818,TRUE,2002-2007,0.1336708317968133,2.018749964946453e-16
56,0.25,40,118,7818,TRUE,2008-2015,0.057264729966229735,2.0788853213643657e-4
57,0.25,40,118,7938,TRUE,1985-1991,-0.019579396275340364,0.287995406687341
57,0.25,40,118,7938,TRUE,1992-2001,0.02260005129600916,0.18282302040829462
57,0.25,40,118,7938,TRUE,2002-2007,0.13785354083644333,1.1997634644867944e-13
57,0.25,40,118,7938,TRUE,2008-2015,0.06498981259134612,2.714438779441329e-4
58,0.25,40,118,7826,TRUE,1985-1991,-0.03772739163741516,0.04143873420666799
58,0.25,40,118,7826,TRUE,1992-2001,0.011540059776106872,0.4995829219691543
58,0.25,40,118,7826,TRUE,2002-2007,0.11913314142088204,1.4564952037339426e-10
58,0.25,40,118,7826,TRUE,2008-2015,0.0424261736323763,0.016841898380328214
59,0.25,40,118,7806,TRUE,1985-1991,-0.021643062938470507,0.24124296074791143
59,0.25,40,118,7806,TRUE,1992-2001,0.012352900126607384,0.463367352531783
59,0.25,40,118,7806,TRUE,2002-2007,0.10827417830811015,4.730324849659738e-9
59,0.25,40,118,7806,TRUE,2008-2015,0.04639968990090718,0.00766728247860216
60,0.25,40,118,7682,TRUE,1985-1991,-0.02069156598690115,0.263028192080223
60,0.25,40,118,7682,TRUE,1992-2001,0.011048506766438124,0.5107903805825315
60,0.25,40,118,7682,TRUE,2002-2007,0.12044938785580804,6.27357510755718e-11
60,0.25,40,118,7682,TRUE,2008-2015,0.04994635164596027,0.004213940329196335
61,0.25,40,118,7729,TRUE,1985-1991,-0.034939294892395806,0.05613433223594054
61,0.25,40,118,7729,TRUE,1992-2001,0.02259034513891861,0.17564084672409963
61,0.25,40,118,7729,TRUE,2002-2007,0.15701355755833044,1.3457058409914251e-17
61,0.25,40,118,7729,TRUE,2008-2015,0.07396547951324808,1.501662639139436e-5
62,0.25,40,118,7866,TRUE,1985-1991,-0.03556965605364203,0.04580056081520321
62,0.25,40,118,7866,TRUE,1992-2001,0.0014872166571323064,0.9259299162035652
62,0.25,40,118,7866,TRUE,2002-2007,0.12047319262975173,7.415609977661514e-12
62,0.25,40,118,7866,TRUE,2008-2015,0.045725105767458675,0.006253377841921488
63,0.25,40,118,7841,TRUE,1985-1991,-0.012104455288083725,0.4985473495773603
63,0.25,40,118,7841,TRUE,1992-2001,0.024440838560498314,0.13536108018449822
63,0.25,40,118,7841,TRUE,2002-2007,0.13448517888751893,7.706178545808543e-14
63,0.25,40,118,7841,TRUE,2008-2015,0.06025881627486074,3.477878799253759e-4
64,0.25,40,118,7786,TRUE,1985-1991,-0.01823124324594912,0.32791674416138117
64,0.25,40,118,7786,TRUE,1992-2001,0.012089616050747584,0.480053909681538
64,0.25,40,118,7786,TRUE,2002-2007,0.12799088552411,7.827672706508979e-12
64,0.25,40,118,7786,TRUE,2008-2015,0.04698456785746219,0.007508079765372942
65,0.25,40,118,7934,TRUE,1985-1991,-0.01732590023492318,0.3362491058030176
65,0.25,40,118,7934,TRUE,1992-2001,0.010428772689137816,0.5231052607927011
65,0.25,40,118,7934,TRUE,2002-2007,0.11505865426874305,1.0933126187221736e-10
65,0.25,40,118,7934,TRUE,2008-2015,0.05058672702645185,0.0028927853751974358
66,0.25,40,118,7805,TRUE,1985-1991,-0.0389249278678934,0.0361975341538806
66,0.25,40,118,7805,TRUE,1992-2001,0.01789696324413754,0.29743869041722043
66,0.25,40,118,7805,TRUE,2002-2007,0.12410462259562877,4.8886016260593875e-11
66,0.25,40,118,7805,TRUE,2008-2015,0.06378955023579025,3.7818296153431524e-4
67,0.25,40,118,7877,TRUE,1985-1991,-0.03861304950732801,0.03211430095342324
67,0.25,40,118,7877,TRUE,1992-2001,0.005708668629862773,0.7300989894725518
67,0.25,40,118,7877,TRUE,2002-2007,0.12161150008432368,1.589857170821136e-11
67,0.25,40,118,7877,TRUE,2008-2015,0.041542098864445584,0.014550712403619548
68,0.25,40,118,7799,TRUE,1985-1991,-0.020973309241454723,0.2387434277131892
68,0.25,40,118,7799,TRUE,1992-2001,0.018760477668860288,0.2499768521148847
68,0.25,40,118,7799,TRUE,2002-2007,0.12381176121063799,3.383195029530097e-12
68,0.25,40,118,7799,TRUE,2008-2015,0.057539405898981946,6.157213588310761e-4
69,0.25,40,118,7659,TRUE,1985-1991,-0.020006470750572745,0.2599185387600518
69,0.25,40,118,7659,TRUE,1992-2001,0.009000586451990696,0.5807889869583562
69,0.25,40,118,7659,TRUE,2002-2007,0.110904522534539,6.389028074737036e-10
69,0.25,40,118,7659,TRUE,2008-2015,0.05143317081068573,0.0021299926857812324
70,0.25,40,118,7766,TRUE,1985-1991,-0.02549989457929013,0.13588748602943626
70,0.25,40,118,7766,TRUE,1992-2001,0.02195241160681154,0.1554725139062715
70,0.25,40,118,7766,TRUE,2002-2007,0.122113669359404,5.173158032477026e-13
70,0.25,40,118,7766,TRUE,2008-2015,0.04807443797583774,0.002898854175279831
71,0.25,40,118,7794,TRUE,1985-1991,-0.02516248948187359,0.13822096424361574
71,0.25,40,118,7794,TRUE,1992-2001,0.01307599964743172,0.39676417164451344
71,0.25,40,118,7794,TRUE,2002-2007,0.12367176486252009,3.102552865078562e-13
71,0.25,40,118,7794,TRUE,2008-2015,0.05442929591251813,6.685784110629124e-4
72,0.25,40,118,7807,TRUE,1985-1991,-0.027693380076539653,0.1395098219323917
72,0.25,40,118,7807,TRUE,1992-2001,0.02054290665981468,0.23245190944642863
72,0.25,40,118,7807,TRUE,2002-2007,0.1232567147163025,3.8562452329015755e-11
72,0.25,40,118,7807,TRUE,2008-2015,0.05043719472707513,0.0043565730823381475
73,0.25,40,118,7811,TRUE,1985-1991,-0.016246690045281058,0.3474700704911213
73,0.25,40,118,7811,TRUE,1992-2001,0.02735543256961253,0.08058826871948681
73,0.25,40,118,7811,TRUE,2002-2007,0.13668870769309077,2.99363362130869e-15
73,0.25,40,118,7811,TRUE,2008-2015,0.06809224578987513,2.3206892220424913e-5
74,0.25,40,118,7797,TRUE,1985-1991,-0.01834863426053497,0.310908671803963
74,0.25,40,118,7797,TRUE,1992-2001,0.021989575927047277,0.18227162092405677
74,0.25,40,118,7797,TRUE,2002-2007,0.12124486791503526,1.2544278905003583e-11
74,0.25,40,118,7797,TRUE,2008-2015,0.049485919021796776,0.00355812074590177
75,0.25,40,118,7877,TRUE,1985-1991,-0.0065634159608498,0.7076424173233522
75,0.25,40,118,7877,TRUE,1992-2001,0.018784457284708143,0.23283972151467658
75,0.25,40,118,7877,TRUE,2002-2007,0.12470049568765076,6.106653549604854e-13
75,0.25,40,118,7877,TRUE,2008-2015,0.060940407493285546,1.737285617845293e-4
76,0.25,40,118,7837,TRUE,1985-1991,-0.03637818258161554,0.049456169874787737
76,0.25,40,118,7837,TRUE,1992-2001,0.02033101662626805,0.23488050489869677
76,0.25,40,118,7837,TRUE,2002-2007,0.14269705057557017,3.0750793539795086e-14
76,0.25,40,118,7837,TRUE,2008-2015,0.06481454383703444,2.3632606222582782e-4
77,0.25,40,118,7880,TRUE,1985-1991,-0.01643375942043879,0.3528915240599627
77,0.25,40,118,7880,TRUE,1992-2001,0.014859504509482199,0.36067085912495506
77,0.25,40,118,7880,TRUE,2002-2007,0.11961629825653333,1.2959862428005354e-11
77,0.25,40,118,7880,TRUE,2008-2015,0.053656146025427995,0.0013240230185085386
78,0.25,40,118,7831,TRUE,1985-1991,-0.036416409066482344,0.03709919650187883
78,0.25,40,118,7831,TRUE,1992-2001,0.004889572504618314,0.7595316971818046
78,0.25,40,118,7831,TRUE,2002-2007,0.11178113377828293,1.761562972638568e-10
78,0.25,40,118,7831,TRUE,2008-2015,0.030779078606791757,0.06009232714606092
79,0.25,40,118,7901,TRUE,1985-1991,-0.009039917679921551,0.6340141153201502
79,0.25,40,118,7901,TRUE,1992-2001,0.0013166541251595967,0.9395107289598847
79,0.25,40,118,7901,TRUE,2002-2007,0.10637426083802196,1.9371321752236575e-8
79,0.25,40,118,7901,TRUE,2008-2015,0.042138653071696876,0.018731657120856362
80,0.25,40,118,7861,TRUE,1985-1991,-0.008092178068114199,0.6460680263485051
80,0.25,40,118,7861,TRUE,1992-2001,0.015615407831399102,0.32356848503099084
80,0.25,40,118,7861,TRUE,2002-2007,0.1174155970301841,1.7818766686231694e-11
80,0.25,40,118,7861,TRUE,2008-2015,0.041932271410776635,0.01126779596427361
81,0.25,40,118,7760,TRUE,1985-1991,-0.03658994955355365,0.05791369985968914
81,0.25,40,118,7760,TRUE,1992-2001,0.01333345372300268,0.4557079410726818
81,0.25,40,118,7760,TRUE,2002-2007,0.12481909844118858,8.861576259650699e-11
81,0.25,40,118,7760,TRUE,2008-2015,0.04896234916811346,0.007658247009536469
82,0.25,40,118,7724,TRUE,1985-1991,-0.0184267969243932,0.2917341231013003
82,0.25,40,118,7724,TRUE,1992-2001,0.013361362772100673,0.4012708433798124
82,0.25,40,118,7724,TRUE,2002-2007,0.11011430447076656,2.2622677320480162e-10
82,0.25,40,118,7724,TRUE,2008-2015,0.04794036668003032,0.003474523498202219
83,0.25,40,118,7751,TRUE,1985-1991,-0.013897745206871853,0.41377066020538267
83,0.25,40,118,7751,TRUE,1992-2001,0.02658826827652663,0.08206321557230231
83,0.25,40,118,7751,TRUE,2002-2007,0.1394606182800658,9.52027237152069e-17
83,0.25,40,118,7751,TRUE,2008-2015,0.0692658740445266,1.3221990422268974e-5
84,0.25,40,118,7798,TRUE,1985-1991,-0.020249640729424638,0.2541910745093784
84,0.25,40,118,7798,TRUE,1992-2001,0.02321852532666658,0.14713145220917914
84,0.25,40,118,7798,TRUE,2002-2007,0.136906903716524,7.84969865036311e-15
84,0.25,40,118,7798,TRUE,2008-2015,0.06309972727018584,1.2894851955527005e-4
85,0.25,40,118,7820,TRUE,1985-1991,-0.018132232613270148,0.34230682593087125
85,0.25,40,118,7820,TRUE,1992-2001,0.002242206421351294,0.8988801511601815
85,0.25,40,118,7820,TRUE,2002-2007,0.1246024356478268,7.928648799817808e-11
85,0.25,40,118,7820,TRUE,2008-2015,0.04600857292837677,0.011443572137255506
86,0.25,40,118,7864,TRUE,1985-1991,-0.02342336507494705,0.20232409197654902
86,0.25,40,118,7864,TRUE,1992-2001,0.016908013201351442,0.31442717407216797
86,0.25,40,118,7864,TRUE,2002-2007,0.12023730577260447,6.107076921837974e-11
86,0.25,40,118,7864,TRUE,2008-2015,0.05416591400419153,0.002073596366334722
87,0.25,40,118,7665,TRUE,1985-1991,-0.0393317689548116,0.02718806608815854
87,0.25,40,118,7665,TRUE,1992-2001,0.007997662276211792,0.6279536226122595
87,0.25,40,118,7665,TRUE,2002-2007,0.10984110245653597,7.043907647981337e-10
87,0.25,40,118,7665,TRUE,2008-2015,0.04035794254306358,0.017442500212662117
88,0.25,40,118,7817,TRUE,1985-1991,-0.029793256107597477,0.1068203762746561
88,0.25,40,118,7817,TRUE,1992-2001,0.014093054112967345,0.41075709483581746
88,0.25,40,118,7817,TRUE,2002-2007,0.11380795194567725,1.1153258022082253e-9
88,0.25,40,118,7817,TRUE,2008-2015,0.044282734757592604,0.012483531664154966
89,0.25,40,118,7784,TRUE,1985-1991,-0.024095963645056152,0.181274974658068
89,0.25,40,118,7784,TRUE,1992-2001,0.02686912237887923,0.10011079519280827
89,0.25,40,118,7784,TRUE,2002-2007,0.13282084265381078,1.452255734680753e-13
89,0.25,40,118,7784,TRUE,2008-2015,0.0556926776778961,9.064815107340139e-4
90,0.25,40,118,7839,TRUE,1985-1991,-0.04344455094945118,0.01680607338852236
90,0.25,40,118,7839,TRUE,1992-2001,0.015243209399561211,0.3591145917647883
90,0.25,40,118,7839,TRUE,2002-2007,0.14256310122492183,4.5656737023206734e-15
90,0.25,40,118,7839,TRUE,2008-2015,0.06724660946653244,8.028558846016679e-5
91,0.25,40,118,7917,TRUE,1985-1991,-0.015417764957840916,0.4071765578672575
91,0.25,40,118,7917,TRUE,1992-2001,0.021002537458824827,0.2121809165243351
91,0.25,40,118,7917,TRUE,2002-2007,0.13832850308304873,1.0167984892107539e-13
91,0.25,40,118,7917,TRUE,2008-2015,0.06880267693167721,1.0128029072581108e-4
92,0.25,40,118,7720,TRUE,1985-1991,-0.019755242277785558,0.29955057600815665
92,0.25,40,118,7720,TRUE,1992-2001,0.026459195908948102,0.13644577008192982
92,0.25,40,118,7720,TRUE,2002-2007,0.12698813773295697,3.1973732374434035e-11
92,0.25,40,118,7720,TRUE,2008-2015,0.06084373131891443,8.454350295912365e-4
93,0.25,40,118,7774,TRUE,1985-1991,-0.03749174793052094,0.03323789315200543
93,0.25,40,118,7774,TRUE,1992-2001,0.008092451441889026,0.6135581873594873
93,0.25,40,118,7774,TRUE,2002-2007,0.12018599305952749,5.848676769050851e-12
93,0.25,40,118,7774,TRUE,2008-2015,0.04211557748604095,0.011035305315970523
94,0.25,40,118,7830,TRUE,1985-1991,-0.026587701361283612,0.13576597454546702
94,0.25,40,118,7830,TRUE,1992-2001,0.017816418229737764,0.27734673891773376
94,0.25,40,118,7830,TRUE,2002-2007,0.13260268427696023,2.4125565938885027e-13
94,0.25,40,118,7830,TRUE,2008-2015,0.06808171331859586,6.344155117675111e-5
95,0.25,40,118,7809,TRUE,1985-1991,-0.024271302260846245,0.17231265548066174
95,0.25,40,118,7809,TRUE,1992-2001,0.019854508448295703,0.2263816006259155
95,0.25,40,118,7809,TRUE,2002-2007,0.12352456089508186,4.193058194709219e-12
95,0.25,40,118,7809,TRUE,2008-2015,0.05352286700406808,0.0016931542165659328
96,0.25,40,118,7744,TRUE,1985-1991,-0.008359089297004987,0.6678652505938358
96,0.25,40,118,7744,TRUE,1992-2001,0.03211074383593278,0.06535096731672867
96,0.25,40,118,7744,TRUE,2002-2007,0.12312777190010618,1.2246917791278706e-10
96,0.25,40,118,7744,TRUE,2008-2015,0.058165285721896914,0.0012072280557787936
97,0.25,40,118,7697,TRUE,1985-1991,-0.026376180872740858,0.13970552947056722
97,0.25,40,118,7697,TRUE,1992-2001,0.02527370259241684,0.11916963846937269
97,0.25,40,118,7697,TRUE,2002-2007,0.12579239527428895,1.956614554107797e-12
97,0.25,40,118,7697,TRUE,2008-2015,0.055210619960604744,9.719104328852817e-4
98,0.25,40,118,7690,TRUE,1985-1991,-0.0323186617683546,0.07686269528311461
98,0.25,40,118,7690,TRUE,1992-2001,0.0046239898469357735,0.784175488556418
98,0.25,40,118,7690,TRUE,2002-2007,0.14152017817709572,1.3084130573641936e-14
98,0.25,40,118,7690,TRUE,2008-2015,0.06102369508788244,4.379903471073252e-4
99,0.25,40,118,7817,TRUE,1985-1991,-0.017952315770268144,0.321046707048809
99,0.25,40,118,7817,TRUE,1992-2001,0.02287843870053559,0.17379009348997349
99,0.25,40,118,7817,TRUE,2002-2007,0.11770263335979417,1.0749814108964698e-10
99,0.25,40,118,7817,TRUE,2008-2015,0.05252582053747595,0.0023295868166141264
100,0.25,40,118,7877,TRUE,1985-1991,-0.03261512055514337,0.0723640482037086
100,0.25,40,118,7877,TRUE,1992-2001,0.009769062463491393,0.5576142993552744
100,0.25,40,118,7877,TRUE,2002-2007,0.12031304852268612,3.8605671596984014e-11
100,0.25,40,118,7877,TRUE,2008-2015,0.056730607306712685,0.0010751725350515605
101,0.25,40,118,7890,TRUE,1985-1991,-0.03017335820702458,0.09339360018219413
101,0.25,40,118,7890,TRUE,1992-2001,0.015648306952822082,0.33511013384886557
101,0.25,40,118,7890,TRUE,2002-2007,0.11871305682245137,2.9291263838721535e-11
101,0.25,40,118,7890,TRUE,2008-2015,0.054759725954854344,0.0013107666676773321
102,0.25,40,118,7775,TRUE,1985-1991,-0.037851952061827,0.03149604350174153
102,0.25,40,118,7775,TRUE,1992-2001,0.007835743915038773,0.6291800832289385
102,0.25,40,118,7775,TRUE,2002-2007,0.12000072207668108,1.4452120955062278e-11
102,0.25,40,118,7775,TRUE,2008-2015,0.049542619059988406,0.003098020901420092
103,0.25,40,118,7909,TRUE,1985-1991,-0.025295296066618008,0.16476428694408912
103,0.25,40,118,7909,TRUE,1992-2001,0.010139510225374574,0.5343731430640021
103,0.25,40,118,7909,TRUE,2002-2007,0.1333089311562718,1.7593258887097055e-13
103,0.25,40,118,7909,TRUE,2008-2015,0.06295964642484607,2.3859234619890088e-4
104,0.25,40,118,7956,TRUE,1985-1991,-0.04049400329826147,0.02365800695673958
104,0.25,40,118,7956,TRUE,1992-2001,0.0018543445524729224,0.9096357958278294
104,0.25,40,118,7956,TRUE,2002-2007,0.11954199164427048,2.950274899052243e-11
104,0.25,40,118,7956,TRUE,2008-2015,0.05500374768590477,0.001247441834964907
105,0.25,40,118,7775,TRUE,1985-1991,-0.024315914971829496,0.17925789124939234
105,0.25,40,118,7775,TRUE,1992-2001,0.015051617932901936,0.3649315634601802
105,0.25,40,118,7775,TRUE,2002-2007,0.12774080409196775,1.4506084450568568e-12
105,0.25,40,118,7775,TRUE,2008-2015,0.05379100276005154,0.0017172544192342269
106,0.25,40,118,7818,TRUE,1985-1991,-0.00938546210899757,0.5923456353176713
106,0.25,40,118,7818,TRUE,1992-2001,0.021324951333017546,0.17923984531860476
106,0.25,40,118,7818,TRUE,2002-2007,0.12341432007269182,2.1720347146661625e-12
106,0.25,40,118,7818,TRUE,2008-2015,0.05883551750060777,3.7534928986563695e-4
107,0.25,40,118,7769,TRUE,1985-1991,-0.01577388565080634,0.3871290782052098
107,0.25,40,118,7769,TRUE,1992-2001,0.02236004982848313,0.18128511284624296
107,0.25,40,118,7769,TRUE,2002-2007,0.11141403487871179,8.758538850688851e-10
107,0.25,40,118,7769,TRUE,2008-2015,0.05170100500140566,0.002677045860006485
108,0.25,40,118,7765,TRUE,1985-1991,-0.025492255111313335,0.1532739405836082
108,0.25,40,118,7765,TRUE,1992-2001,0.008478230574054463,0.6024516929245312
108,0.25,40,118,7765,TRUE,2002-2007,0.10816732857806122,1.2803299903747914e-9
108,0.25,40,118,7765,TRUE,2008-2015,0.04538824812504051,0.006735675133965407
109,0.25,40,118,7853,TRUE,1985-1991,-0.023948209264794115,0.18273785331382839
109,0.25,40,118,7853,TRUE,1992-2001,0.0272190105617727,0.09794884447729871
109,0.25,40,118,7853,TRUE,2002-2007,0.15306420259492298,2.7627920549243108e-17
109,0.25,40,118,7853,TRUE,2008-2015,0.06667481197849708,1.292610769266556e-4
110,0.25,40,118,7800,TRUE,1985-1991,-0.03943611190565279,0.02419765398470326
110,0.25,40,118,7800,TRUE,1992-2001,-0.005289111668752802,0.7398354957216291
110,0.25,40,118,7800,TRUE,2002-2007,0.10177779619607755,5.442480882331333e-9
110,0.25,40,118,7800,TRUE,2008-2015,0.03387283563975547,0.0412626755689839
111,0.25,40,118,7952,TRUE,1985-1991,-0.02666362462480483,0.11165316692638041
111,0.25,40,118,7952,TRUE,1992-2001,0.0023123299206828096,0.8776163043003284
111,0.25,40,118,7952,TRUE,2002-2007,0.11026058715686941,2.5958078645418218e-11
111,0.25,40,118,7952,TRUE,2008-2015,0.039259499194498435,0.011881294796682174
112,0.25,40,118,7828,TRUE,1985-1991,-0.009024632291466028,0.6220433942287703
112,0.25,40,118,7828,TRUE,1992-2001,0.009045698830262528,0.5881592254322302
112,0.25,40,118,7828,TRUE,2002-2007,0.10859129615300053,3.0105683775284055e-9
112,0.25,40,118,7828,TRUE,2008-2015,0.04844448129366628,0.004863439300453447
113,0.25,40,118,7788,TRUE,1985-1991,-0.03564829782834893,0.051354266046637224
113,0.25,40,118,7788,TRUE,1992-2001,0.011705684188920408,0.47697615839444607
113,0.25,40,118,7788,TRUE,2002-2007,0.1331434766536319,2.333857951017238e-13
113,0.25,40,118,7788,TRUE,2008-2015,0.06346770988102429,2.2277508270834368e-4
114,0.25,40,118,7720,TRUE,1985-1991,-0.018071776004267685,0.3196406558591859
114,0.25,40,118,7720,TRUE,1992-2001,0.026671299339684897,0.1026370805601773
114,0.25,40,118,7720,TRUE,2002-2007,0.1284051506167005,8.991174857261924e-13
114,0.25,40,118,7720,TRUE,2008-2015,0.06559113054576597,1.0651244372737746e-4
115,0.25,40,118,7896,TRUE,1985-1991,-0.03307898410308883,0.07895434737664571
115,0.25,40,118,7896,TRUE,1992-2001,0.0020864639628401516,0.9023539142365523
115,0.25,40,118,7896,TRUE,2002-2007,0.11982142626505335,1.6547750980518007e-10
115,0.25,40,118,7896,TRUE,2008-2015,0.060800058128536914,6.384497715687381e-4
116,0.25,40,118,7751,TRUE,1985-1991,-0.03617128256040016,0.039714292644038245
116,0.25,40,118,7751,TRUE,1992-2001,0.01506473907317065,0.35427068619186025
116,0.25,40,118,7751,TRUE,2002-2007,0.12234036851573979,3.988008390182379e-12
116,0.25,40,118,7751,TRUE,2008-2015,0.0532910916488901,0.001367405664815731
117,0.25,40,118,7749,TRUE,1985-1991,-0.007937013527148946,0.6416041953473328
117,0.25,40,118,7749,TRUE,1992-2001,0.01759042564151573,0.25698574379583766
117,0.25,40,118,7749,TRUE,2002-2007,0.11624174470616494,2.1697595563149486e-11
117,0.25,40,118,7749,TRUE,2008-2015,0.055364281917327673,5.342336555003707e-4
118,0.25,40,118,7931,TRUE,1985-1991,-0.03353176781866546,0.06616161232233851
118,0.25,40,118,7931,TRUE,1992-2001,0.0051407141294818395,0.7550836519278697
118,0.25,40,118,7931,TRUE,2002-2007,0.1153602368234529,2.0698399963768243e-10
118,0.25,40,118,7931,TRUE,2008-2015,0.0445456124806404,0.009729175490100328
119,0.25,40,118,7847,TRUE,1985-1991,-0.01884625634873613,0.28154422496651266
119,0.25,40,118,7847,TRUE,1992-2001,0.027301833736680527,0.08543418898918002
119,0.25,40,118,7847,TRUE,2002-2007,0.13526289560304422,5.822201460319274e-15
119,0.25,40,118,7847,TRUE,2008-2015,0.0648247574896024,9.137916265272474e-5
120,0.25,40,118,7819,TRUE,1985-1991,-0.026347333617627592,0.1483085446884894
120,0.25,40,118,7819,TRUE,1992-2001,0.011288596440754198,0.5051868766082476
120,0.25,40,118,7819,TRUE,2002-2007,0.11346610349950603,9.124699080236021e-10
120,0.25,40,118,7819,TRUE,2008-2015,0.054883845357497504,0.0017283266790835829
121,0.25,40,118,7873,TRUE,1985-1991,-0.03502635684062907,0.046892924865499314
121,0.25,40,118,7873,TRUE,1992-2001,0.006124352857527847,0.707213643281277
121,0.25,40,118,7873,TRUE,2002-2007,0.12884808933247566,3.7128943829651874e-13
121,0.25,40,118,7873,TRUE,2008-2015,0.04882794119945443,0.003562022564011831
122,0.25,40,118,7803,TRUE,1985-1991,-0.010685221544021888,0.551850960406986
122,0.25,40,118,7803,TRUE,1992-2001,0.024057001513947917,0.1436533114120828
122,0.25,40,118,7803,TRUE,2002-2007,0.13002099972082617,3.939242439421594e-13
122,0.25,40,118,7803,TRUE,2008-2015,0.05767582704279317,6.855465528720683e-4
123,0.25,40,118,7780,TRUE,1985-1991,-0.032122671859397114,0.0892701283856711
123,0.25,40,118,7780,TRUE,1992-2001,0.03082181414678882,0.07225600845240643
123,0.25,40,118,7780,TRUE,2002-2007,0.1456832400068196,1.6655135935542053e-14
123,0.25,40,118,7780,TRUE,2008-2015,0.0716776777435846,5.18774784251302e-5
124,0.25,40,118,7829,TRUE,1985-1991,-0.025852677553914453,0.14625693464525155
124,0.25,40,118,7829,TRUE,1992-2001,0.02203385602968199,0.17655807150109673
124,0.25,40,118,7829,TRUE,2002-2007,0.1281802834237512,5.863084339191612e-13
124,0.25,40,118,7829,TRUE,2008-2015,0.0553309176344735,0.0011494668030394256
125,0.25,40,118,7891,TRUE,1985-1991,-0.0266155237095827,0.14835619217721452
125,0.25,40,118,7891,TRUE,1992-2001,2.43095045293424e-4,0.9884622413883972
125,0.25,40,118,7891,TRUE,2002-2007,0.12883901469763845,2.189842706642545e-12
125,0.25,40,118,7891,TRUE,2008-2015,0.04010585077452215,0.021465473871753783
126,0.25,40,118,7850,TRUE,1985-1991,-0.030769755282153588,0.06834968371854318
126,0.25,40,118,7850,TRUE,1992-2001,0.013064121617301291,0.39270216008400494
126,0.25,40,118,7850,TRUE,2002-2007,0.12668391592249675,7.378239717314816e-14
126,0.25,40,118,7850,TRUE,2008-2015,0.0544059588756339,5.464992465442824e-4
127,0.25,40,118,7713,TRUE,1985-1991,-0.025205199841079568,0.15515053598659978
127,0.25,40,118,7713,TRUE,1992-2001,0.022336559757145834,0.16983193996154397
127,0.25,40,118,7713,TRUE,2002-2007,0.12894429846151442,3.5106332453183725e-13
127,0.25,40,118,7713,TRUE,2008-2015,0.05514545931500453,9.785214659673064e-4
128,0.25,40,118,7999,TRUE,1985-1991,-0.04339761511974191,0.02007603198011341
128,0.25,40,118,7999,TRUE,1992-2001,-0.005914753020416573,0.7265071045006579
128,0.25,40,118,7999,TRUE,2002-2007,0.11441808811437645,4.807999438532375e-10
128,0.25,40,118,7999,TRUE,2008-2015,0.04703801112818226,0.007063392862409219
129,0.25,40,118,7801,TRUE,1985-1991,-0.016275283530904044,0.3570279047421675
129,0.25,40,118,7801,TRUE,1992-2001,0.020583256550732953,0.1981899940084345
129,0.25,40,118,7801,TRUE,2002-2007,0.1382727192878883,3.7431784216980465e-15
129,0.25,40,118,7801,TRUE,2008-2015,0.06382245244821655,1.294144877334064e-4
130,0.25,40,118,7809,TRUE,1985-1991,-0.008961574568809718,0.6018515266339814
130,0.25,40,118,7809,TRUE,1992-2001,0.03474686917401515,0.024265976859814565
130,0.25,40,118,7809,TRUE,2002-2007,0.14575960869941235,4.064051425917291e-17
130,0.25,40,118,7809,TRUE,2008-2015,0.06279075938825918,8.625528616240561e-5
131,0.25,40,118,7792,TRUE,1985-1991,-0.025669677958674364,0.16077834609925418
131,0.25,40,118,7792,TRUE,1992-2001,0.0065854323429808195,0.6893009658325242
131,0.25,40,118,7792,TRUE,2002-2007,0.11685357630148932,1.7180140975361484e-10
131,0.25,40,118,7792,TRUE,2008-2015,0.05037392609836977,0.0034699812554395823
132,0.25,40,118,7821,TRUE,1985-1991,-0.029321346727405693,0.10138667008168123
132,0.25,40,118,7821,TRUE,1992-2001,0.03378139547125965,0.04071263932823082
132,0.25,40,118,7821,TRUE,2002-2007,0.1637049058874668,7.495387946037797e-20
132,0.25,40,118,7821,TRUE,2008-2015,0.07634631354727188,7.765299780103777e-6
133,0.25,40,118,7844,TRUE,1985-1991,-0.014879720320605598,0.4202019664202484
133,0.25,40,118,7844,TRUE,1992-2001,0.02693266254009604,0.10382622037253213
133,0.25,40,118,7844,TRUE,2002-2007,0.12403888401550976,1.3382381315403385e-11
133,0.25,40,118,7844,TRUE,2008-2015,0.07505127447338668,1.2746671808381214e-5
134,0.25,40,118,7768,TRUE,1985-1991,-0.014693499450776346,0.4446710883017023
134,0.25,40,118,7768,TRUE,1992-2001,0.018012827834025642,0.31374946965028805
134,0.25,40,118,7768,TRUE,2002-2007,0.11472955410109982,3.266263123111224e-9
134,0.25,40,118,7768,TRUE,2008-2015,0.04682946853688226,0.010534596204550889
135,0.25,40,118,7856,TRUE,1985-1991,-0.02767355550675042,0.10748283936915044
135,0.25,40,118,7856,TRUE,1992-2001,0.014553099865061616,0.34825521063712234
135,0.25,40,118,7856,TRUE,2002-2007,0.12704863084965723,1.3045451396796318e-13
135,0.25,40,118,7856,TRUE,2008-2015,0.059710201744977376,2.2989110212304008e-4
136,0.25,40,118,7903,TRUE,1985-1991,-0.027438894667034138,0.12042714625355527
136,0.25,40,118,7903,TRUE,1992-2001,0.017604528973318056,0.2781883588829837
136,0.25,40,118,7903,TRUE,2002-2007,0.13020453697183632,1.7035849962107066e-13
136,0.25,40,118,7903,TRUE,2008-2015,0.05185536788117556,0.0019512494862721933
137,0.25,40,118,7734,TRUE,1985-1991,-0.03771683991942918,0.042106816550983944
137,0.25,40,118,7734,TRUE,1992-2001,0.01741861997282681,0.3034579136109089
137,0.25,40,118,7734,TRUE,2002-2007,0.11801161633219379,1.4942368038016918e-10
137,0.25,40,118,7734,TRUE,2008-2015,0.052835170507031425,0.0027430596970274947
138,0.25,40,118,7748,TRUE,1985-1991,-0.02687804659935821,0.12614425298017654
138,0.25,40,118,7748,TRUE,1992-2001,0.007028634605984643,0.6616754077175612
138,0.25,40,118,7748,TRUE,2002-2007,0.12079583421287832,8.095419382627634e-12
138,0.25,40,118,7748,TRUE,2008-2015,0.057521944830221945,5.629706043937964e-4
139,0.25,40,118,7765,TRUE,1985-1991,-0.023009648337075677,0.17348863697772804
139,0.25,40,118,7765,TRUE,1992-2001,0.027072137575888843,0.07697557602839875
139,0.25,40,118,7765,TRUE,2002-2007,0.1240142418287825,1.9260139785456164e-13
139,0.25,40,118,7765,TRUE,2008-2015,0.05716731217744961,2.926587025110642e-4
140,0.25,40,118,7918,TRUE,1985-1991,-0.015432174714645386,0.38209233750607074
140,0.25,40,118,7918,TRUE,1992-2001,0.029011472672716407,0.07065047949914155
140,0.25,40,118,7918,TRUE,2002-2007,0.1416223400445434,1.1416186678050342e-15
140,0.25,40,118,7918,TRUE,2008-2015,0.06983871984281742,3.3053860099939516e-5
141,0.25,40,118,7842,TRUE,1985-1991,-0.02229000330790053,0.18824519832807865
141,0.25,40,118,7842,TRUE,1992-2001,0.014433114577363276,0.3562096165543071
141,0.25,40,118,7842,TRUE,2002-2007,0.11837127409281521,3.595978697330214e-12
141,0.25,40,118,7842,TRUE,2008-2015,0.041717325163749874,0.009307523241550058
142,0.25,40,118,7712,TRUE,1985-1991,-0.037726165669426846,0.037070078974160973
142,0.25,40,118,7712,TRUE,1992-2001,0.012488986218855504,0.4502654730151121
142,0.25,40,118,7712,TRUE,2002-2007,0.1407131539346722,7.0155904748003346e-15
142,0.25,40,118,7712,TRUE,2008-2015,0.06680289871902892,8.366209880979346e-5
143,0.25,40,118,7747,TRUE,1985-1991,-0.026986488696596665,0.13264241970833757
143,0.25,40,118,7747,TRUE,1992-2001,0.025089651446308044,0.12012689248468612
143,0.25,40,118,7747,TRUE,2002-2007,0.1419601179491038,1.6101664414280232e-15
143,0.25,40,118,7747,TRUE,2008-2015,0.06516499876541765,1.070277702727133e-4
144,0.25,40,118,7698,TRUE,1985-1991,-0.02654940661775539,0.1223253216839446
144,0.25,40,118,7698,TRUE,1992-2001,0.018232109500471366,0.2381237577330007
144,0.25,40,118,7698,TRUE,2002-2007,0.13982781501131641,2.677538443544234e-16
144,0.25,40,118,7698,TRUE,2008-2015,0.0609911281863159,1.3019744210568702e-4
145,0.25,40,118,7837,TRUE,1985-1991,-0.020102031738991177,0.2719996606607662
145,0.25,40,118,7837,TRUE,1992-2001,0.0063570142083965026,0.7030989491876719
145,0.25,40,118,7837,TRUE,2002-2007,0.11682517062095797,1.8353553689312498e-10
145,0.25,40,118,7837,TRUE,2008-2015,0.047154891523028944,0.00607508237697739
146,0.25,40,118,7798,TRUE,1985-1991,-0.02005071407335546,0.2506412804378633
146,0.25,40,118,7798,TRUE,1992-2001,0.0113762887157124,0.47383847341125923
146,0.25,40,118,7798,TRUE,2002-2007,0.12854684100152125,1.3739577940865177e-13
146,0.25,40,118,7798,TRUE,2008-2015,0.059066790251337556,3.1520619450008786e-4
147,0.25,40,118,7866,TRUE,1985-1991,-0.03802266431984947,0.036491418707518875
147,0.25,40,118,7866,TRUE,1992-2001,-0.0065250800572919515,0.6964337745384643
147,0.25,40,118,7866,TRUE,2002-2007,0.12282738749499819,1.3305721481166829e-11
147,0.25,40,118,7866,TRUE,2008-2015,0.04738542390235633,0.005687943594874769
148,0.25,40,118,7630,TRUE,1985-1991,-0.012358811365245052,0.47427805782188454
148,0.25,40,118,7630,TRUE,1992-2001,0.024094490256894766,0.12124874626201851
148,0.25,40,118,7630,TRUE,2002-2007,0.15054422900771175,2.4737348057049176e-18
148,0.25,40,118,7630,TRUE,2008-2015,0.078902836239047,9.470509302349904e-7
149,0.25,40,118,7817,TRUE,1985-1991,-0.027708719488199602,0.10769400915066578
149,0.25,40,118,7817,TRUE,1992-2001,0.008904356882985538,0.5704541696884267
149,0.25,40,118,7817,TRUE,2002-2007,0.11990493351751576,3.650933639267735e-12
149,0.25,40,118,7817,TRUE,2008-2015,0.047469910248117794,0.0035697957734174587
150,0.25,40,118,7834,TRUE,1985-1991,-0.038858283805571166,0.03796735763605362
150,0.25,40,118,7834,TRUE,1992-2001,0.009580194268872438,0.5792691416905872
150,0.25,40,118,7834,TRUE,2002-2007,0.11362972412019384,1.31403674567032e-9
150,0.25,40,118,7834,TRUE,2008-2015,0.03211539315110739,0.07016286509875767
151,0.25,40,118,7901,TRUE,1985-1991,-0.02278984913805932,0.20424634988299947
151,0.25,40,118,7901,TRUE,1992-2001,0.012563874927187291,0.43918547072047176
151,0.25,40,118,7901,TRUE,2002-2007,0.12108797968852875,8.575001364022864e-12
151,0.25,40,118,7901,TRUE,2008-2015,0.05580986755242466,0.0010359411670724209
152,0.25,40,118,7834,TRUE,1985-1991,-0.007451922603109362,0.690281801141235
152,0.25,40,118,7834,TRUE,1992-2001,0.015311861791904361,0.37608977013936035
152,0.25,40,118,7834,TRUE,2002-2007,0.10907517563342549,7.761442762125863e-9
152,0.25,40,118,7834,TRUE,2008-2015,0.05141395351712355,0.003994906784510496
153,0.25,40,118,7769,TRUE,1985-1991,-0.03861420432384838,0.031166785243215363
153,0.25,40,118,7769,TRUE,1992-2001,0.008299670969584533,0.6093970249897505
153,0.25,40,118,7769,TRUE,2002-2007,0.12550894426368076,9.995150444311505e-13
153,0.25,40,118,7769,TRUE,2008-2015,0.052868644438533174,0.0014774181976891254
154,0.25,40,118,7835,TRUE,1985-1991,-0.0358362319640968,0.0372122722095221
154,0.25,40,118,7835,TRUE,1992-2001,0.015435217455184676,0.3269857111699592
154,0.25,40,118,7835,TRUE,2002-2007,0.128076893178741,9.576537556651971e-14
154,0.25,40,118,7835,TRUE,2008-2015,0.05670384858717871,4.8490969932163803e-4
155,0.25,40,118,7787,TRUE,1985-1991,-0.033564762550457164,0.08001997365426232
155,0.25,40,118,7787,TRUE,1992-2001,0.015561442816278984,0.37672308281776723
155,0.25,40,118,7787,TRUE,2002-2007,0.11392327051339819,2.7224424986998097e-9
155,0.25,40,118,7787,TRUE,2008-2015,0.03785779611542783,0.0381573886878167
156,0.25,40,118,7841,TRUE,1985-1991,-0.040575643534268006,0.025130000781639836
156,0.25,40,118,7841,TRUE,1992-2001,-0.012139320158653884,0.4649051278177101
156,0.25,40,118,7841,TRUE,2002-2007,0.1012022541135004,2.5614574715619135e-8
156,0.25,40,118,7841,TRUE,2008-2015,0.015294835244554043,0.37324533756384565
157,0.25,40,118,7698,TRUE,1985-1991,-0.04032766611583083,0.02659712821491423
157,0.25,40,118,7698,TRUE,1992-2001,0.007384088138902886,0.6550096657918747
157,0.25,40,118,7698,TRUE,2002-2007,0.10445170936684053,6.510368268615766e-9
157,0.25,40,118,7698,TRUE,2008-2015,0.03829587407310299,0.02514875351498476
158,0.25,40,118,7644,TRUE,1985-1991,-0.04374806690367457,0.021670364702620282
158,0.25,40,118,7644,TRUE,1992-2001,-7.055166158394244e-5,0.996731472957817
158,0.25,40,118,7644,TRUE,2002-2007,0.125712176374641,3.571896085951779e-11
158,0.25,40,118,7644,TRUE,2008-2015,0.04937295970472798,0.005091148965945539
159,0.25,40,118,7724,TRUE,1985-1991,-0.03844422205083941,0.04341424962065098
159,0.25,40,118,7724,TRUE,1992-2001,0.01072144481594052,0.5392594807430657
159,0.25,40,118,7724,TRUE,2002-2007,0.11712797445295517,8.636048779807101e-10
159,0.25,40,118,7724,TRUE,2008-2015,0.03876028414709521,0.030381046759330912
160,0.25,40,118,7857,TRUE,1985-1991,-0.02204456361681169,0.2431238551905057
160,0.25,40,118,7857,TRUE,1992-2001,0.023512213246490925,0.1846645699942644
160,0.25,40,118,7857,TRUE,2002-2007,0.1365670313636657,1.6535901972946589e-12
160,0.25,40,118,7857,TRUE,2008-2015,0.059455943585083174,0.0012162443468399845
161,0.25,40,118,7716,TRUE,1985-1991,-0.012541223906499692,0.4652765207094557
161,0.25,40,118,7716,TRUE,1992-2001,0.029431324841890524,0.05854320483022567
161,0.25,40,118,7716,TRUE,2002-2007,0.13944543559111353,4.3201942390560116e-16
161,0.25,40,118,7716,TRUE,2008-2015,0.0727159895860649,5.4220320872856e-6
162,0.25,40,118,7786,TRUE,1985-1991,-0.027734250436737846,0.10980189067059676
162,0.25,40,118,7786,TRUE,1992-2001,0.0073136206146906,0.6441673775441978
162,0.25,40,118,7786,TRUE,2002-2007,0.12808043318972295,1.2834350108032654e-13
162,0.25,40,118,7786,TRUE,2008-2015,0.05942516217578993,2.594038329885842e-4
163,0.25,40,118,7870,TRUE,1985-1991,-0.01688000805494219,0.3493591090094957
163,0.25,40,118,7870,TRUE,1992-2001,0.017137118301799897,0.2989818715946708
163,0.25,40,118,7870,TRUE,2002-2007,0.12469368276220294,4.7145424056125e-12
163,0.25,40,118,7870,TRUE,2008-2015,0.048517560023649375,0.004216963379508298
164,0.25,40,118,7846,TRUE,1985-1991,-0.005323855531170918,0.7831417836920099
164,0.25,40,118,7846,TRUE,1992-2001,0.005610265664209487,0.7493739520049854
164,0.25,40,118,7846,TRUE,2002-2007,0.11307518744121713,3.6798254679435487e-9
164,0.25,40,118,7846,TRUE,2008-2015,0.054039656511598345,0.003160970120228525
165,0.25,40,118,7706,TRUE,1985-1991,-0.041195732520386746,0.03199568204570559
165,0.25,40,118,7706,TRUE,1992-2001,-0.006912617790824582,0.6983521014545049
165,0.25,40,118,7706,TRUE,2002-2007,0.10567578567197117,4.6964877192082e-8
165,0.25,40,118,7706,TRUE,2008-2015,0.03501560966694933,0.05805102880237459
166,0.25,40,118,7884,TRUE,1985-1991,-0.033128951704497964,0.0659362761292963
166,0.25,40,118,7884,TRUE,1992-2001,0.004081717501633941,0.8056660988918951
166,0.25,40,118,7884,TRUE,2002-2007,0.11665489574702444,1.295456907201789e-10
166,0.25,40,118,7884,TRUE,2008-2015,0.0412860799768424,0.016227363461000188
167,0.25,40,118,7828,TRUE,1985-1991,-0.01948170922258328,0.2871930037289582
167,0.25,40,118,7828,TRUE,1992-2001,0.02213124990669944,0.18636814430765217
167,0.25,40,118,7828,TRUE,2002-2007,0.12660616004996422,4.139997919095848e-12
167,0.25,40,118,7828,TRUE,2008-2015,0.05935126597447417,6.336189934198548e-4
168,0.25,40,118,7910,TRUE,1985-1991,-0.030726003312723293,0.09293608542227927
168,0.25,40,118,7910,TRUE,1992-2001,-0.0028503115755052592,0.8637505351576202
168,0.25,40,118,7910,TRUE,2002-2007,0.11006899521387459,1.2726324797534459e-9
168,0.25,40,118,7910,TRUE,2008-2015,0.038434226435977825,0.025289444881147913
169,0.25,40,118,7797,TRUE,1985-1991,-0.01789895512186778,0.32672601264057516
169,0.25,40,118,7797,TRUE,1992-2001,0.016406401193270193,0.32802826083700365
169,0.25,40,118,7797,TRUE,2002-2007,0.11225634299397108,5.67567042981006e-10
169,0.25,40,118,7797,TRUE,2008-2015,0.047651848368126935,0.0059449254999653905
170,0.25,40,118,7713,TRUE,1985-1991,-0.02181803375831817,0.2370682448541851
170,0.25,40,118,7713,TRUE,1992-2001,0.021019491276818996,0.21567462283023184
170,0.25,40,118,7713,TRUE,2002-2007,0.12730443944907152,1.2601484216975179e-11
170,0.25,40,118,7713,TRUE,2008-2015,0.05771245604146809,8.733192097479109e-4
171,0.25,40,118,7724,TRUE,1985-1991,-0.04408797099462949,0.01776446586109043
171,0.25,40,118,7724,TRUE,1992-2001,0.009805381082765456,0.5696574704472732
171,0.25,40,118,7724,TRUE,2002-2007,0.12690206958562117,1.1313843737746268e-11
171,0.25,40,118,7724,TRUE,2008-2015,0.05355924639798477,0.0024457836632076845
172,0.25,40,118,7835,TRUE,1985-1991,-0.01684761772589206,0.33333556943423753
172,0.25,40,118,7835,TRUE,1992-2001,0.01291096224919027,0.42010759250435076
172,0.25,40,118,7835,TRUE,2002-2007,0.1131448592876483,8.52720681828848e-11
172,0.25,40,118,7835,TRUE,2008-2015,0.04598066245145009,0.005427749961413507
173,0.25,40,118,7772,TRUE,1985-1991,-0.025438984092648973,0.18163340836258307
173,0.25,40,118,7772,TRUE,1992-2001,0.01780947166702077,0.3030480771226413
173,0.25,40,118,7772,TRUE,2002-2007,0.13681706529430912,4.122740725272028e-13
173,0.25,40,118,7772,TRUE,2008-2015,0.06717600368366937,1.6034648329434932e-4
174,0.25,40,118,7752,TRUE,1985-1991,-0.02345069437351761,0.1882465145936293
174,0.25,40,118,7752,TRUE,1992-2001,0.006379015288117382,0.6953134324965533
174,0.25,40,118,7752,TRUE,2002-2007,0.11103666260290816,3.503434248096731e-10
174,0.25,40,118,7752,TRUE,2008-2015,0.04018487097304363,0.016480664142909822
175,0.25,40,118,7843,TRUE,1985-1991,-0.04487991511611317,0.013493286571182381
175,0.25,40,118,7843,TRUE,1992-2001,0.0016677190520995103,0.9200392059289123
175,0.25,40,118,7843,TRUE,2002-2007,0.11194891731984394,6.915424302883154e-10
175,0.25,40,118,7843,TRUE,2008-2015,0.05302155773943895,0.0019157632562523087
176,0.25,40,118,7859,TRUE,1985-1991,-0.015970500924498785,0.3812380446806049
176,0.25,40,118,7859,TRUE,1992-2001,0.01644435856541637,0.32417443206743374
176,0.25,40,118,7859,TRUE,2002-2007,0.12506729984390527,5.0950151503874116e-12
176,0.25,40,118,7859,TRUE,2008-2015,0.0581516219817811,9.046087626125393e-4
177,0.25,40,118,7755,TRUE,1985-1991,-0.010755355000603022,0.5672857015180758
177,0.25,40,118,7755,TRUE,1992-2001,0.00848820085742625,0.6187462557892291
177,0.25,40,118,7755,TRUE,2002-2007,0.11018601717599928,2.6031326651978625e-9
177,0.25,40,118,7755,TRUE,2008-2015,0.053611283621827335,0.002552295661233506
178,0.25,40,118,7940,TRUE,1985-1991,-0.021541526194877533,0.21480334959844422
178,0.25,40,118,7940,TRUE,1992-2001,0.03105721278982238,0.04917452465740273
178,0.25,40,118,7940,TRUE,2002-2007,0.14713697371363504,3.5327202681973106e-17
178,0.25,40,118,7940,TRUE,2008-2015,0.07175069898063083,1.0993538310018233e-5
179,0.25,40,118,7770,TRUE,1985-1991,-0.0407092487450185,0.021961341702002223
179,0.25,40,118,7770,TRUE,1992-2001,7.280010013927182e-4,0.963867167877035
179,0.25,40,118,7770,TRUE,2002-2007,0.11851479919781172,1.1830921291616794e-11
179,0.25,40,118,7770,TRUE,2008-2015,0.05054433271205203,0.002659665685906658
180,0.25,40,118,7732,TRUE,1985-1991,-0.0018362972705070597,0.9176465209620168
180,0.25,40,118,7732,TRUE,1992-2001,0.029687893275993162,0.06311843794316763
180,0.25,40,118,7732,TRUE,2002-2007,0.1193991065070429,9.827641293295207e-12
180,0.25,40,118,7732,TRUE,2008-2015,0.05969814682351779,3.1615859688736276e-4
181,0.25,40,118,7896,TRUE,1985-1991,-0.042788837479884004,0.019926503514538257
181,0.25,40,118,7896,TRUE,1992-2001,0.007830921470154677,0.6431689621452585
181,0.25,40,118,7896,TRUE,2002-2007,0.12841301887728612,2.5426813107768654e-12
181,0.25,40,118,7896,TRUE,2008-2015,0.050132239240901474,0.004029057791141753
182,0.25,40,118,7854,TRUE,1985-1991,-0.03307781259736066,0.07362924971587781
182,0.25,40,118,7854,TRUE,1992-2001,0.01028327191398655,0.5364798960368531
182,0.25,40,118,7854,TRUE,2002-2007,0.12079399984073148,2.220718185417351e-11
182,0.25,40,118,7854,TRUE,2008-2015,0.04814263937612166,0.005233546535784452
183,0.25,40,118,7785,TRUE,1985-1991,-0.033244109370020515,0.08524246431609439
183,0.25,40,118,7785,TRUE,1992-2001,0.008100759132305346,0.6495511337174642
183,0.25,40,118,7785,TRUE,2002-2007,0.11588912372870222,1.7489976413687131e-9
183,0.25,40,118,7785,TRUE,2008-2015,0.042841467427563694,0.018943377628577302
184,0.25,40,118,7660,TRUE,1985-1991,-0.02158780424813356,0.2101030678914722
184,0.25,40,118,7660,TRUE,1992-2001,0.008739311958798957,0.5753847837912212
184,0.25,40,118,7660,TRUE,2002-2007,0.10402357121575087,1.2844674596068835e-9
184,0.25,40,118,7660,TRUE,2008-2015,0.04538792670471442,0.0048333024193923345
185,0.25,40,118,7760,TRUE,1985-1991,-0.03131847099647739,0.06617919834874177
185,0.25,40,118,7760,TRUE,1992-2001,0.007379546653251301,0.6325572430129026
185,0.25,40,118,7760,TRUE,2002-2007,0.11915739345044529,1.526913414345681e-12
185,0.25,40,118,7760,TRUE,2008-2015,0.049078233939735844,0.0020694846231139644
186,0.25,40,118,7885,TRUE,1985-1991,-0.018706379655668987,0.31094777935662726
186,0.25,40,118,7885,TRUE,1992-2001,0.00568773604897331,0.7348962803345837
186,0.25,40,118,7885,TRUE,2002-2007,0.11839480023459434,1.0045436224381966e-10
186,0.25,40,118,7885,TRUE,2008-2015,0.0424031733268383,0.015065583251396997
187,0.25,40,118,7817,TRUE,1985-1991,-0.03436616443727193,0.059142354286703544
187,0.25,40,118,7817,TRUE,1992-2001,0.01252576852344365,0.4509147125455439
187,0.25,40,118,7817,TRUE,2002-2007,0.12770013356118215,1.574930288731859e-12
187,0.25,40,118,7817,TRUE,2008-2015,0.050316733163677144,0.0035605295165442503
188,0.25,40,118,7958,TRUE,1985-1991,-0.03587068816870734,0.04561948691849539
188,0.25,40,118,7958,TRUE,1992-2001,0.005383319264551427,0.7381925861729458
188,0.25,40,118,7958,TRUE,2002-2007,0.12274505513342585,5.0341740362295754e-12
188,0.25,40,118,7958,TRUE,2008-2015,0.04987051825102494,0.003130723887231908
189,0.25,40,118,7860,TRUE,1985-1991,-0.027684121339824643,0.10597160226701903
189,0.25,40,118,7860,TRUE,1992-2001,0.008806215746193963,0.5763668846069046
189,0.25,40,118,7860,TRUE,2002-2007,0.12946888723457273,4.4685054009081074e-14
189,0.25,40,118,7860,TRUE,2008-2015,0.053342732516882096,9.304016277785861e-4
190,0.25,40,118,7783,TRUE,1985-1991,-0.008542114667201492,0.6587386013042322
190,0.25,40,118,7783,TRUE,1992-2001,0.0058011730469111,0.7435895361493259
190,0.25,40,118,7783,TRUE,2002-2007,0.11064132239419333,8.38451609393115e-9
190,0.25,40,118,7783,TRUE,2008-2015,0.042976877107324736,0.019222211603817898
191,0.25,40,118,7825,TRUE,1985-1991,-0.02257680591155806,0.18622014710217505
191,0.25,40,118,7825,TRUE,1992-2001,0.012178689036070157,0.42936251224895233
191,0.25,40,118,7825,TRUE,2002-2007,0.12836092833813811,4.037432824357475e-14
191,0.25,40,118,7825,TRUE,2008-2015,0.05215687720406262,0.001137659989622016
192,0.25,40,118,7935,TRUE,1985-1991,-0.012124561870958086,0.5029810981171492
192,0.25,40,118,7935,TRUE,1992-2001,0.014871375959320456,0.3662432330969753
192,0.25,40,118,7935,TRUE,2002-2007,0.11935979965376026,3.815357763240847e-11
192,0.25,40,118,7935,TRUE,2008-2015,0.04178200305389948,0.014075814276658521
193,0.25,40,118,7841,TRUE,1985-1991,-0.034844437288662274,0.07210261773824178
193,0.25,40,118,7841,TRUE,1992-2001,0.012893464578014935,0.4682145360256177
193,0.25,40,118,7841,TRUE,2002-2007,0.14041727629393058,3.910394325801136e-13
193,0.25,40,118,7841,TRUE,2008-2015,0.06142048053365911,8.112109160429143e-4
194,0.25,40,118,7860,TRUE,1985-1991,-0.019808756317560156,0.26919310983196915
194,0.25,40,118,7860,TRUE,1992-2001,0.013890905616772642,0.3867250710149638
194,0.25,40,118,7860,TRUE,2002-2007,0.11148083031401143,3.088379024517652e-10
194,0.25,40,118,7860,TRUE,2008-2015,0.04628434448788177,0.006521441095307654
195,0.25,40,118,7851,TRUE,1985-1991,-0.033616969165245585,0.05942203996455342
195,0.25,40,118,7851,TRUE,1992-2001,-0.001974125915018783,0.9039190066346592
195,0.25,40,118,7851,TRUE,2002-2007,0.11041234199779462,5.668409790074425e-10
195,0.25,40,118,7851,TRUE,2008-2015,0.04650696292936706,0.005869743690327886
196,0.25,40,118,7835,TRUE,1985-1991,-0.02485908892785213,0.18470886904881198
196,0.25,40,118,7835,TRUE,1992-2001,0.010086135335457456,0.559039995240492
196,0.25,40,118,7835,TRUE,2002-2007,0.11554422436265413,1.0267223101947953e-9
196,0.25,40,118,7835,TRUE,2008-2015,0.054494756785132395,0.0022015468994243683
197,0.25,40,118,7698,TRUE,1985-1991,-0.02628848923978361,0.14171517610935383
197,0.25,40,118,7698,TRUE,1992-2001,0.024700332106062897,0.1307152046160853
197,0.25,40,118,7698,TRUE,2002-2007,0.12330896695813207,3.9519195776852784e-12
197,0.25,40,118,7698,TRUE,2008-2015,0.05082150575021757,0.0025341224681325624
198,0.25,40,118,7761,TRUE,1985-1991,-0.031167643639581712,0.08382853274509183
198,0.25,40,118,7761,TRUE,1992-2001,0.016817258561513036,0.307474555569108
198,0.25,40,118,7761,TRUE,2002-2007,0.11445110843042275,2.633907284437022e-10
198,0.25,40,118,7761,TRUE,2008-2015,0.044580229275311176,0.008878431131494313
199,0.25,40,118,7835,TRUE,1985-1991,-0.021658877822729662,0.21980007009670036
199,0.25,40,118,7835,TRUE,1992-2001,0.014917367578052974,0.3534283462245621
199,0.25,40,118,7835,TRUE,2002-2007,0.125397057240035,1.6337699181431113e-12
199,0.25,40,118,7835,TRUE,2008-2015,0.05328263647224906,0.0012955655130622032
200,0.25,40,118,7899,TRUE,1985-1991,-0.003427454121243422,0.8476462962433495
200,0.25,40,118,7899,TRUE,1992-2001,0.01803890010994286,0.2590366425101413
200,0.25,40,118,7899,TRUE,2002-2007,0.12737961921456967,5.635436845983348e-13
200,0.25,40,118,7899,TRUE,2008-2015,0.056027194126876095,8.49846326504691e-4
201,0.25,40,118,7809,TRUE,1985-1991,-0.03099284416115937,0.07627653867730318
201,0.25,40,118,7809,TRUE,1992-2001,0.008010173914869897,0.6151024634144493
201,0.25,40,118,7809,TRUE,2002-2007,0.12038136034708417,4.12871659034066e-12
201,0.25,40,118,7809,TRUE,2008-2015,0.04680696420580571,0.004336693491840721
202,0.25,40,118,7953,TRUE,1985-1991,-0.012158299927403195,0.49102598765794214
202,0.25,40,118,7953,TRUE,1992-2001,0.019867651749834687,0.2158413658641893
202,0.25,40,118,7953,TRUE,2002-2007,0.13767185983293542,7.933160930000304e-15
202,0.25,40,118,7953,TRUE,2008-2015,0.05969123768966285,3.8797576615861787e-4
203,0.25,40,118,7912,TRUE,1985-1991,-0.01800880240500599,0.32559893714737026
203,0.25,40,118,7912,TRUE,1992-2001,0.011473439294675938,0.49367677667286863
203,0.25,40,118,7912,TRUE,2002-2007,0.1134120128237101,5.330977417777103e-10
203,0.25,40,118,7912,TRUE,2008-2015,0.04554340739409318,0.008913315217521143
204,0.25,40,118,7964,TRUE,1985-1991,-0.012135322461307985,0.5206449628368959
204,0.25,40,118,7964,TRUE,1992-2001,0.012549864703506265,0.4675283956155674
204,0.25,40,118,7964,TRUE,2002-2007,0.11188264811685143,2.487988558369467e-9
204,0.25,40,118,7964,TRUE,2008-2015,0.045842429452311,0.01186142852046492
205,0.25,40,118,7847,TRUE,1985-1991,-0.034108216301950905,0.06259085816498126
205,0.25,40,118,7847,TRUE,1992-2001,0.0030684167669239176,0.8542509758526479
205,0.25,40,118,7847,TRUE,2002-2007,0.1023521227164986,2.2458821295254475e-8
205,0.25,40,118,7847,TRUE,2008-2015,0.035891460681383866,0.03976788602215198
206,0.25,40,118,7829,TRUE,1985-1991,-0.03434829761064049,0.06553946716890202
206,0.25,40,118,7829,TRUE,1992-2001,-0.0020100205155492365,0.9064903638475219
206,0.25,40,118,7829,TRUE,2002-2007,0.10820271025951184,7.164207348155306e-9
206,0.25,40,118,7829,TRUE,2008-2015,0.04292878697827018,0.01681829273608661
207,0.25,40,118,7804,TRUE,1985-1991,-0.03606272188250295,0.037191164801515755
207,0.25,40,118,7804,TRUE,1992-2001,0.013278241413230772,0.3977223686827382
207,0.25,40,118,7804,TRUE,2002-2007,0.11695299105364679,1.2189303327844604e-11
207,0.25,40,118,7804,TRUE,2008-2015,0.04511874719627709,0.0054937105390018975
208,0.25,40,118,7888,TRUE,1985-1991,-0.02810773422303272,0.13622683079166806
208,0.25,40,118,7888,TRUE,1992-2001,0.01634213264201599,0.3411992128716784
208,0.25,40,118,7888,TRUE,2002-2007,0.14010792996261848,7.198957611075653e-14
208,0.25,40,118,7888,TRUE,2008-2015,0.06022803018279579,5.584655380841437e-4
209,0.25,40,118,7769,TRUE,1985-1991,-0.023335615652984677,0.1833584381446904
209,0.25,40,118,7769,TRUE,1992-2001,0.02452959466958092,0.1267661354751319
209,0.25,40,118,7769,TRUE,2002-2007,0.12210974631132468,4.951268719541882e-12
209,0.25,40,118,7769,TRUE,2008-2015,0.058314710910920976,4.079267134289764e-4
210,0.25,40,118,7895,TRUE,1985-1991,-0.03468115558900271,0.0705926346695454
210,0.25,40,118,7895,TRUE,1992-2001,-0.008837487902904312,0.6100864617952271
210,0.25,40,118,7895,TRUE,2002-2007,0.10525134885547931,3.162516842534569e-8
210,0.25,40,118,7895,TRUE,2008-2015,0.03287908994159458,0.07315768571944956
211,0.25,40,118,7653,TRUE,1985-1991,-0.011203612118908976,0.5238020835100113
211,0.25,40,118,7653,TRUE,1992-2001,0.02766479691226345,0.08428803497095258
211,0.25,40,118,7653,TRUE,2002-2007,0.13521035962338546,1.8139679596696667e-14
211,0.25,40,118,7653,TRUE,2008-2015,0.07148375209723577,1.52913892481846e-5
212,0.25,40,118,7841,TRUE,1985-1991,-0.03813174900866314,0.03513353372285915
212,0.25,40,118,7841,TRUE,1992-2001,0.0028140036508815316,0.8641180401143322
212,0.25,40,118,7841,TRUE,2002-2007,0.1239925152888931,6.583511970928062e-12
212,0.25,40,118,7841,TRUE,2008-2015,0.042217750968890515,0.013371634506027482
213,0.25,40,118,7959,TRUE,1985-1991,-0.017028183349225786,0.31675407973189684
213,0.25,40,118,7959,TRUE,1992-2001,0.01887637725366244,0.21173102345429734
213,0.25,40,118,7959,TRUE,2002-2007,0.1189292323751362,1.827939138024461e-12
213,0.25,40,118,7959,TRUE,2008-2015,0.052756277314246744,7.890502639605324e-4
214,0.25,40,118,7852,TRUE,1985-1991,-0.030479783009976894,0.06561012285869285
214,0.25,40,118,7852,TRUE,1992-2001,0.011017502054154252,0.4519924823495934
214,0.25,40,118,7852,TRUE,2002-2007,0.13705356278192668,3.460636209629773e-17
214,0.25,40,118,7852,TRUE,2008-2015,0.06151874112527647,5.86877899471644e-5
215,0.25,40,118,7803,TRUE,1985-1991,-0.026466276199516137,0.14161587091426941
215,0.25,40,118,7803,TRUE,1992-2001,0.01166914160468651,0.4761839102775442
215,0.25,40,118,7803,TRUE,2002-2007,0.1188476191733468,1.8099579677669303e-11
215,0.25,40,118,7803,TRUE,2008-2015,0.054089744507122436,0.0013758877514871183
216,0.25,40,118,7843,TRUE,1985-1991,-0.04563038082191687,0.012059737696359997
216,0.25,40,118,7843,TRUE,1992-2001,-0.007633915477314776,0.6480971832895873
216,0.25,40,118,7843,TRUE,2002-2007,0.10548055135134402,7.507991190402907e-9
216,0.25,40,118,7843,TRUE,2008-2015,0.03747365088643354,0.02890191391484928
217,0.25,40,118,7797,TRUE,1985-1991,-0.017341551529088745,0.34443840999679787
217,0.25,40,118,7797,TRUE,1992-2001,0.013066456826144154,0.43760023156479344
217,0.25,40,118,7797,TRUE,2002-2007,0.12304456552293157,1.1803902015723223e-11
217,0.25,40,118,7797,TRUE,2008-2015,0.050956126182433045,0.0032759878129750616
218,0.25,40,118,7907,TRUE,1985-1991,-0.020818370283595823,0.23682390743700282
218,0.25,40,118,7907,TRUE,1992-2001,0.019303521400935747,0.23014234131385738
218,0.25,40,118,7907,TRUE,2002-2007,0.12426498829573782,1.5342303855645866e-12
218,0.25,40,118,7907,TRUE,2008-2015,0.062158412547212834,2.544361320343041e-4
219,0.25,40,118,7729,TRUE,1985-1991,-0.01640137666369721,0.34084646566746707
219,0.25,40,118,7729,TRUE,1992-2001,0.02359249389987987,0.13158491247835716
219,0.25,40,118,7729,TRUE,2002-2007,0.12528702089188049,2.5940500332491825e-13
219,0.25,40,118,7729,TRUE,2008-2015,0.047546075010903695,0.0033497689689359848
220,0.25,40,118,7810,TRUE,1985-1991,-0.017035114799603252,0.3659058876281166
220,0.25,40,118,7810,TRUE,1992-2001,0.017180028282664638,0.30945756425283294
220,0.25,40,118,7810,TRUE,2002-2007,0.11580000942535458,3.247585710728607e-10
220,0.25,40,118,7810,TRUE,2008-2015,0.04855592745186402,0.005623290738311009
221,0.25,40,118,7886,TRUE,1985-1991,-0.018340437762420853,0.30330595628489154
221,0.25,40,118,7886,TRUE,1992-2001,0.01613219317209279,0.32313714767242113
221,0.25,40,118,7886,TRUE,2002-2007,0.11444769476904036,1.357374520644396e-10
221,0.25,40,118,7886,TRUE,2008-2015,0.05207985004133203,0.0019325733214754228
222,0.25,40,118,7832,TRUE,1985-1991,-0.035931332053581004,0.05407577208301431
222,0.25,40,118,7832,TRUE,1992-2001,-0.010071076307083898,0.5513809698655077
222,0.25,40,118,7832,TRUE,2002-2007,0.11089034250399293,1.73223193528616e-9
222,0.25,40,118,7832,TRUE,2008-2015,0.0412530290805218,0.018953189592921638
223,0.25,40,118,7608,TRUE,1985-1991,-0.03645418066515981,0.045602225067342954
223,0.25,40,118,7608,TRUE,1992-2001,0.022654985297026704,0.18009407258370358
223,0.25,40,118,7608,TRUE,2002-2007,0.1259962247393645,6.402984662743601e-12
223,0.25,40,118,7608,TRUE,2008-2015,0.05415977066578447,0.0017902283849646965
224,0.25,40,118,7872,TRUE,1985-1991,-0.020641965269051783,0.2442232129873446
224,0.25,40,118,7872,TRUE,1992-2001,0.018120202844028096,0.25847002938488395
224,0.25,40,118,7872,TRUE,2002-2007,0.1473060162261333,5.986890986352859e-17
224,0.25,40,118,7872,TRUE,2008-2015,0.06535376439783781,9.853357588543103e-5
225,0.25,40,118,7755,TRUE,1985-1991,-0.03425705145230667,0.059865678115751005
225,0.25,40,118,7755,TRUE,1992-2001,0.016854004009865586,0.30763046555812557
225,0.25,40,118,7755,TRUE,2002-2007,0.13224349377080935,2.333991296361799e-13
225,0.25,40,118,7755,TRUE,2008-2015,0.0669839191844277,9.024784969625841e-5
226,0.25,40,118,7978,TRUE,1985-1991,-0.0085611581600796,0.6489262732015715
226,0.25,40,118,7978,TRUE,1992-2001,0.014752309249595466,0.393935191074977
226,0.25,40,118,7978,TRUE,2002-2007,0.12450235601585932,4.07325864113772e-11
226,0.25,40,118,7978,TRUE,2008-2015,0.04614743287856524,0.009641574966892337
227,0.25,40,118,7801,TRUE,1985-1991,-0.0268159399875452,0.13040165040768872
227,0.25,40,118,7801,TRUE,1992-2001,0.02115355850606886,0.19080530909274643
227,0.25,40,118,7801,TRUE,2002-2007,0.11323991250150367,1.224953755952307e-10
227,0.25,40,118,7801,TRUE,2008-2015,0.04274299054885557,0.010980364631008736
228,0.25,40,118,7976,TRUE,1985-1991,-0.02323081678008908,0.21417646798203555
228,0.25,40,118,7976,TRUE,1992-2001,0.002451327688842892,0.8854134381742792
228,0.25,40,118,7976,TRUE,2002-2007,0.11548715426931623,4.975591847093812e-10
228,0.25,40,118,7976,TRUE,2008-2015,0.04923441087710584,0.005780826772291428
229,0.25,40,118,7759,TRUE,1985-1991,-0.026601072519865935,0.14225561426687844
229,0.25,40,118,7759,TRUE,1992-2001,0.022451474031574787,0.17743919877885872
229,0.25,40,118,7759,TRUE,2002-2007,0.1335079679878434,3.0518880836005166e-13
229,0.25,40,118,7759,TRUE,2008-2015,0.0546735542890031,0.0014696140790549622
230,0.25,40,118,7952,TRUE,1985-1991,-0.021430187589141808,0.23363254342072087
230,0.25,40,118,7952,TRUE,1992-2001,0.008079404125269227,0.6250069560747404
230,0.25,40,118,7952,TRUE,2002-2007,0.1255018738187859,2.602582208111294e-12
230,0.25,40,118,7952,TRUE,2008-2015,0.05014162801828355,0.0034305209906728123
231,0.25,40,118,7889,TRUE,1985-1991,-0.005530172159648794,0.7574149705495911
231,0.25,40,118,7889,TRUE,1992-2001,0.02354751510092962,0.149691964520527
231,0.25,40,118,7889,TRUE,2002-2007,0.13015871182097666,3.976927732942915e-13
231,0.25,40,118,7889,TRUE,2008-2015,0.06543652544961809,9.991198672336927e-5
232,0.25,40,118,7758,TRUE,1985-1991,-0.012183365905619383,0.4776120077377294
232,0.25,40,118,7758,TRUE,1992-2001,0.020137982975272143,0.19259089238065086
232,0.25,40,118,7758,TRUE,2002-2007,0.12332150902550618,5.8094342980158545e-13
232,0.25,40,118,7758,TRUE,2008-2015,0.04790167167423902,0.0026040175542777623
233,0.25,40,118,7823,TRUE,1985-1991,-0.035730729435354096,0.031498061412670315
233,0.25,40,118,7823,TRUE,1992-2001,0.014529747033817687,0.33382527946529966
233,0.25,40,118,7823,TRUE,2002-2007,0.1366107025912074,1.7790415987672457e-16
233,0.25,40,118,7823,TRUE,2008-2015,0.05463788284384643,4.023628058957646e-4
234,0.25,40,118,7837,TRUE,1985-1991,-0.032186865076548214,0.06288590991130036
234,0.25,40,118,7837,TRUE,1992-2001,0.007523833726943645,0.6354040639887207
234,0.25,40,118,7837,TRUE,2002-2007,0.10905088901393586,2.815098921806614e-10
234,0.25,40,118,7837,TRUE,2008-2015,0.03847950545754069,0.01817161574911328
235,0.25,40,118,7935,TRUE,1985-1991,-0.03118999117170878,0.10260615103802946
235,0.25,40,118,7935,TRUE,1992-2001,0.009524779472307308,0.5845879990685189
235,0.25,40,118,7935,TRUE,2002-2007,0.11585737067832658,1.3558006781797933e-9
235,0.25,40,118,7935,TRUE,2008-2015,0.05724400474661719,0.0018007148056814052
236,0.25,40,118,7758,TRUE,1985-1991,-0.024117403551539626,0.18134670409061615
236,0.25,40,118,7758,TRUE,1992-2001,0.015493059229401935,0.3462754808168782
236,0.25,40,118,7758,TRUE,2002-2007,0.12178123496194088,9.398915470141058e-12
236,0.25,40,118,7758,TRUE,2008-2015,0.052820139090383356,0.0018256821535712318
237,0.25,40,118,7686,TRUE,1985-1991,-0.00997111139916567,0.5766285787305847
237,0.25,40,118,7686,TRUE,1992-2001,0.01937962300017889,0.23735504351328246
237,0.25,40,118,7686,TRUE,2002-2007,0.11733477834516498,3.900091557110812e-11
237,0.25,40,118,7686,TRUE,2008-2015,0.05396649269462294,0.0013575275129913322
238,0.25,40,118,7764,TRUE,1985-1991,-0.009682007647723144,0.5737763296927596
238,0.25,40,118,7764,TRUE,1992-2001,0.01580010175166635,0.309613850487388
238,0.25,40,118,7764,TRUE,2002-2007,0.12590306974478693,1.5121952511988908e-13
238,0.25,40,118,7764,TRUE,2008-2015,0.061085468338309246,1.5330609340567867e-4
239,0.25,40,118,7718,TRUE,1985-1991,-0.02898201235346541,0.11189707084279642
239,0.25,40,118,7718,TRUE,1992-2001,0.012132866520999527,0.459346760419099
239,0.25,40,118,7718,TRUE,2002-2007,0.1147533155086133,1.826976080993849e-10
239,0.25,40,118,7718,TRUE,2008-2015,0.04485498970566186,0.007667548111528131
240,0.25,40,118,7814,TRUE,1985-1991,-0.029749318970962554,0.09162960184747095
240,0.25,40,118,7814,TRUE,1992-2001,0.01013666281796426,0.5283974818730766
240,0.25,40,118,7814,TRUE,2002-2007,0.12364820124948969,2.4940494470395888e-12
240,0.25,40,118,7814,TRUE,2008-2015,0.04569134665214569,0.006279354643592238
241,0.25,40,118,7777,TRUE,1985-1991,-0.022409791930667163,0.2130566217820145
241,0.25,40,118,7777,TRUE,1992-2001,0.008626802209637869,0.601633616066302
241,0.25,40,118,7777,TRUE,2002-2007,0.11943379165099738,3.321656400498166e-11
241,0.25,40,118,7777,TRUE,2008-2015,0.049661923302026637,0.003463530313355946
242,0.25,40,118,7753,TRUE,1985-1991,-0.024470766511474312,0.18388627393294943
242,0.25,40,118,7753,TRUE,1992-2001,0.021740274976467237,0.19850141020647344
242,0.25,40,118,7753,TRUE,2002-2007,0.13647886651597715,1.1052979261872384e-13
242,0.25,40,118,7753,TRUE,2008-2015,0.05605453823903808,0.0011293049926650158
243,0.25,40,118,7838,TRUE,1985-1991,-0.011390425770607008,0.516025833265368
243,0.25,40,118,7838,TRUE,1992-2001,0.017173289429472587,0.28125578525606587
243,0.25,40,118,7838,TRUE,2002-2007,0.11387406885124784,8.738975409670874e-11
243,0.25,40,118,7838,TRUE,2008-2015,0.04914222166399407,0.0027512404198847566
244,0.25,40,118,7740,TRUE,1985-1991,-0.015071486404045433,0.41469814418603196
244,0.25,40,118,7740,TRUE,1992-2001,0.008279120810462828,0.6203731067691101
244,0.25,40,118,7740,TRUE,2002-2007,0.11795917917170659,9.106649037174291e-11
244,0.25,40,118,7740,TRUE,2008-2015,0.041974064885040484,0.014350400459244803
245,0.25,40,118,7762,TRUE,1985-1991,-0.034752186342562094,0.05796630170680773
245,0.25,40,118,7762,TRUE,1992-2001,0.005747460736216223,0.7308727301500904
245,0.25,40,118,7762,TRUE,2002-2007,0.15705660177009606,1.7505095376722293e-17
245,0.25,40,118,7762,TRUE,2008-2015,0.07601326745086476,1.3466018518004178e-5
246,0.25,40,118,7917,TRUE,1985-1991,-0.024484571444188554,0.16854695420697172
246,0.25,40,118,7917,TRUE,1992-2001,0.019268787025746675,0.2376755450386077
246,0.25,40,118,7917,TRUE,2002-2007,0.12336044281274955,4.00100183999968e-12
246,0.25,40,118,7917,TRUE,2008-2015,0.05285191313935854,0.0018092417609046041
247,0.25,40,118,8043,TRUE,1985-1991,-1.7494133380068473e-4,0.9922038698703365
247,0.25,40,118,8043,TRUE,1992-2001,0.029996270978831886,0.07148910068080022
247,0.25,40,118,8043,TRUE,2002-2007,0.13484994321008395,1.0822211252125013e-13
247,0.25,40,118,8043,TRUE,2008-2015,0.06097550541452894,3.7343448418328934e-4
248,0.25,40,118,7843,TRUE,1985-1991,-0.010569216440334187,0.5648436571137979
248,0.25,40,118,7843,TRUE,1992-2001,0.024753104496437403,0.13744383838244606
248,0.25,40,118,7843,TRUE,2002-2007,0.12924513250260714,2.137398152484363e-12
248,0.25,40,118,7843,TRUE,2008-2015,0.05571967676007402,0.0015473852619888072
249,0.25,40,118,7903,TRUE,1985-1991,-0.022198270918497312,0.21338861941531073
249,0.25,40,118,7903,TRUE,1992-2001,0.0018977388137321888,0.9064799417563256
249,0.25,40,118,7903,TRUE,2002-2007,0.10555389454321108,1.7595474842080453e-9
249,0.25,40,118,7903,TRUE,2008-2015,0.04099828181006927,0.014200142386953857
250,0.25,40,118,7814,TRUE,1985-1991,-0.0210254633391395,0.2516841818309373
250,0.25,40,118,7814,TRUE,1992-2001,0.017163915149884895,0.30766892158792325
250,0.25,40,118,7814,TRUE,2002-2007,0.11557519447741584,3.3969110728218413e-10
250,0.25,40,118,7814,TRUE,2008-2015,0.04914825311278011,0.005195363915034443
251,0.25,40,118,7624,TRUE,1985-1991,-0.03472098668550389,0.05414384209275758
251,0.25,40,118,7624,TRUE,1992-2001,0.014899103734333813,0.3555690051079828
251,0.25,40,118,7624,TRUE,2002-2007,0.12659343057708497,5.464657756783065e-13
251,0.25,40,118,7624,TRUE,2008-2015,0.06104051917050753,2.515267674055629e-4
252,0.25,40,118,7966,TRUE,1985-1991,-0.03844996376623773,0.02468531111383667
252,0.25,40,118,7966,TRUE,1992-2001,0.015532999995440437,0.3123520609050462
252,0.25,40,118,7966,TRUE,2002-2007,0.13920448541028357,3.381211429727547e-16
252,0.25,40,118,7966,TRUE,2008-2015,0.06494831159295822,6.0795031757886126e-5
253,0.25,40,118,7931,TRUE,1985-1991,-0.01743390342779178,0.33728865100550254
253,0.25,40,118,7931,TRUE,1992-2001,0.003904011314069856,0.8135621090159387
253,0.25,40,118,7931,TRUE,2002-2007,0.11984571274630718,6.653691706161586e-11
253,0.25,40,118,7931,TRUE,2008-2015,0.051120985808561545,0.002571422299644879
254,0.25,40,118,7839,TRUE,1985-1991,-0.020527223618749816,0.2438190935057679
254,0.25,40,118,7839,TRUE,1992-2001,0.020809092579914115,0.19358558013468816
254,0.25,40,118,7839,TRUE,2002-2007,0.1159981691566963,3.614289508399483e-11
254,0.25,40,118,7839,TRUE,2008-2015,0.05248823296781491,0.0014722943376192913
255,0.25,40,118,7905,TRUE,1985-1991,-0.032360325473560714,0.06614327828277398
255,0.25,40,118,7905,TRUE,1992-2001,0.0089288855507597,0.5800014702199114
255,0.25,40,118,7905,TRUE,2002-2007,0.12148065308551995,5.376664524992141e-12
255,0.25,40,118,7905,TRUE,2008-2015,0.050632322537368435,0.002245919776615558
256,0.25,40,118,7769,TRUE,1985-1991,-0.016968373951270134,0.3570651884592406
256,0.25,40,118,7769,TRUE,1992-2001,0.022855348785959954,0.1664815856425393
256,0.25,40,118,7769,TRUE,2002-2007,0.12450372099219176,4.286920103212838e-12
256,0.25,40,118,7769,TRUE,2008-2015,0.06128755507008698,3.515994815891187e-4
257,0.25,40,118,7808,TRUE,1985-1991,-0.02776225637027806,0.12050928216970175
257,0.25,40,118,7808,TRUE,1992-2001,0.0063918092399871985,0.6952140929582211
257,0.25,40,118,7808,TRUE,2002-2007,0.11771129388087632,4.1708491640336764e-11
257,0.25,40,118,7808,TRUE,2008-2015,0.04556886037367032,0.007033249297916494
258,0.25,40,118,7720,TRUE,1985-1991,-0.024473386962245967,0.17576878252715722
258,0.25,40,118,7720,TRUE,1992-2001,0.007675652755420894,0.6446236260386347
258,0.25,40,118,7720,TRUE,2002-2007,0.11236472748261281,4.809644961905736e-10
258,0.25,40,118,7720,TRUE,2008-2015,0.03917165983211518,0.022793582376591535
259,0.25,40,118,7868,TRUE,1985-1991,-0.017024881477811563,0.31788475932018423
259,0.25,40,118,7868,TRUE,1992-2001,0.03560831612960651,0.02189595830621443
259,0.25,40,118,7868,TRUE,2002-2007,0.13985917663387706,2.854216015595282e-16
259,0.25,40,118,7868,TRUE,2008-2015,0.059991575706481046,2.217460113185613e-4
260,0.25,40,118,7670,TRUE,1985-1991,-0.01995267221961863,0.27043228429308663
260,0.25,40,118,7670,TRUE,1992-2001,0.023068410092639737,0.16574387324227002
260,0.25,40,118,7670,TRUE,2002-2007,0.12712268973960603,2.812646231161382e-12
260,0.25,40,118,7670,TRUE,2008-2015,0.05926952580943902,5.277262547897046e-4
261,0.25,40,118,7727,TRUE,1985-1991,-0.01655607504986386,0.368215884628692
261,0.25,40,118,7727,TRUE,1992-2001,0.015911112627110376,0.3364694013756101
261,0.25,40,118,7727,TRUE,2002-2007,0.11422784224184285,2.514327491465566e-10
261,0.25,40,118,7727,TRUE,2008-2015,0.05416423623959953,0.0015554264172710375
262,0.25,40,118,7800,TRUE,1985-1991,-0.021411807100657505,0.1998330188051215
262,0.25,40,118,7800,TRUE,1992-2001,0.012545983478862027,0.41534508519418106
262,0.25,40,118,7800,TRUE,2002-2007,0.12360059239360684,2.4058277218031396e-13
262,0.25,40,118,7800,TRUE,2008-2015,0.06119033920925601,1.1763839184894975e-4
263,0.25,40,118,7742,TRUE,1985-1991,-0.033882092428723316,0.05839449736343099
263,0.25,40,118,7742,TRUE,1992-2001,0.012177747508041951,0.4567146805178109
263,0.25,40,118,7742,TRUE,2002-2007,0.1259056640641773,2.17309673942678e-12
263,0.25,40,118,7742,TRUE,2008-2015,0.04680726814691228,0.0057391772698176914
264,0.25,40,118,7743,TRUE,1985-1991,-0.0324106947001329,0.07481439320151759
264,0.25,40,118,7743,TRUE,1992-2001,0.018884701811189376,0.2578179829202661
264,0.25,40,118,7743,TRUE,2002-2007,0.13295831861117113,2.3844550449828894e-13
264,0.25,40,118,7743,TRUE,2008-2015,0.05358155452564321,0.0017768164982076458
265,0.25,40,118,7914,TRUE,1985-1991,-0.020117688544801938,0.2874156090897968
265,0.25,40,118,7914,TRUE,1992-2001,0.01855596685156052,0.2884889733337082
265,0.25,40,118,7914,TRUE,2002-2007,0.1313816118602845,5.222650070832024e-12
265,0.25,40,118,7914,TRUE,2008-2015,0.052127464016773345,0.004116030032394161
266,0.25,40,118,7727,TRUE,1985-1991,-0.040186658858979124,0.02519266510593116
266,0.25,40,118,7727,TRUE,1992-2001,0.015599000856452293,0.33798113417923503
266,0.25,40,118,7727,TRUE,2002-2007,0.11555444882199262,6.282830427231075e-11
266,0.25,40,118,7727,TRUE,2008-2015,0.04712059601146133,0.005367363034587547
267,0.25,40,118,7837,TRUE,1985-1991,-0.030326396656198726,0.11378946517640455
267,0.25,40,118,7837,TRUE,1992-2001,0.002108066469615137,0.9040387927128196
267,0.25,40,118,7837,TRUE,2002-2007,0.12390483520024521,5.2921642362155125e-11
267,0.25,40,118,7837,TRUE,2008-2015,0.04783174269659361,0.007891363915907678
268,0.25,40,118,7751,TRUE,1985-1991,-0.011907072787532537,0.500458885097953
268,0.25,40,118,7751,TRUE,1992-2001,0.015214799824087168,0.3490693426933306
268,0.25,40,118,7751,TRUE,2002-2007,0.12502774041855066,1.9271981158094558e-12
268,0.25,40,118,7751,TRUE,2008-2015,0.045166131158548006,0.00694363456680836
269,0.25,40,118,7744,TRUE,1985-1991,-0.02495596636710484,0.15598371955176465
269,0.25,40,118,7744,TRUE,1992-2001,0.0034509827106406106,0.8316153941709753
269,0.25,40,118,7744,TRUE,2002-2007,0.1167189084752226,6.879747122628808e-11
269,0.25,40,118,7744,TRUE,2008-2015,0.0400312115154552,0.015869770432101703
270,0.25,40,118,7834,TRUE,1985-1991,-0.04712859760891172,0.012314676787854155
270,0.25,40,118,7834,TRUE,1992-2001,0.013443420582055929,0.44091018455072234
270,0.25,40,118,7834,TRUE,2002-2007,0.12269381768688792,1.0031133851699993e-10
270,0.25,40,118,7834,TRUE,2008-2015,0.0509387877036262,0.004980438904280157
271,0.25,40,118,7787,TRUE,1985-1991,-0.02718757470195699,0.11998830005474999
271,0.25,40,118,7787,TRUE,1992-2001,0.025851263773687586,0.0996432555925449
271,0.25,40,118,7787,TRUE,2002-2007,0.1410276652856289,5.543046611687346e-16
271,0.25,40,118,7787,TRUE,2008-2015,0.06621022297590026,4.424285534417869e-5
272,0.25,40,118,7848,TRUE,1985-1991,-0.03546766492485282,0.0423950201470765
272,0.25,40,118,7848,TRUE,1992-2001,0.00566425492488682,0.7242616613708099
272,0.25,40,118,7848,TRUE,2002-2007,0.10532060951744165,2.375062422358748e-9
272,0.25,40,118,7848,TRUE,2008-2015,0.04141494880718188,0.012794959477885953
273,0.25,40,118,7837,TRUE,1985-1991,-0.03646629980830506,0.04794459911486032
273,0.25,40,118,7837,TRUE,1992-2001,0.007270489631132859,0.6635456644394021
273,0.25,40,118,7837,TRUE,2002-2007,0.1394910659632268,6.664020854970232e-14
273,0.25,40,118,7837,TRUE,2008-2015,0.06455896999551969,1.8505816931785568e-4
274,0.25,40,118,7764,TRUE,1985-1991,-0.03616119241480277,0.05654293778658662
274,0.25,40,118,7764,TRUE,1992-2001,0.006748263782270059,0.7025430143797609
274,0.25,40,118,7764,TRUE,2002-2007,0.1295772264750077,1.3967124884126694e-11
274,0.25,40,118,7764,TRUE,2008-2015,0.05892460415377572,0.0011188615967227338
275,0.25,40,118,7686,TRUE,1985-1991,-0.021785725082326155,0.23665460829803076
275,0.25,40,118,7686,TRUE,1992-2001,0.03293715042848193,0.05111657848959082
275,0.25,40,118,7686,TRUE,2002-2007,0.14181031427421012,8.313930313086676e-15
275,0.25,40,118,7686,TRUE,2008-2015,0.0614067490204957,4.092462114116964e-4
276,0.25,40,118,7715,TRUE,1985-1991,-0.03791635821994253,0.031596398745783245
276,0.25,40,118,7715,TRUE,1992-2001,0.01050408170001798,0.5115916691287156
276,0.25,40,118,7715,TRUE,2002-2007,0.11387088388947592,8.900150702875255e-11
276,0.25,40,118,7715,TRUE,2008-2015,0.04699390887860413,0.004364097244068506
277,0.25,40,118,7936,TRUE,1985-1991,-0.008475950006972308,0.6527706760680747
277,0.25,40,118,7936,TRUE,1992-2001,0.02636095138968083,0.12043199896588996
277,0.25,40,118,7936,TRUE,2002-2007,0.12900731235301832,3.4602642993914864e-12
277,0.25,40,118,7936,TRUE,2008-2015,0.0633383168145722,2.974194683310541e-4
278,0.25,40,118,7884,TRUE,1985-1991,-0.01292125084079312,0.4701968209314465
278,0.25,40,118,7884,TRUE,1992-2001,0.009005835562190158,0.5756374347860735
278,0.25,40,118,7884,TRUE,2002-2007,0.1238331522010088,3.5468604701516597e-12
278,0.25,40,118,7884,TRUE,2008-2015,0.05222338969161933,0.0020788978174173726
279,0.25,40,118,7776,TRUE,1985-1991,-0.021688942358694306,0.23070894319512125
279,0.25,40,118,7776,TRUE,1992-2001,0.014079273132302568,0.39318950369794553
279,0.25,40,118,7776,TRUE,2002-2007,0.12287784724789916,1.1248118900238042e-11
279,0.25,40,118,7776,TRUE,2008-2015,0.061235185507957264,3.4595570868339637e-4
280,0.25,40,118,7767,TRUE,1985-1991,-0.015521727381149238,0.3605343729299572
280,0.25,40,118,7767,TRUE,1992-2001,0.0333680476087139,0.02954477140395387
280,0.25,40,118,7767,TRUE,2002-2007,0.13192163350512262,6.302226172080884e-15
280,0.25,40,118,7767,TRUE,2008-2015,0.06848870253210565,1.840223379711829e-5
281,0.25,40,118,7923,TRUE,1985-1991,-0.02127552454659538,0.21196936023456833
281,0.25,40,118,7923,TRUE,1992-2001,0.004262061428030796,0.7812546921323312
281,0.25,40,118,7923,TRUE,2002-2007,0.11072830912941183,6.327845462523204e-11
281,0.25,40,118,7923,TRUE,2008-2015,0.03264183679636247,0.03980205392923027
282,0.25,40,118,7897,TRUE,1985-1991,-0.030849765789891504,0.07618402893714975
282,0.25,40,118,7897,TRUE,1992-2001,0.023752320832012463,0.13619561637906297
282,0.25,40,118,7897,TRUE,2002-2007,0.14435230835817636,2.845047031358086e-16
282,0.25,40,118,7897,TRUE,2008-2015,0.05840709407247624,3.537523225970132e-4
283,0.25,40,118,7760,TRUE,1985-1991,-0.0218057917144741,0.2476230706740672
283,0.25,40,118,7760,TRUE,1992-2001,0.02938755933178531,0.0856687949001868
283,0.25,40,118,7760,TRUE,2002-2007,0.16149935765965814,1.1002285245112123e-17
283,0.25,40,118,7760,TRUE,2008-2015,0.06923619734282842,1.1154030640812377e-4
284,0.25,40,118,7669,TRUE,1985-1991,-0.029703546630539954,0.09412546950320258
284,0.25,40,118,7669,TRUE,1992-2001,0.01628885835674936,0.30978460442212424
284,0.25,40,118,7669,TRUE,2002-2007,0.11331863468975151,1.337007586382956e-10
284,0.25,40,118,7669,TRUE,2008-2015,0.05052665824875417,0.0022818848084159176
285,0.25,40,118,7783,TRUE,1985-1991,-0.043791571586665516,0.019279088532533347
285,0.25,40,118,7783,TRUE,1992-2001,-0.013710768787666819,0.41234271015742474
285,0.25,40,118,7783,TRUE,2002-2007,0.10222846362227281,2.5339561044957865e-8
285,0.25,40,118,7783,TRUE,2008-2015,0.03547050787943882,0.04219319709959863
286,0.25,40,118,7846,TRUE,1985-1991,-0.05082607947787227,0.008734742061644797
286,0.25,40,118,7846,TRUE,1992-2001,0.018149901922276328,0.3071249156056477
286,0.25,40,118,7846,TRUE,2002-2007,0.13628317765197878,2.6914169054517415e-12
286,0.25,40,118,7846,TRUE,2008-2015,0.05263011848590029,0.004451262965202635
287,0.25,40,118,7810,TRUE,1985-1991,-0.021003702757694535,0.2586359153523657
287,0.25,40,118,7810,TRUE,1992-2001,0.015457681448889992,0.36031568666772773
287,0.25,40,118,7810,TRUE,2002-2007,0.10170348264798997,4.181581240566013e-8
287,0.25,40,118,7810,TRUE,2008-2015,0.033128028639453355,0.05947025356658289
288,0.25,40,118,7771,TRUE,1985-1991,-0.0283266745878879,0.10190727025740935
288,0.25,40,118,7771,TRUE,1992-2001,0.02761282700937119,0.08222446384291421
288,0.25,40,118,7771,TRUE,2002-2007,0.13023969134977087,4.8444987290479674e-14
288,0.25,40,118,7771,TRUE,2008-2015,0.057474749643038045,4.340357469635532e-4
289,0.25,40,118,7817,TRUE,1985-1991,-0.02027284193142348,0.24172138264160264
289,0.25,40,118,7817,TRUE,1992-2001,0.0140871660356841,0.36727697723319
289,0.25,40,118,7817,TRUE,2002-2007,0.11800346752785917,5.9820387581465496e-12
289,0.25,40,118,7817,TRUE,2008-2015,0.05264442104298077,0.0011205184332027936
290,0.25,40,118,7789,TRUE,1985-1991,-0.017808715379043473,0.35345931850698264
290,0.25,40,118,7789,TRUE,1992-2001,5.657369684453212e-4,0.9741924638148756
290,0.25,40,118,7789,TRUE,2002-2007,0.1202455347126784,2.9794981842027044e-10
290,0.25,40,118,7789,TRUE,2008-2015,0.04896566428370238,0.0060972204082713356
291,0.25,40,118,7762,TRUE,1985-1991,-0.02125811356749961,0.23698359160032928
291,0.25,40,118,7762,TRUE,1992-2001,0.015974723913250107,0.33448027347372805
291,0.25,40,118,7762,TRUE,2002-2007,0.12017722176036742,1.9306740465351884e-11
291,0.25,40,118,7762,TRUE,2008-2015,0.05098443034648645,0.002572698063218084
292,0.25,40,118,7926,TRUE,1985-1991,-0.019455830327617756,0.31577469794453994
292,0.25,40,118,7926,TRUE,1992-2001,0.02059419262988509,0.24318700801614593
292,0.25,40,118,7926,TRUE,2002-2007,0.12135582302015661,3.0230090299274127e-10
292,0.25,40,118,7926,TRUE,2008-2015,0.04605403532233339,0.013253785034772573
293,0.25,40,118,7780,TRUE,1985-1991,-0.024256339160958672,0.18661013328097387
293,0.25,40,118,7780,TRUE,1992-2001,0.01668422102186451,0.3181283528507238
293,0.25,40,118,7780,TRUE,2002-2007,0.14029795800657524,9.803866592784027e-15
293,0.25,40,118,7780,TRUE,2008-2015,0.06643048486070885,1.117791837936667e-4
294,0.25,40,118,7798,TRUE,1985-1991,-0.0239447620368465,0.17051744726503423
294,0.25,40,118,7798,TRUE,1992-2001,0.021079989959922545,0.18828543570350909
294,0.25,40,118,7798,TRUE,2002-2007,0.12029540050099005,6.436699497422917e-12
294,0.25,40,118,7798,TRUE,2008-2015,0.055191781494291166,8.268663321382959e-4
295,0.25,40,118,7825,TRUE,1985-1991,-0.02814399358114907,0.0971487137201353
295,0.25,40,118,7825,TRUE,1992-2001,0.013113453183650477,0.394596751940601
295,0.25,40,118,7825,TRUE,2002-2007,0.11932556657520156,1.1566001910606212e-12
295,0.25,40,118,7825,TRUE,2008-2015,0.048255706247821356,0.002334969658991502
296,0.25,40,118,7826,TRUE,1985-1991,-0.016142844711210226,0.4020547212974176
296,0.25,40,118,7826,TRUE,1992-2001,0.016208228961650126,0.3601386347917606
296,0.25,40,118,7826,TRUE,2002-2007,0.11195803440375912,5.915467089742724e-9
296,0.25,40,118,7826,TRUE,2008-2015,0.05995980298981295,0.0012975458564691983
297,0.25,40,118,7807,TRUE,1985-1991,-0.03063018691253465,0.10013261361262686
297,0.25,40,118,7807,TRUE,1992-2001,0.021611938963400974,0.20255475984832375
297,0.25,40,118,7807,TRUE,2002-2007,0.12085121099681408,5.289249253108076e-11
297,0.25,40,118,7807,TRUE,2008-2015,0.055032724749219594,0.001895280913180314
298,0.25,40,118,7759,TRUE,1985-1991,-0.035842272159762933,0.04845931248374776
298,0.25,40,118,7759,TRUE,1992-2001,0.022131657715620673,0.19245756890350701
298,0.25,40,118,7759,TRUE,2002-2007,0.1318400171212229,8.067231554317114e-13
298,0.25,40,118,7759,TRUE,2008-2015,0.055212773645153174,0.001492850696550591
299,0.25,40,118,7832,TRUE,1985-1991,-0.021322289023807468,0.23760250509055447
299,0.25,40,118,7832,TRUE,1992-2001,0.009408632205234795,0.5739154732865759
299,0.25,40,118,7832,TRUE,2002-2007,0.10110404600545643,2.7453674863273213e-8
299,0.25,40,118,7832,TRUE,2008-2015,0.0377906404520659,0.028413801054325633
300,0.25,40,118,7677,TRUE,1985-1991,-0.01625893383505962,0.3694760317505381
300,0.25,40,118,7677,TRUE,1992-2001,0.027936600763794856,0.08817672404487598
300,0.25,40,118,7677,TRUE,2002-2007,0.12026055757724195,2.1611022344235822e-11
300,0.25,40,118,7677,TRUE,2008-2015,0.06007881786515687,4.766409825001101e-4
301,0.25,40,118,7831,TRUE,1985-1991,-0.03474169469297799,0.05874394674237906
301,0.25,40,118,7831,TRUE,1992-2001,0.01948246236394894,0.2490190411045312
301,0.25,40,118,7831,TRUE,2002-2007,0.1146217117631815,4.797351726550806e-10
301,0.25,40,118,7831,TRUE,2008-2015,0.04804885155240234,0.005698594831661717
302,0.25,40,118,7735,TRUE,1985-1991,-0.019754781377151066,0.24438274042986816
302,0.25,40,118,7735,TRUE,1992-2001,0.01569208079432538,0.3128120195882814
302,0.25,40,118,7735,TRUE,2002-2007,0.11957957788629783,2.3303435437644112e-12
302,0.25,40,118,7735,TRUE,2008-2015,0.05299769081995941,9.146030296259458e-4
303,0.25,40,118,7954,TRUE,1985-1991,-0.012783491843169532,0.4989489742643851
303,0.25,40,118,7954,TRUE,1992-2001,0.004864574227689877,0.7768326231279363
303,0.25,40,118,7954,TRUE,2002-2007,0.12292604779593035,4.0200422300333485e-11
303,0.25,40,118,7954,TRUE,2008-2015,0.045041780354207084,0.010933731809392696
304,0.25,40,118,7703,TRUE,1985-1991,-0.03665317924271025,0.04360226402385259
304,0.25,40,118,7703,TRUE,1992-2001,0.011801206014697196,0.47830222026104935
304,0.25,40,118,7703,TRUE,2002-2007,0.14325036509440017,3.981255506423718e-15
304,0.25,40,118,7703,TRUE,2008-2015,0.06850132084645502,6.370500050100602e-5
305,0.25,40,118,7896,TRUE,1985-1991,-0.02827473907326065,0.11100650459610127
305,0.25,40,118,7896,TRUE,1992-2001,0.009808853782065804,0.5483704894011492
305,0.25,40,118,7896,TRUE,2002-2007,0.10463331634891203,6.581210354160006e-9
305,0.25,40,118,7896,TRUE,2008-2015,0.03723009793127449,0.02837186166799993
306,0.25,40,118,7800,TRUE,1985-1991,-0.013732798792889054,0.45096970073318443
306,0.25,40,118,7800,TRUE,1992-2001,0.009690632871401716,0.5548563139036768
306,0.25,40,118,7800,TRUE,2002-2007,0.11874891225109463,5.113122418605584e-11
306,0.25,40,118,7800,TRUE,2008-2015,0.05493246180994421,0.001205623944074487
307,0.25,40,118,7759,TRUE,1985-1991,-0.02413014251695194,0.1912905726087571
307,0.25,40,118,7759,TRUE,1992-2001,0.0025917906502004005,0.8756265941602324
307,0.25,40,118,7759,TRUE,2002-2007,0.10123280821612052,2.5477353881011492e-8
307,0.25,40,118,7759,TRUE,2008-2015,0.029602719525663276,0.08763472454690373
308,0.25,40,118,7659,TRUE,1985-1991,-0.014296598440863981,0.3908468554569978
308,0.25,40,118,7659,TRUE,1992-2001,0.02080726372147373,0.16160231844865977
308,0.25,40,118,7659,TRUE,2002-2007,0.12606311108962134,2.8591260683919214e-14
308,0.25,40,118,7659,TRUE,2008-2015,0.056481863238913396,2.61589694760084e-4
309,0.25,40,118,7811,TRUE,1985-1991,-0.033367342222847776,0.06302276699403477
309,0.25,40,118,7811,TRUE,1992-2001,-0.004556063368600469,0.7820042923652658
309,0.25,40,118,7811,TRUE,2002-2007,0.1121800190887031,3.534313512166608e-10
309,0.25,40,118,7811,TRUE,2008-2015,0.040289949793507654,0.01822182171478605
310,0.25,40,118,7854,TRUE,1985-1991,-0.027433348675376938,0.13645721280334663
310,0.25,40,118,7854,TRUE,1992-2001,0.010778029694521837,0.5238969071856259
310,0.25,40,118,7854,TRUE,2002-2007,0.12343399904569957,2.6302684375850372e-11
310,0.25,40,118,7854,TRUE,2008-2015,0.051769813206809824,0.002905788882657296
311,0.25,40,118,7826,TRUE,1985-1991,-0.04797207236589884,0.008869292723256657
311,0.25,40,118,7826,TRUE,1992-2001,-0.010001041100257589,0.5404145325723496
311,0.25,40,118,7826,TRUE,2002-2007,0.12106937013708849,1.367533309970909e-11
311,0.25,40,118,7826,TRUE,2008-2015,0.04747294942956023,0.005947115686078287
312,0.25,40,118,7846,TRUE,1985-1991,-0.03332872370415938,0.07250429088699059
312,0.25,40,118,7846,TRUE,1992-2001,0.003718047930952012,0.8258588646138008
312,0.25,40,118,7846,TRUE,2002-2007,0.12287451140700659,3.3042760928861434e-11
312,0.25,40,118,7846,TRUE,2008-2015,0.0475415303251653,0.006569584959684816
313,0.25,40,118,7729,TRUE,1985-1991,-0.02244758775694384,0.20399019437057012
313,0.25,40,118,7729,TRUE,1992-2001,0.02532011060928676,0.11529033465607944
313,0.25,40,118,7729,TRUE,2002-2007,0.13004600099236188,8.852483564863417e-14
313,0.25,40,118,7729,TRUE,2008-2015,0.06488895208714568,9.59157848475018e-5
314,0.25,40,118,7717,TRUE,1985-1991,-0.014838532433928986,0.39466648013082434
314,0.25,40,118,7717,TRUE,1992-2001,0.02417817559499947,0.12493230941610116
314,0.25,40,118,7717,TRUE,2002-2007,0.1426764050590473,1.3853847181011018e-16
314,0.25,40,118,7717,TRUE,2008-2015,0.06580971980023428,6.905567295084064e-5
315,0.25,40,118,7799,TRUE,1985-1991,-0.023702360244027422,0.16557195216416368
315,0.25,40,118,7799,TRUE,1992-2001,0.006163284440045994,0.6889890866071946
315,0.25,40,118,7799,TRUE,2002-2007,0.12843852969242905,4.598553643710217e-14
315,0.25,40,118,7799,TRUE,2008-2015,0.05835796058961846,2.531616269958854e-4
316,0.25,40,118,7864,TRUE,1985-1991,-0.035172258064267284,0.054395050198999
316,0.25,40,118,7864,TRUE,1992-2001,9.536190186941532e-4,0.9550564554667808
316,0.25,40,118,7864,TRUE,2002-2007,0.11819333942393719,1.0275139276803621e-10
316,0.25,40,118,7864,TRUE,2008-2015,0.04225656255859697,0.01455234588682924
317,0.25,40,118,7652,TRUE,1985-1991,-0.021748066188555164,0.22353173953450073
317,0.25,40,118,7652,TRUE,1992-2001,0.01652022250128062,0.3121168484575078
317,0.25,40,118,7652,TRUE,2002-2007,0.11198197810081041,2.938768184565742e-10
317,0.25,40,118,7652,TRUE,2008-2015,0.03348384163524523,0.04769968152680738
318,0.25,40,118,7668,TRUE,1985-1991,-0.022630496469403984,0.19769440867612098
318,0.25,40,118,7668,TRUE,1992-2001,0.018283787273357176,0.24599946645978057
318,0.25,40,118,7668,TRUE,2002-2007,0.12887248481102745,7.916608657406607e-14
318,0.25,40,118,7668,TRUE,2008-2015,0.04760308561325943,0.0035114812018336517
319,0.25,40,118,7652,TRUE,1985-1991,-0.024909514378072112,0.1507342244297254
319,0.25,40,118,7652,TRUE,1992-2001,0.012975002060964209,0.4172154175554632
319,0.25,40,118,7652,TRUE,2002-2007,0.10172489908065575,5.711977220490447e-9
319,0.25,40,118,7652,TRUE,2008-2015,0.0382531792736138,0.01977264815998356
320,0.25,40,118,7954,TRUE,1985-1991,-0.02072718332847605,0.22839194502264212
320,0.25,40,118,7954,TRUE,1992-2001,0.009682747102904388,0.5337675797368437
320,0.25,40,118,7954,TRUE,2002-2007,0.11302727177210196,7.290056688935671e-11
320,0.25,40,118,7954,TRUE,2008-2015,0.03830596665441792,0.018004428117742735
321,0.25,40,118,7761,TRUE,1985-1991,-0.029457650374489042,0.07966837101995983
321,0.25,40,118,7761,TRUE,1992-2001,0.018033693979478137,0.22818703533646448
321,0.25,40,118,7761,TRUE,2002-2007,0.1302254144123375,5.977278419564532e-15
321,0.25,40,118,7761,TRUE,2008-2015,0.05798630833969837,1.7190744459059742e-4
322,0.25,40,118,7966,TRUE,1985-1991,-0.019038483845272854,0.3023145389276264
322,0.25,40,118,7966,TRUE,1992-2001,0.004184274662328062,0.802354882170992
322,0.25,40,118,7966,TRUE,2002-2007,0.11672040707038919,2.5845044330533775e-10
322,0.25,40,118,7966,TRUE,2008-2015,0.047772415158431634,0.005674135603410606
323,0.25,40,118,7816,TRUE,1985-1991,-0.03355765642058115,0.056414331608919586
323,0.25,40,118,7816,TRUE,1992-2001,0.007872093179287505,0.6219970966538719
323,0.25,40,118,7816,TRUE,2002-2007,0.13409148617973243,2.6778001096429862e-14
323,0.25,40,118,7816,TRUE,2008-2015,0.05964173698315157,2.991739189174289e-4
324,0.25,40,118,7937,TRUE,1985-1991,-0.02029980874043199,0.2888301731318493
324,0.25,40,118,7937,TRUE,1992-2001,0.006770036515715391,0.6969573998536776
324,0.25,40,118,7937,TRUE,2002-2007,0.13448450485581276,2.6863019481121342e-12
324,0.25,40,118,7937,TRUE,2008-2015,0.06555174131438965,2.9484400213292697e-4
325,0.25,40,118,7689,TRUE,1985-1991,-0.023754767456675447,0.17422134279857657
325,0.25,40,118,7689,TRUE,1992-2001,0.011026279014155167,0.49096138900855607
325,0.25,40,118,7689,TRUE,2002-2007,0.10842061998059595,5.185940430040485e-10
325,0.25,40,118,7689,TRUE,2008-2015,0.045617473800558556,0.0055455271828531464
326,0.25,40,118,7736,TRUE,1985-1991,-0.029937002544284674,0.11060013046452108
326,0.25,40,118,7736,TRUE,1992-2001,0.0132850691314154,0.43775402753796416
326,0.25,40,118,7736,TRUE,2002-2007,0.11628360864525607,4.944548153834711e-10
326,0.25,40,118,7736,TRUE,2008-2015,0.04561097057590564,0.010439163056990938
327,0.25,40,118,7730,TRUE,1985-1991,-0.01669023320558313,0.3357690141405673
327,0.25,40,118,7730,TRUE,1992-2001,0.028563577471451915,0.07358772202881256
327,0.25,40,118,7730,TRUE,2002-2007,0.1313633077324433,3.744694067671019e-14
327,0.25,40,118,7730,TRUE,2008-2015,0.06911401278274397,2.6548677938762288e-5
328,0.25,40,118,7904,TRUE,1985-1991,-0.025763864365361284,0.14140869163447783
328,0.25,40,118,7904,TRUE,1992-2001,0.01188826894211965,0.45427481962163957
328,0.25,40,118,7904,TRUE,2002-2007,0.1184331065368164,1.0985093823050332e-11
328,0.25,40,118,7904,TRUE,2008-2015,0.043961530831791315,0.007688302244058031
329,0.25,40,118,7777,TRUE,1985-1991,-0.025080343038976664,0.18616552761760607
329,0.25,40,118,7777,TRUE,1992-2001,0.032073324951689824,0.06267533399587764
329,0.25,40,118,7777,TRUE,2002-2007,0.13941219070957808,1.1940911768993648e-13
329,0.25,40,118,7777,TRUE,2008-2015,0.06436434826066775,3.5913162519304095e-4
330,0.25,40,118,7782,TRUE,1985-1991,-0.01629772660193538,0.36519159534834306
330,0.25,40,118,7782,TRUE,1992-2001,0.017758973917075396,0.2766250358570884
330,0.25,40,118,7782,TRUE,2002-2007,0.1294848727584217,4.827682250926944e-13
330,0.25,40,118,7782,TRUE,2008-2015,0.055242728355438406,0.0011350509207290061
331,0.25,40,118,7931,TRUE,1985-1991,-0.02504354793762853,0.17360310710188792
331,0.25,40,118,7931,TRUE,1992-2001,0.027552349942774654,0.10782922459215162
331,0.25,40,118,7931,TRUE,2002-2007,0.13171770628798996,1.713460165910407e-12
331,0.25,40,118,7931,TRUE,2008-2015,0.07146145885793968,6.480589505440037e-5
332,0.25,40,118,7862,TRUE,1985-1991,-0.03419620748859166,0.07412206980874247
332,0.25,40,118,7862,TRUE,1992-2001,-0.010142089026868435,0.5581351348324118
332,0.25,40,118,7862,TRUE,2002-2007,0.11957824347606684,2.489812622900499e-10
332,0.25,40,118,7862,TRUE,2008-2015,0.04680765450587687,0.010002857714962458
333,0.25,40,118,7969,TRUE,1985-1991,-0.029462144412032116,0.0998935142186596
333,0.25,40,118,7969,TRUE,1992-2001,0.012952666304243004,0.4344323888082983
333,0.25,40,118,7969,TRUE,2002-2007,0.12084755453802572,2.320761225816278e-11
333,0.25,40,118,7969,TRUE,2008-2015,0.042891686328247566,0.013139834123026961
334,0.25,40,118,7733,TRUE,1985-1991,-0.028196619061865776,0.12965823028046913
334,0.25,40,118,7733,TRUE,1992-2001,0.014210081368118618,0.4127496630631973
334,0.25,40,118,7733,TRUE,2002-2007,0.12598216550798022,1.743769150070502e-11
334,0.25,40,118,7733,TRUE,2008-2015,0.050975921937724385,0.004135588559740623
335,0.25,40,118,7738,TRUE,1985-1991,-0.035411088173239125,0.057114070366110874
335,0.25,40,118,7738,TRUE,1992-2001,-5.325700661883009e-4,0.9752848372654165
335,0.25,40,118,7738,TRUE,2002-2007,0.1173956364448683,3.4001510656855374e-10
335,0.25,40,118,7738,TRUE,2008-2015,0.040552483145211496,0.021175590056712254
336,0.25,40,118,7809,TRUE,1985-1991,-0.028205386466669983,0.12573466660822333
336,0.25,40,118,7809,TRUE,1992-2001,0.022910877788399297,0.17283851936207345
336,0.25,40,118,7809,TRUE,2002-2007,0.12454571446624368,1.359543212069125e-11
336,0.25,40,118,7809,TRUE,2008-2015,0.05231759188745776,0.002837190679580806
337,0.25,40,118,7766,TRUE,1985-1991,-0.031164728563535596,0.09172125157848676
337,0.25,40,118,7766,TRUE,1992-2001,0.022122317813145415,0.18784093545478944
337,0.25,40,118,7766,TRUE,2002-2007,0.13237762063018982,4.942261914682649e-13
337,0.25,40,118,7766,TRUE,2008-2015,0.05575414903829137,0.00149816539764972
338,0.25,40,118,7818,TRUE,1985-1991,-0.031828117367695016,0.06498294589166777
338,0.25,40,118,7818,TRUE,1992-2001,0.0016407335599971581,0.9158414806050433
338,0.25,40,118,7818,TRUE,2002-2007,0.11036246608734789,1.0401976086071403e-10
338,0.25,40,118,7818,TRUE,2008-2015,0.04191343839303953,0.009482395103537744
339,0.25,40,118,7577,TRUE,1985-1991,-0.027472068512071922,0.11768151597314089
339,0.25,40,118,7577,TRUE,1992-2001,0.030662144105829015,0.05554323045164406
339,0.25,40,118,7577,TRUE,2002-2007,0.13111533700518552,5.061911118906807e-14
339,0.25,40,118,7577,TRUE,2008-2015,0.06704556648532692,4.5089431572248785e-5
340,0.25,40,118,7820,TRUE,1985-1991,-0.02711008798428824,0.15689412697297128
340,0.25,40,118,7820,TRUE,1992-2001,0.0030940188844787164,0.8600131180715349
340,0.25,40,118,7820,TRUE,2002-2007,0.12479409560016705,4.379995319082559e-11
340,0.25,40,118,7820,TRUE,2008-2015,0.042594161103447575,0.018595313814870253
341,0.25,40,118,7759,TRUE,1985-1991,-0.017791984623704078,0.30481757829446043
341,0.25,40,118,7759,TRUE,1992-2001,0.026372912817077522,0.09519461382228098
341,0.25,40,118,7759,TRUE,2002-2007,0.1330807517801438,1.2718761092532121e-14
341,0.25,40,118,7759,TRUE,2008-2015,0.062273184691143686,1.6629765034562345e-4
342,0.25,40,118,7706,TRUE,1985-1991,-0.02272941914476756,0.21094419878507978
342,0.25,40,118,7706,TRUE,1992-2001,0.02543817412465743,0.12781760124580974
342,0.25,40,118,7706,TRUE,2002-2007,0.12047520724652833,4.6828727754361994e-11
342,0.25,40,118,7706,TRUE,2008-2015,0.05702120034596066,9.234337328701735e-4
343,0.25,40,118,7915,TRUE,1985-1991,-0.03206039619380675,0.118281568542021
343,0.25,40,118,7915,TRUE,1992-2001,0.008882497258205481,0.6297529216479347
343,0.25,40,118,7915,TRUE,2002-2007,0.1437800028344523,1.3625833717575257e-12
343,0.25,40,118,7915,TRUE,2008-2015,0.06296078936752493,0.0010390259297847464
344,0.25,40,118,7752,TRUE,1985-1991,-0.01944198733766581,0.27700839611127165
344,0.25,40,118,7752,TRUE,1992-2001,0.025763447043716022,0.11558596661338061
344,0.25,40,118,7752,TRUE,2002-2007,0.1289289910127249,4.654128773450561e-13
344,0.25,40,118,7752,TRUE,2008-2015,0.06031682576532113,3.809908914346687e-4
345,0.25,40,118,7699,TRUE,1985-1991,-0.020635354220271348,0.27773421106577983
345,0.25,40,118,7699,TRUE,1992-2001,0.010215114578207968,0.5646673968504997
345,0.25,40,118,7699,TRUE,2002-2007,0.12528298861330306,6.215451169957386e-11
345,0.25,40,118,7699,TRUE,2008-2015,0.049219873255371,0.00680021747240727
346,0.25,40,118,7955,TRUE,1985-1991,-0.025437096818975664,0.18268511989399186
346,0.25,40,118,7955,TRUE,1992-2001,0.005856139857602569,0.7359299939578414
346,0.25,40,118,7955,TRUE,2002-2007,0.13296138142575994,5.267434332718819e-12
346,0.25,40,118,7955,TRUE,2008-2015,0.05189061532082718,0.004849768786628514
347,0.25,40,118,7934,TRUE,1985-1991,-0.023484214892211034,0.17974861750922633
347,0.25,40,118,7934,TRUE,1992-2001,0.010405836637309252,0.508229608698096
347,0.25,40,118,7934,TRUE,2002-2007,0.12437551652367482,8.488572389729568e-13
347,0.25,40,118,7934,TRUE,2008-2015,0.06048418540401587,2.656234851728627e-4
348,0.25,40,118,7891,TRUE,1985-1991,-0.0342885915071592,0.06784226177133891
348,0.25,40,118,7891,TRUE,1992-2001,0.0011625486012261654,0.9462465233295988
348,0.25,40,118,7891,TRUE,2002-2007,0.11626560103232837,5.271773978208151e-10
348,0.25,40,118,7891,TRUE,2008-2015,0.040263982076768776,0.025614398660347794
349,0.25,40,118,7856,TRUE,1985-1991,-0.03314030953621002,0.06292635748445204
349,0.25,40,118,7856,TRUE,1992-2001,0.0182333471310644,0.27025863142500073
349,0.25,40,118,7856,TRUE,2002-2007,0.12187919048966953,7.921943552574496e-12
349,0.25,40,118,7856,TRUE,2008-2015,0.05181439147464489,0.0021875784070309406
350,0.25,40,118,7811,TRUE,1985-1991,-0.028566026493840158,0.11895660587919049
350,0.25,40,118,7811,TRUE,1992-2001,0.016401408350997827,0.3262538782089507
350,0.25,40,118,7811,TRUE,2002-2007,0.1253203599802768,6.821472293643357e-12
350,0.25,40,118,7811,TRUE,2008-2015,0.0574734191508781,0.0010453577752127863
351,0.25,40,118,7893,TRUE,1985-1991,-0.04307420842659794,0.019494665691673574
351,0.25,40,118,7893,TRUE,1992-2001,-0.013472178389977219,0.4236043337348306
351,0.25,40,118,7893,TRUE,2002-2007,0.1067720831310766,4.5482464915147734e-9
351,0.25,40,118,7893,TRUE,2008-2015,0.04264737120553448,0.013792954315559115
352,0.25,40,118,7784,TRUE,1985-1991,-0.02489482643507426,0.1739012432579005
352,0.25,40,118,7784,TRUE,1992-2001,0.024329886493868743,0.14563863299164062
352,0.25,40,118,7784,TRUE,2002-2007,0.13301822119153375,2.406512863571779e-13
352,0.25,40,118,7784,TRUE,2008-2015,0.05061270829366546,0.00326683035030638
353,0.25,40,118,7721,TRUE,1985-1991,-0.026974019907639125,0.1193710859660492
353,0.25,40,118,7721,TRUE,1992-2001,0.024858555659387112,0.11309843407892545
353,0.25,40,118,7721,TRUE,2002-2007,0.1336403258679411,8.600647892827547e-15
353,0.25,40,118,7721,TRUE,2008-2015,0.0669885575910599,4.312274184883125e-5
354,0.25,40,118,7848,TRUE,1985-1991,-0.03182737810070086,0.07545788686039002
354,0.25,40,118,7848,TRUE,1992-2001,0.006494931967041512,0.6907450437679796
354,0.25,40,118,7848,TRUE,2002-2007,0.10591728869036321,2.5422112173677906e-9
354,0.25,40,118,7848,TRUE,2008-2015,0.04197423004371289,0.012666320346211167
355,0.25,40,118,7845,TRUE,1985-1991,-0.0374317043036099,0.03733754931084095
355,0.25,40,118,7845,TRUE,1992-2001,0.016378940474580363,0.3195653493035771
355,0.25,40,118,7845,TRUE,2002-2007,0.14132267584599376,3.561145413545232e-15
355,0.25,40,118,7845,TRUE,2008-2015,0.059642937064813814,3.9762846708668397e-4
356,0.25,40,118,7962,TRUE,1985-1991,-0.009428269962045823,0.6209819732135098
356,0.25,40,118,7962,TRUE,1992-2001,0.019115082762756738,0.26949682506695444
356,0.25,40,118,7962,TRUE,2002-2007,0.11122840047663163,3.449580453661582e-9
356,0.25,40,118,7962,TRUE,2008-2015,0.05414471260495232,0.002791844639937815
357,0.25,40,118,7811,TRUE,1985-1991,-0.027624748034488087,0.1424973058038989
357,0.25,40,118,7811,TRUE,1992-2001,0.009331730529648367,0.5962235510163697
357,0.25,40,118,7811,TRUE,2002-2007,0.12535337950295716,3.738335555131101e-11
357,0.25,40,118,7811,TRUE,2008-2015,0.049994279071123846,0.005425410771158582
358,0.25,40,118,7859,TRUE,1985-1991,-0.019557811691198593,0.2712037583618929
358,0.25,40,118,7859,TRUE,1992-2001,0.011386298686096901,0.4826330688011028
358,0.25,40,118,7859,TRUE,2002-2007,0.11785660342817135,4.0208192856896507e-11
358,0.25,40,118,7859,TRUE,2008-2015,0.05725183747505376,6.444474782696339e-4
359,0.25,40,118,7831,TRUE,1985-1991,-0.01321628665024872,0.48239507767700457
359,0.25,40,118,7831,TRUE,1992-2001,0.009709265100988313,0.5720525371413652
359,0.25,40,118,7831,TRUE,2002-2007,0.11222787708526276,1.944105952241709e-9
359,0.25,40,118,7831,TRUE,2008-2015,0.04349113654076596,0.014672298225756684
360,0.25,40,118,7736,TRUE,1985-1991,-0.013886139992736947,0.44339925467378616
360,0.25,40,118,7736,TRUE,1992-2001,0.022935785431109357,0.17240538351323864
360,0.25,40,118,7736,TRUE,2002-2007,0.1110646956379267,1.1402727535362334e-9
360,0.25,40,118,7736,TRUE,2008-2015,0.055519877991755,0.0013021937574797236
361,0.25,40,118,7920,TRUE,1985-1991,-0.032278408129025375,0.07372156086290127
361,0.25,40,118,7920,TRUE,1992-2001,0.005389057903716438,0.7405131140277479
361,0.25,40,118,7920,TRUE,2002-2007,0.1074578015556916,1.6631815946085e-9
361,0.25,40,118,7920,TRUE,2008-2015,0.04094648034322771,0.018096292138100878
362,0.25,40,118,7854,TRUE,1985-1991,-0.019347811834338167,0.302929209445385
362,0.25,40,118,7854,TRUE,1992-2001,6.038433798943935e-4,0.9719794051327822
362,0.25,40,118,7854,TRUE,2002-2007,0.1128774533066074,2.1489387975609912e-9
362,0.25,40,118,7854,TRUE,2008-2015,0.046734815675083786,0.009327687864022736
363,0.25,40,118,7810,TRUE,1985-1991,-0.022982946883535523,0.17178187443548218
363,0.25,40,118,7810,TRUE,1992-2001,0.004559696769938358,0.7632010842556785
363,0.25,40,118,7810,TRUE,2002-2007,0.11873320539201387,7.518028141669627e-13
363,0.25,40,118,7810,TRUE,2008-2015,0.053645859235341375,5.842868787671702e-4
364,0.25,40,118,7831,TRUE,1985-1991,-0.01669391040698061,0.3234829834784039
364,0.25,40,118,7831,TRUE,1992-2001,0.025469558818033085,0.09422869825117679
364,0.25,40,118,7831,TRUE,2002-2007,0.13498557468411426,2.1038147512372562e-15
364,0.25,40,118,7831,TRUE,2008-2015,0.062367590463367484,6.989555675778624e-5
365,0.25,40,118,7815,TRUE,1985-1991,-0.02155498550251667,0.2267233207876737
365,0.25,40,118,7815,TRUE,1992-2001,0.015157173346790207,0.3535243265008525
365,0.25,40,118,7815,TRUE,2002-2007,0.1271647160741814,9.20139084367162e-13
365,0.25,40,118,7815,TRUE,2008-2015,0.0512712853672508,0.0023210104519126593
366,0.25,40,118,7870,TRUE,1985-1991,-0.011759423412349082,0.5034722719707587
366,0.25,40,118,7870,TRUE,1992-2001,0.022020929340647345,0.17114334975564222
366,0.25,40,118,7870,TRUE,2002-2007,0.13606354404629695,1.526810976933112e-14
366,0.25,40,118,7870,TRUE,2008-2015,0.06174300668378587,1.8532919597488687e-4
367,0.25,40,118,7770,TRUE,1985-1991,-0.01669162900208786,0.3198632960279101
367,0.25,40,118,7770,TRUE,1992-2001,0.023967642950111185,0.11088798334304432
367,0.25,40,118,7770,TRUE,2002-2007,0.12905069845592615,2.174819077546901e-14
367,0.25,40,118,7770,TRUE,2008-2015,0.062421333714433744,6.34929849806379e-5
368,0.25,40,118,7788,TRUE,1985-1991,-0.03524508618678126,0.06219801149765372
368,0.25,40,118,7788,TRUE,1992-2001,0.022384913258512856,0.19656668480012135
368,0.25,40,118,7788,TRUE,2002-2007,0.12242256559388454,1.2089610090184839e-10
368,0.25,40,118,7788,TRUE,2008-2015,0.05987876508783955,9.407933554401818e-4
369,0.25,40,118,7766,TRUE,1985-1991,-0.03701029319854593,0.04387423125974665
369,0.25,40,118,7766,TRUE,1992-2001,0.01469682499674816,0.3784042987088572
369,0.25,40,118,7766,TRUE,2002-2007,0.12425037833506375,8.551941199565102e-12
369,0.25,40,118,7766,TRUE,2008-2015,0.04680039785468258,0.007743721930346188
370,0.25,40,118,7830,TRUE,1985-1991,-0.02602039951388847,0.12376380746937976
370,0.25,40,118,7830,TRUE,1992-2001,0.0069208641518329166,0.6490094360730512
370,0.25,40,118,7830,TRUE,2002-2007,0.1164627373572543,5.153053113868274e-12
370,0.25,40,118,7830,TRUE,2008-2015,0.04109711073783469,0.009236101237085353
371,0.25,40,118,7686,TRUE,1985-1991,-0.01255279203139435,0.5027427762256252
371,0.25,40,118,7686,TRUE,1992-2001,0.019177575249353734,0.2609374026762761
371,0.25,40,118,7686,TRUE,2002-2007,0.12294443107407817,2.842246511146744e-11
371,0.25,40,118,7686,TRUE,2008-2015,0.06004263949533069,6.857433397634889e-4
372,0.25,40,118,7898,TRUE,1985-1991,-0.041699441183009216,0.02096045038780526
372,0.25,40,118,7898,TRUE,1992-2001,-0.004559675666827467,0.7818780272000967
372,0.25,40,118,7898,TRUE,2002-2007,0.10769107890775714,2.1747336586888192e-9
372,0.25,40,118,7898,TRUE,2008-2015,0.034169463655976985,0.0466469865187365
373,0.25,40,118,7787,TRUE,1985-1991,-0.030418452543365487,0.09937819353711771
373,0.25,40,118,7787,TRUE,1992-2001,0.004853609383045975,0.7740908418172332
373,0.25,40,118,7787,TRUE,2002-2007,0.1159908070273316,2.835212915030318e-10
373,0.25,40,118,7787,TRUE,2008-2015,0.048880151093861804,0.004961806245828855
374,0.25,40,118,7966,TRUE,1985-1991,-0.020224416765190496,0.2872967324340229
374,0.25,40,118,7966,TRUE,1992-2001,0.010903722579438242,0.5310638569685078
374,0.25,40,118,7966,TRUE,2002-2007,0.1284477658751714,1.169750211485413e-11
374,0.25,40,118,7966,TRUE,2008-2015,0.04259589222905067,0.02015179484169892
375,0.25,40,118,7902,TRUE,1985-1991,-0.01907311435004516,0.2746862648203872
375,0.25,40,118,7902,TRUE,1992-2001,0.004004108890407473,0.798384161805721
375,0.25,40,118,7902,TRUE,2002-2007,0.11702896552690664,1.003583129827911e-11
375,0.25,40,118,7902,TRUE,2008-2015,0.05537944222762982,7.421801465982654e-4
376,0.25,40,118,7803,TRUE,1985-1991,-0.02214475757129372,0.20325087038930847
376,0.25,40,118,7803,TRUE,1992-2001,0.015346805164665758,0.3313709847608645
376,0.25,40,118,7803,TRUE,2002-2007,0.1114507930916061,1.427184167398679e-10
376,0.25,40,118,7803,TRUE,2008-2015,0.043302113323629474,0.007672998060917536
377,0.25,40,118,7763,TRUE,1985-1991,-0.03075609858669624,0.10016224679297825
377,0.25,40,118,7763,TRUE,1992-2001,0.01730263016567944,0.3119232541949693
377,0.25,40,118,7763,TRUE,2002-2007,0.12079497679014585,9.522475449875322e-11
377,0.25,40,118,7763,TRUE,2008-2015,0.048810504005823166,0.0058167158667307645
378,0.25,40,118,7802,TRUE,1985-1991,-0.03008229217684168,0.09505155189417047
378,0.25,40,118,7802,TRUE,1992-2001,0.0077082963967297115,0.643319818111918
378,0.25,40,118,7802,TRUE,2002-2007,0.11951231926867993,4.019225792245972e-11
378,0.25,40,118,7802,TRUE,2008-2015,0.03309484979277487,0.056514830899497805
379,0.25,40,118,7729,TRUE,1985-1991,-0.012778813336587775,0.477559699650861
379,0.25,40,118,7729,TRUE,1992-2001,0.0331428342080025,0.04294976989437501
379,0.25,40,118,7729,TRUE,2002-2007,0.12939688897403426,5.19840487817562e-13
379,0.25,40,118,7729,TRUE,2008-2015,0.06914294763867418,5.6581759862800325e-5
380,0.25,40,118,7902,TRUE,1985-1991,-0.03239082412282963,0.05627304335864226
380,0.25,40,118,7902,TRUE,1992-2001,0.007314206035804426,0.6353784762536212
380,0.25,40,118,7902,TRUE,2002-2007,0.10066461892811487,2.4929983364769294e-9
380,0.25,40,118,7902,TRUE,2008-2015,0.0305192517596242,0.055204807209647315
381,0.25,40,118,7748,TRUE,1985-1991,-0.013254648886285445,0.4687249817200977
381,0.25,40,118,7748,TRUE,1992-2001,0.028476776813348804,0.08706403137616468
381,0.25,40,118,7748,TRUE,2002-2007,0.12606959385153313,5.385511067187327e-12
381,0.25,40,118,7748,TRUE,2008-2015,0.06722744447338709,9.423590860260024e-5
382,0.25,40,118,7682,TRUE,1985-1991,-0.02847135778669061,0.10053244889559475
382,0.25,40,118,7682,TRUE,1992-2001,0.016133922840580038,0.30816856618834404
382,0.25,40,118,7682,TRUE,2002-2007,0.12208074428640897,1.8015753141155502e-12
382,0.25,40,118,7682,TRUE,2008-2015,0.05056217852360583,0.001937413790202424
383,0.25,40,118,7728,TRUE,1985-1991,-0.02308456979521004,0.17908744680326186
383,0.25,40,118,7728,TRUE,1992-2001,0.010526487884388185,0.4978909763803467
383,0.25,40,118,7728,TRUE,2002-2007,0.12045992038886869,1.348186272830952e-12
383,0.25,40,118,7728,TRUE,2008-2015,0.05307611178735967,9.400155742826857e-4
384,0.25,40,118,7874,TRUE,1985-1991,-0.03915665525438135,0.040346573776038334
384,0.25,40,118,7874,TRUE,1992-2001,0.0035974900675945706,0.8384992666510152
384,0.25,40,118,7874,TRUE,2002-2007,0.10626173152703382,3.268342249226565e-8
384,0.25,40,118,7874,TRUE,2008-2015,0.04350518324298221,0.018326672636289558
385,0.25,40,118,7800,TRUE,1985-1991,-0.009436347150917656,0.5715985693272556
385,0.25,40,118,7800,TRUE,1992-2001,0.04114084429282446,0.006733675328036482
385,0.25,40,118,7800,TRUE,2002-2007,0.1464773177189527,2.6704421558633113e-18
385,0.25,40,118,7800,TRUE,2008-2015,0.07236535360376013,4.348686922786403e-6
386,0.25,40,118,7809,TRUE,1985-1991,-0.019829318143371185,0.27022985634308644
386,0.25,40,118,7809,TRUE,1992-2001,0.010246810913647174,0.5240429696869688
386,0.25,40,118,7809,TRUE,2002-2007,0.10449887305681353,2.9444771502348424e-9
386,0.25,40,118,7809,TRUE,2008-2015,0.03902210384850274,0.02128248670162832
387,0.25,40,118,7838,TRUE,1985-1991,-0.03661253144373572,0.03565002475795497
387,0.25,40,118,7838,TRUE,1992-2001,0.007537049196973872,0.6381059729282119
387,0.25,40,118,7838,TRUE,2002-2007,0.11470978107828467,6.719629282399504e-11
387,0.25,40,118,7838,TRUE,2008-2015,0.039311231801845786,0.016978747247520708
388,0.25,40,118,7760,TRUE,1985-1991,-0.011782113141698854,0.5177739721083598
388,0.25,40,118,7760,TRUE,1992-2001,0.030772280572587348,0.06589241114296653
388,0.25,40,118,7760,TRUE,2002-2007,0.13501720186769944,1.490138437842267e-13
388,0.25,40,118,7760,TRUE,2008-2015,0.06952077918951398,5.7837139721601065e-5
389,0.25,40,118,7859,TRUE,1985-1991,-0.012660706557887518,0.48869087176717263
389,0.25,40,118,7859,TRUE,1992-2001,0.01808872675018528,0.2784324358608801
389,0.25,40,118,7859,TRUE,2002-2007,0.11472031574647003,4.742304950701872e-10
389,0.25,40,118,7859,TRUE,2008-2015,0.05992689386512906,5.731207937332152e-4
390,0.25,40,118,7665,TRUE,1985-1991,-0.00622304907031665,0.7136519731374755
390,0.25,40,118,7665,TRUE,1992-2001,0.035407538753089725,0.02089844227328903
390,0.25,40,118,7665,TRUE,2002-2007,0.1426789857852755,3.778227187680074e-17
390,0.25,40,118,7665,TRUE,2008-2015,0.06576163824894087,2.9694835911316e-5
391,0.25,40,118,7846,TRUE,1985-1991,-0.041939514676511865,0.026240582256747386
391,0.25,40,118,7846,TRUE,1992-2001,0.003204335474630428,0.8518501442616672
391,0.25,40,118,7846,TRUE,2002-2007,0.12068516002975527,1.5071822386967424e-10
391,0.25,40,118,7846,TRUE,2008-2015,0.04670711454666592,0.008171850373377712
392,0.25,40,118,7805,TRUE,1985-1991,-0.029451040508243653,0.12152872980363344
392,0.25,40,118,7805,TRUE,1992-2001,0.011926453537924563,0.49840434197150135
392,0.25,40,118,7805,TRUE,2002-2007,0.13095105100008017,6.9361871624354126e-12
392,0.25,40,118,7805,TRUE,2008-2015,0.05611315657072606,0.0021866495018213663
393,0.25,40,118,7898,TRUE,1985-1991,-0.019555387280310442,0.27793500980316344
393,0.25,40,118,7898,TRUE,1992-2001,0.014999458996653316,0.35722774360597104
393,0.25,40,118,7898,TRUE,2002-2007,0.12061355296780704,1.3256797212265593e-11
393,0.25,40,118,7898,TRUE,2008-2015,0.05648962322589041,9.287021191932746e-4
394,0.25,40,118,7860,TRUE,1985-1991,-0.010235895953092562,0.5742830444690905
394,0.25,40,118,7860,TRUE,1992-2001,0.01616510718127901,0.3353016784173724
394,0.25,40,118,7860,TRUE,2002-2007,0.11305662617863244,5.156985347922864e-10
394,0.25,40,118,7860,TRUE,2008-2015,0.05073904463130824,0.0033722829205649683
395,0.25,40,118,7956,TRUE,1985-1991,-0.0167613096481846,0.36881524566790547
395,0.25,40,118,7956,TRUE,1992-2001,0.007762714958666251,0.6466476269469104
395,0.25,40,118,7956,TRUE,2002-2007,0.1204608117999548,1.006412214370859e-10
395,0.25,40,118,7956,TRUE,2008-2015,0.04387685020982062,0.012994560731121036
396,0.25,40,118,7704,TRUE,1985-1991,-0.022007038413256578,0.21404245488656345
396,0.25,40,118,7704,TRUE,1992-2001,0.014525850763253936,0.37480162757712426
396,0.25,40,118,7704,TRUE,2002-2007,0.11965717571296033,1.7290982339663305e-11
396,0.25,40,118,7704,TRUE,2008-2015,0.04394625440548709,0.008920323988512871
397,0.25,40,118,7969,TRUE,1985-1991,-0.021964540949581005,0.21311903464651805
397,0.25,40,118,7969,TRUE,1992-2001,0.0269672476590167,0.095624166432047
397,0.25,40,118,7969,TRUE,2002-2007,0.12764598995183157,5.2095374811376765e-13
397,0.25,40,118,7969,TRUE,2008-2015,0.061666018275451095,2.868010113627691e-4
398,0.25,40,118,7851,TRUE,1985-1991,-0.026182406702287764,0.12935189123996166
398,0.25,40,118,7851,TRUE,1992-2001,0.018333336544598556,0.23586350755425736
398,0.25,40,118,7851,TRUE,2002-2007,0.14054662252207187,3.429433825995468e-16
398,0.25,40,118,7851,TRUE,2008-2015,0.06952371710404034,1.540908171830354e-5
399,0.25,40,118,7745,TRUE,1985-1991,-0.024195191628663296,0.17873304097764944
399,0.25,40,118,7745,TRUE,1992-2001,0.015669850595477392,0.34387534869667913
399,0.25,40,118,7745,TRUE,2002-2007,0.11653658927527241,1.009983613501878e-10
399,0.25,40,118,7745,TRUE,2008-2015,0.04821669971919991,0.004668426337883287
400,0.25,40,118,7781,TRUE,1985-1991,-0.021900468200080524,0.18584388491993992
400,0.25,40,118,7781,TRUE,1992-2001,0.022142663702823893,0.14047008842779785
400,0.25,40,118,7781,TRUE,2002-2007,0.13454133580626948,7.261449172820722e-16
400,0.25,40,118,7781,TRUE,2008-2015,0.059503432811273405,1.16211367254964e-4
401,0.25,40,118,7728,TRUE,1985-1991,-0.030745865182856526,0.07165891118973944
401,0.25,40,118,7728,TRUE,1992-2001,0.01933522867742566,0.21282555135232267
401,0.25,40,118,7728,TRUE,2002-2007,0.1344415154267445,2.8842744874703674e-15
401,0.25,40,118,7728,TRUE,2008-2015,0.06204804814518813,1.0357813440353805e-4
402,0.25,40,118,7797,TRUE,1985-1991,-0.02766908390433389,0.11435761095839406
402,0.25,40,118,7797,TRUE,1992-2001,0.014045640922363475,0.3815768831116854
402,0.25,40,118,7797,TRUE,2002-2007,0.123977545495192,1.3495581024595818e-12
402,0.25,40,118,7797,TRUE,2008-2015,0.056061743431201495,6.690126078606227e-4
403,0.25,40,118,7967,TRUE,1985-1991,-0.016070376018201785,0.3510708636510241
403,0.25,40,118,7967,TRUE,1992-2001,0.03165734633264402,0.0409675095188921
403,0.25,40,118,7967,TRUE,2002-2007,0.12935408292055445,5.191698128278506e-14
403,0.25,40,118,7967,TRUE,2008-2015,0.0685328905348225,2.611063088478116e-5
404,0.25,40,118,7762,TRUE,1985-1991,-0.011529539283623035,0.4973830693366211
404,0.25,40,118,7762,TRUE,1992-2001,0.025344186577770142,0.10324304415045446
404,0.25,40,118,7762,TRUE,2002-2007,0.12901327157960335,3.992122787629562e-14
404,0.25,40,118,7762,TRUE,2008-2015,0.06165668529540802,1.149550321994552e-4
405,0.25,40,118,7820,TRUE,1985-1991,-0.01771695733582845,0.3113836215193645
405,0.25,40,118,7820,TRUE,1992-2001,0.03005233381517652,0.05508636681715117
405,0.25,40,118,7820,TRUE,2002-2007,0.14087960070000022,3.602422291202856e-16
405,0.25,40,118,7820,TRUE,2008-2015,0.06422287243355064,6.747703162606409e-5
406,0.25,40,118,7768,TRUE,1985-1991,-0.024914134601581317,0.16800786199637335
406,0.25,40,118,7768,TRUE,1992-2001,0.02223519245515289,0.17865256874315613
406,0.25,40,118,7768,TRUE,2002-2007,0.11776663898526543,6.705095811458189e-11
406,0.25,40,118,7768,TRUE,2008-2015,0.042675237541395655,0.012592806198570373
407,0.25,40,118,7846,TRUE,1985-1991,-0.0177344444073625,0.3163942657420094
407,0.25,40,118,7846,TRUE,1992-2001,0.007877455520973617,0.6228845765892197
407,0.25,40,118,7846,TRUE,2002-2007,0.11118763901020215,1.882185479332022e-10
407,0.25,40,118,7846,TRUE,2008-2015,0.043314927257748374,0.00886407654637756
408,0.25,40,118,7674,TRUE,1985-1991,-0.02678732691336917,0.15398956872593594
408,0.25,40,118,7674,TRUE,1992-2001,0.009164946425200705,0.5940018819956283
408,0.25,40,118,7674,TRUE,2002-2007,0.11464823152635971,7.220672354854999e-10
408,0.25,40,118,7674,TRUE,2008-2015,0.03871310587288493,0.028354611423073137
409,0.25,40,118,7858,TRUE,1985-1991,-0.04317311480234411,0.012832050385165562
409,0.25,40,118,7858,TRUE,1992-2001,0.0113533729321613,0.4705724154321732
409,0.25,40,118,7858,TRUE,2002-2007,0.1361155390030489,6.542938129670103e-15
409,0.25,40,118,7858,TRUE,2008-2015,0.05461116997190848,7.206532875567914e-4
410,0.25,40,118,7916,TRUE,1985-1991,-0.011621150875877194,0.5200113571597708
410,0.25,40,118,7916,TRUE,1992-2001,0.024057688874254426,0.14311134710367343
410,0.25,40,118,7916,TRUE,2002-2007,0.12071938850777084,1.7838107868043825e-11
410,0.25,40,118,7916,TRUE,2008-2015,0.04295800456121986,0.011581466297406114
411,0.25,40,118,7858,TRUE,1985-1991,-0.025164787926297182,0.18147406284682252
411,0.25,40,118,7858,TRUE,1992-2001,0.0073102586671629464,0.6666343152127203
411,0.25,40,118,7858,TRUE,2002-2007,0.12355163463851467,2.428083848411066e-11
411,0.25,40,118,7858,TRUE,2008-2015,0.05865492218524711,8.263900926632554e-4
412,0.25,40,118,7834,TRUE,1985-1991,-0.028791633664731715,0.12720287573455774
412,0.25,40,118,7834,TRUE,1992-2001,0.005776210872903507,0.7394904159895626
412,0.25,40,118,7834,TRUE,2002-2007,0.11252506088500984,2.374589797493419e-9
412,0.25,40,118,7834,TRUE,2008-2015,0.04794796506801767,0.0074538564683215595
413,0.25,40,118,7847,TRUE,1985-1991,-0.0278538721904166,0.113371108262347
413,0.25,40,118,7847,TRUE,1992-2001,0.011881930183216087,0.45880365709526055
413,0.25,40,118,7847,TRUE,2002-2007,0.12137059942991246,5.639174410088795e-12
413,0.25,40,118,7847,TRUE,2008-2015,0.04924918447882062,0.002774473423837179
414,0.25,40,118,7832,TRUE,1985-1991,-0.022944856556830914,0.18427260870757511
414,0.25,40,118,7832,TRUE,1992-2001,0.018937697807325286,0.22713726326436798
414,0.25,40,118,7832,TRUE,2002-2007,0.12180801224055675,3.030017892472901e-12
414,0.25,40,118,7832,TRUE,2008-2015,0.053728927678596924,0.001000321075749479
415,0.25,40,118,7768,TRUE,1985-1991,-0.02281061565238062,0.2188587883988193
415,0.25,40,118,7768,TRUE,1992-2001,0.014034911014233278,0.4085014911721649
415,0.25,40,118,7768,TRUE,2002-2007,0.12132304653612352,4.271975599274229e-11
415,0.25,40,118,7768,TRUE,2008-2015,0.05111473380664552,0.0036321667334227445
416,0.25,40,118,7830,TRUE,1985-1991,-0.048223017359868774,0.0059530736185018016
416,0.25,40,118,7830,TRUE,1992-2001,0.0045845579757998675,0.7742839264137374
416,0.25,40,118,7830,TRUE,2002-2007,0.13024938699235644,1.6112700981505903e-13
416,0.25,40,118,7830,TRUE,2008-2015,0.05556953242119895,7.769991188561194e-4
417,0.25,40,118,7968,TRUE,1985-1991,-0.026472167651771534,0.16248659613667796
417,0.25,40,118,7968,TRUE,1992-2001,0.01000583266623838,0.5641622684898253
417,0.25,40,118,7968,TRUE,2002-2007,0.10518581114198923,2.9597598082383012e-8
417,0.25,40,118,7968,TRUE,2008-2015,0.040237721899622006,0.024732182490232815
418,0.25,40,118,7807,TRUE,1985-1991,-0.026596579888159475,0.11539228409024975
418,0.25,40,118,7807,TRUE,1992-2001,-5.857111438178769e-4,0.96915678625061
418,0.25,40,118,7807,TRUE,2002-2007,0.09389127681055635,2.0190991363770564e-8
418,0.25,40,118,7807,TRUE,2008-2015,0.02620709627210557,0.09442729602385293
419,0.25,40,118,7686,TRUE,1985-1991,-0.027963328487883583,0.11423289729429881
419,0.25,40,118,7686,TRUE,1992-2001,0.02789535748185666,0.08212798050968967
419,0.25,40,118,7686,TRUE,2002-2007,0.11732735910144243,2.3427652858606346e-11
419,0.25,40,118,7686,TRUE,2008-2015,0.059090542011071646,4.131543026805139e-4
420,0.25,40,118,7834,TRUE,1985-1991,-0.0278153295170622,0.11384215299256945
420,0.25,40,118,7834,TRUE,1992-2001,0.013399192016448687,0.40908607829283755
420,0.25,40,118,7834,TRUE,2002-2007,0.12311603519758099,4.9548860765987126e-12
420,0.25,40,118,7834,TRUE,2008-2015,0.059155347781001774,3.800408751726044e-4
421,0.25,40,118,7910,TRUE,1985-1991,-0.020509373981227156,0.20463217091384395
421,0.25,40,118,7910,TRUE,1992-2001,0.019119347019215163,0.18031947381939747
421,0.25,40,118,7910,TRUE,2002-2007,0.12255968328084854,1.0638641953763375e-14
421,0.25,40,118,7910,TRUE,2008-2015,0.05464291933554523,2.5010282687789004e-4
422,0.25,40,118,7839,TRUE,1985-1991,-0.023593443520115585,0.17236070695059813
422,0.25,40,118,7839,TRUE,1992-2001,0.022459438866959888,0.15476918986441912
422,0.25,40,118,7839,TRUE,2002-2007,0.11507027680380469,3.307101770134167e-11
422,0.25,40,118,7839,TRUE,2008-2015,0.0467380679747616,0.004101393324028768
423,0.25,40,118,7836,TRUE,1985-1991,-0.032955085021478356,0.07940147308268167
423,0.25,40,118,7836,TRUE,1992-2001,-0.005236292133991363,0.7636479496339552
423,0.25,40,118,7836,TRUE,2002-2007,0.12162651620348038,1.182869292354828e-10
423,0.25,40,118,7836,TRUE,2008-2015,0.0400900651254725,0.02528134729196581
424,0.25,40,118,7769,TRUE,1985-1991,-0.04367841237068883,0.01749238181170046
424,0.25,40,118,7769,TRUE,1992-2001,0.01693557220197768,0.31238953939859476
424,0.25,40,118,7769,TRUE,2002-2007,0.13825371369300882,5.658082766690475e-14
424,0.25,40,118,7769,TRUE,2008-2015,0.06065056480690682,5.326307686021787e-4
425,0.25,40,118,7715,TRUE,1985-1991,-0.010574560113021022,0.5609796534483734
425,0.25,40,118,7715,TRUE,1992-2001,0.02759198718276141,0.10054588248648968
425,0.25,40,118,7715,TRUE,2002-2007,0.1274821369710863,3.703871252089413e-12
425,0.25,40,118,7715,TRUE,2008-2015,0.05327657169614386,0.002215022734144111
426,0.25,40,118,7852,TRUE,1985-1991,-0.028013075507031693,0.1417116709679462
426,0.25,40,118,7852,TRUE,1992-2001,-0.0012838056315607263,0.9395102957721946
426,0.25,40,118,7852,TRUE,2002-2007,0.11220559175882117,2.2844234234120627e-9
426,0.25,40,118,7852,TRUE,2008-2015,0.050146891694415566,0.004957233488223171
427,0.25,40,118,7853,TRUE,1985-1991,-0.013016611699437335,0.44854035429608746
427,0.25,40,118,7853,TRUE,1992-2001,0.020342577800109455,0.17992766406260124
427,0.25,40,118,7853,TRUE,2002-2007,0.12372901230641344,1.6725066155333276e-13
427,0.25,40,118,7853,TRUE,2008-2015,0.06471581340134444,5.822909173622911e-5
428,0.25,40,118,7909,TRUE,1985-1991,-0.013431981738325728,0.46950153019213536
428,0.25,40,118,7909,TRUE,1992-2001,0.02026524685513053,0.23067964153179024
428,0.25,40,118,7909,TRUE,2002-2007,0.13613909002257601,3.2073846895710745e-13
428,0.25,40,118,7909,TRUE,2008-2015,0.058870205689491695,7.030304685586819e-4
429,0.25,40,118,7746,TRUE,1985-1991,-0.01869698087880954,0.2797925013619413
429,0.25,40,118,7746,TRUE,1992-2001,0.012689857174896652,0.4237000426219966
429,0.25,40,118,7746,TRUE,2002-2007,0.1085534117621527,4.1589324422136985e-10
429,0.25,40,118,7746,TRUE,2008-2015,0.03067782439726343,0.06007090894752316
430,0.25,40,118,7921,TRUE,1985-1991,-0.022490172872443932,0.21487615151115952
430,0.25,40,118,7921,TRUE,1992-2001,0.008252463294366168,0.616471913719543
430,0.25,40,118,7921,TRUE,2002-2007,0.12687061117071252,1.5425059230349542e-12
430,0.25,40,118,7921,TRUE,2008-2015,0.05354741906756618,0.0019878521732429647
431,0.25,40,118,7846,TRUE,1985-1991,-0.03437530049185958,0.06313790473553577
431,0.25,40,118,7846,TRUE,1992-2001,0.011943840585333355,0.47580106602950417
431,0.25,40,118,7846,TRUE,2002-2007,0.11626151527066966,2.287035470497032e-10
431,0.25,40,118,7846,TRUE,2008-2015,0.04950047510987138,0.004366739318705636
432,0.25,40,118,7732,TRUE,1985-1991,-0.006303841865794842,0.7348363968290403
432,0.25,40,118,7732,TRUE,1992-2001,0.024955759204722712,0.14129765618834034
432,0.25,40,118,7732,TRUE,2002-2007,0.11895776849293958,1.4517093927205167e-10
432,0.25,40,118,7732,TRUE,2008-2015,0.056346252043813924,0.0012880461412583292
433,0.25,40,118,7696,TRUE,1985-1991,-0.025909801834429102,0.1245941413929591
433,0.25,40,118,7696,TRUE,1992-2001,0.029602226034597046,0.05413941053447586
433,0.25,40,118,7696,TRUE,2002-2007,0.1371247189636626,4.794096452612858e-16
433,0.25,40,118,7696,TRUE,2008-2015,0.07084089729556645,8.016473127444126e-6
434,0.25,40,118,7821,TRUE,1985-1991,-0.03016260110436812,0.09711424216488147
434,0.25,40,118,7821,TRUE,1992-2001,0.011457543366505531,0.4917476492024057
434,0.25,40,118,7821,TRUE,2002-2007,0.1161450216633819,1.331277356338035e-10
434,0.25,40,118,7821,TRUE,2008-2015,0.04878033156223552,0.004591197255675399
435,0.25,40,118,7905,TRUE,1985-1991,-0.023384578216375837,0.1983340760503367
435,0.25,40,118,7905,TRUE,1992-2001,0.007839588234038485,0.6360910344710837
435,0.25,40,118,7905,TRUE,2002-2007,0.10523283766534193,6.211858505157597e-9
435,0.25,40,118,7905,TRUE,2008-2015,0.04716084357135501,0.006468971514702844
436,0.25,40,118,7687,TRUE,1985-1991,-0.020306295715779167,0.23565763321288757
436,0.25,40,118,7687,TRUE,1992-2001,0.01133186760955237,0.47121350865122813
436,0.25,40,118,7687,TRUE,2002-2007,0.11532384551074215,1.4932853128953748e-11
436,0.25,40,118,7687,TRUE,2008-2015,0.04068171962567773,0.011772083172313912
437,0.25,40,118,7938,TRUE,1985-1991,-0.007153442265216767,0.683755299192163
437,0.25,40,118,7938,TRUE,1992-2001,0.02705349181993863,0.0886230748502115
437,0.25,40,118,7938,TRUE,2002-2007,0.1336589091947063,2.7878058870998172e-14
437,0.25,40,118,7938,TRUE,2008-2015,0.0623947821606105,1.5593119679099102e-4
438,0.25,40,118,7981,TRUE,1985-1991,-0.021973970352691816,0.23271239558903875
438,0.25,40,118,7981,TRUE,1992-2001,0.008854381526210452,0.590583990703756
438,0.25,40,118,7981,TRUE,2002-2007,0.1133569083693451,2.9927964027088503e-10
438,0.25,40,118,7981,TRUE,2008-2015,0.04872446670547734,0.005228443946199379
439,0.25,40,118,7881,TRUE,1985-1991,-0.03122825449581502,0.09488859740684995
439,0.25,40,118,7881,TRUE,1992-2001,0.01032392057828203,0.5533448958420742
439,0.25,40,118,7881,TRUE,2002-2007,0.11167953119113254,3.5629626256364992e-9
439,0.25,40,118,7881,TRUE,2008-2015,0.0337847064400489,0.060162728975702365
440,0.25,40,118,7759,TRUE,1985-1991,-0.011607737177704575,0.5171365067707309
440,0.25,40,118,7759,TRUE,1992-2001,0.014872969896713184,0.3655890998243683
440,0.25,40,118,7759,TRUE,2002-2007,0.11651746723573211,9.0222894478895e-11
440,0.25,40,118,7759,TRUE,2008-2015,0.04533654267898527,0.007313826672878006
441,0.25,40,118,7832,TRUE,1985-1991,-0.03800739619812077,0.04069261363006504
441,0.25,40,118,7832,TRUE,1992-2001,0.009012937728190111,0.6013821054555439
441,0.25,40,118,7832,TRUE,2002-2007,0.13715126798621957,2.882042956220788e-13
441,0.25,40,118,7832,TRUE,2008-2015,0.05027019436643303,0.004338002055080884
442,0.25,40,118,7799,TRUE,1985-1991,-0.02187791292137029,0.22267684167328486
442,0.25,40,118,7799,TRUE,1992-2001,0.016281412134223818,0.32204236509075207
442,0.25,40,118,7799,TRUE,2002-2007,0.10422698669390623,6.458078151641309e-9
442,0.25,40,118,7799,TRUE,2008-2015,0.04402126523859143,0.009469113326109812
443,0.25,40,118,7839,TRUE,1985-1991,-0.023484269160973757,0.20201379359991675
443,0.25,40,118,7839,TRUE,1992-2001,0.012487428801329914,0.4603686565057725
443,0.25,40,118,7839,TRUE,2002-2007,0.1278599580737327,3.6792789073948035e-12
443,0.25,40,118,7839,TRUE,2008-2015,0.06277032211795955,2.962503845478049e-4
444,0.25,40,118,7839,TRUE,1985-1991,-0.03637079403770416,0.03941864163391855
444,0.25,40,118,7839,TRUE,1992-2001,2.0482571832775714e-4,0.9898913116416198
444,0.25,40,118,7839,TRUE,2002-2007,0.11210229699343086,2.9935438309815336e-10
444,0.25,40,118,7839,TRUE,2008-2015,0.04739018135611778,0.00500277659197932
445,0.25,40,118,7819,TRUE,1985-1991,-0.029634607154792218,0.10815154410389972
445,0.25,40,118,7819,TRUE,1992-2001,0.01410977369700846,0.4018495029676678
445,0.25,40,118,7819,TRUE,2002-2007,0.11832769066321133,1.245353254908569e-10
445,0.25,40,118,7819,TRUE,2008-2015,0.043709144179070944,0.012604439663409534
446,0.25,40,118,7861,TRUE,1985-1991,-0.027229219433925672,0.129580055309005
446,0.25,40,118,7861,TRUE,1992-2001,0.011790458765167176,0.468615882336574
446,0.25,40,118,7861,TRUE,2002-2007,0.12533315695894065,1.8564756473634782e-12
446,0.25,40,118,7861,TRUE,2008-2015,0.06490594629367724,1.4398482037683094e-4
447,0.25,40,118,7742,TRUE,1985-1991,-0.023095606747410197,0.19780748370899667
447,0.25,40,118,7742,TRUE,1992-2001,0.021354217571077177,0.1912478539278321
447,0.25,40,118,7742,TRUE,2002-2007,0.10193004641457719,1.0125210641526044e-8
447,0.25,40,118,7742,TRUE,2008-2015,0.04098387326249575,0.015492171734660914
448,0.25,40,118,7743,TRUE,1985-1991,-0.017460045248147517,0.3389289068686984
448,0.25,40,118,7743,TRUE,1992-2001,0.028580189781371168,0.08755231004175293
448,0.25,40,118,7743,TRUE,2002-2007,0.1435203448532698,4.829252053578521e-15
448,0.25,40,118,7743,TRUE,2008-2015,0.058973464359155243,6.245923126936567e-4
449,0.25,40,118,7777,TRUE,1985-1991,-0.020609955748448677,0.24272279200176133
449,0.25,40,118,7777,TRUE,1992-2001,0.023359560955381484,0.1466994140556089
449,0.25,40,118,7777,TRUE,2002-2007,0.12497089526797556,1.2935070848435417e-12
449,0.25,40,118,7777,TRUE,2008-2015,0.059373655380787246,3.4498446342121395e-4
450,0.25,40,118,7872,TRUE,1985-1991,-0.03408751091410694,0.07252817961047277
450,0.25,40,118,7872,TRUE,1992-2001,3.704138242753563e-5,0.9982906679655615
450,0.25,40,118,7872,TRUE,2002-2007,0.11561251707760845,8.42020224719868e-10
450,0.25,40,118,7872,TRUE,2008-2015,0.05619012459616662,0.0016616415051519174
451,0.25,40,118,7859,TRUE,1985-1991,-0.033389274263595066,0.046627180718420466
451,0.25,40,118,7859,TRUE,1992-2001,0.012184930180804486,0.423258179432093
451,0.25,40,118,7859,TRUE,2002-2007,0.12180351487888222,2.9270259367612186e-13
451,0.25,40,118,7859,TRUE,2008-2015,0.053967233475871824,6.049812664846826e-4
452,0.25,40,118,7874,TRUE,1985-1991,-0.028340016244286066,0.09043413379406257
452,0.25,40,118,7874,TRUE,1992-2001,0.013602907305328003,0.3656558715597791
452,0.25,40,118,7874,TRUE,2002-2007,0.1299724996096534,4.672272160134778e-15
452,0.25,40,118,7874,TRUE,2008-2015,0.05307019926787233,7.861286283832665e-4
453,0.25,40,118,7797,TRUE,1985-1991,-0.02954676286018424,0.10271235087290677
453,0.25,40,118,7797,TRUE,1992-2001,0.01899014020738749,0.2510501397881456
453,0.25,40,118,7797,TRUE,2002-2007,0.12490342109453953,4.423637940351024e-12
453,0.25,40,118,7797,TRUE,2008-2015,0.06452055677550361,1.694599591759761e-4
454,0.25,40,118,7732,TRUE,1985-1991,-0.01733195456333176,0.31334001024189967
454,0.25,40,118,7732,TRUE,1992-2001,0.023346700710810193,0.139608794922509
454,0.25,40,118,7732,TRUE,2002-2007,0.13056609009703707,3.6340931852392086e-14
454,0.25,40,118,7732,TRUE,2008-2015,0.05099804466502084,0.001663890408720963
455,0.25,40,118,7728,TRUE,1985-1991,-0.008770244323656846,0.6176209077901218
455,0.25,40,118,7728,TRUE,1992-2001,0.027505592790361612,0.08323397521796393
455,0.25,40,118,7728,TRUE,2002-2007,0.13672356418536394,6.3877859148740256e-15
455,0.25,40,118,7728,TRUE,2008-2015,0.06281615842154249,1.4114122487438014e-4
456,0.25,40,118,7791,TRUE,1985-1991,-0.031065184229795262,0.08024305746944459
456,0.25,40,118,7791,TRUE,1992-2001,0.016902330151945033,0.28826582361423614
456,0.25,40,118,7791,TRUE,2002-2007,0.12780964813695714,4.363788634495365e-13
456,0.25,40,118,7791,TRUE,2008-2015,0.050048652879507674,0.0023875145786578806
457,0.25,40,118,7822,TRUE,1985-1991,-0.017677601155432533,0.3135269841083633
457,0.25,40,118,7822,TRUE,1992-2001,0.02224830879515544,0.1702631056467415
457,0.25,40,118,7822,TRUE,2002-2007,0.11156402418697357,2.8673786602726566e-10
457,0.25,40,118,7822,TRUE,2008-2015,0.049914852320427305,0.0029051407340233235
458,0.25,40,118,7795,TRUE,1985-1991,-0.04651381884436995,0.016410395223275656
458,0.25,40,118,7795,TRUE,1992-2001,-0.005448687972097584,0.7613249441857424
458,0.25,40,118,7795,TRUE,2002-2007,0.09634790757808476,7.261684553470212e-7
458,0.25,40,118,7795,TRUE,2008-2015,0.02622154782489311,0.15278678626636735
459,0.25,40,118,7770,TRUE,1985-1991,-0.007559490168220044,0.6774501265687105
459,0.25,40,118,7770,TRUE,1992-2001,0.033248348571518635,0.04327554158530714
459,0.25,40,118,7770,TRUE,2002-2007,0.14002355154528265,8.406059390346692e-15
459,0.25,40,118,7770,TRUE,2008-2015,0.07410926345763691,1.5644408416007863e-5
460,0.25,40,118,7854,TRUE,1985-1991,-0.021934853828345372,0.21131358243985207
460,0.25,40,118,7854,TRUE,1992-2001,0.003894475894838951,0.8019126372514952
460,0.25,40,118,7854,TRUE,2002-2007,0.11347715705698488,6.184856689795203e-11
460,0.25,40,118,7854,TRUE,2008-2015,0.0478912267625535,0.0030456385740673356
461,0.25,40,118,7722,TRUE,1985-1991,-0.030504731825280962,0.06941575147298727
461,0.25,40,118,7722,TRUE,1992-2001,0.012959707358835365,0.39889271238706697
461,0.25,40,118,7722,TRUE,2002-2007,0.12646102095016457,7.278967336027799e-14
461,0.25,40,118,7722,TRUE,2008-2015,0.051311221362386625,0.001293714786636999
462,0.25,40,118,7845,TRUE,1985-1991,-0.008250036266344041,0.6510406713872458
462,0.25,40,118,7845,TRUE,1992-2001,0.020241864738600797,0.22690228159962322
462,0.25,40,118,7845,TRUE,2002-2007,0.10814337634296745,2.924410177525082e-9
462,0.25,40,118,7845,TRUE,2008-2015,0.05215981736365887,0.002554883044956692
463,0.25,40,118,7888,TRUE,1985-1991,-0.023843993619674392,0.17713642145877082
463,0.25,40,118,7888,TRUE,1992-2001,0.01004902528211071,0.5350056932088719
463,0.25,40,118,7888,TRUE,2002-2007,0.12540168557503503,1.8785442826557915e-12
463,0.25,40,118,7888,TRUE,2008-2015,0.05325081723298862,0.0017758985959512132
464,0.25,40,118,7862,TRUE,1985-1991,-0.02067245880604464,0.23947815082422988
464,0.25,40,118,7862,TRUE,1992-2001,9.046344442213208e-4,0.9547302527663177
464,0.25,40,118,7862,TRUE,2002-2007,0.1205563672735006,7.2046699665625544e-12
464,0.25,40,118,7862,TRUE,2008-2015,0.06063110633594106,2.438771818214638e-4
465,0.25,40,118,7729,TRUE,1985-1991,-0.01740652384314441,0.3203496745195278
465,0.25,40,118,7729,TRUE,1992-2001,0.011752337318698802,0.45978754695182217
465,0.25,40,118,7729,TRUE,2002-2007,0.12771363919071171,2.0769317031405077e-13
465,0.25,40,118,7729,TRUE,2008-2015,0.05364601438154559,0.0011479041475661708
466,0.25,40,118,7817,TRUE,1985-1991,-0.01998318458971579,0.2835999608197342
466,0.25,40,118,7817,TRUE,1992-2001,0.009151090867303365,0.5942476049328433
466,0.25,40,118,7817,TRUE,2002-2007,0.12140533905028933,9.038607197817609e-11
466,0.25,40,118,7817,TRUE,2008-2015,0.05424912770055289,0.002088981240820304
467,0.25,40,118,7734,TRUE,1985-1991,-0.014060040252021375,0.43664123554262363
467,0.25,40,118,7734,TRUE,1992-2001,0.013347005272590178,0.41000639836316627
467,0.25,40,118,7734,TRUE,2002-2007,0.10490715729751207,3.0167825515611806e-9
467,0.25,40,118,7734,TRUE,2008-2015,0.031065882008538246,0.06485539925170049
468,0.25,40,118,7656,TRUE,1985-1991,-0.015007675362506646,0.408380581155949
468,0.25,40,118,7656,TRUE,1992-2001,0.032274841393002865,0.05294447095672973
468,0.25,40,118,7656,TRUE,2002-2007,0.12028431744190234,3.5005055834398286e-11
468,0.25,40,118,7656,TRUE,2008-2015,0.07035433063508552,5.2074375749770474e-5
469,0.25,40,118,7880,TRUE,1985-1991,-0.03310903351330964,0.06613537999598516
469,0.25,40,118,7880,TRUE,1992-2001,-0.001812316140296276,0.9126536173380216
469,0.25,40,118,7880,TRUE,2002-2007,0.10650910102280285,3.36933801640756e-9
469,0.25,40,118,7880,TRUE,2008-2015,0.03397414584877323,0.048738003122833516
470,0.25,40,118,7737,TRUE,1985-1991,-0.02622106309398641,0.1438577992119117
470,0.25,40,118,7737,TRUE,1992-2001,0.015733921080510388,0.3308407772812277
470,0.25,40,118,7737,TRUE,2002-2007,0.11642769607443185,6.995183342831249e-11
470,0.25,40,118,7737,TRUE,2008-2015,0.04529875678277633,0.0065353927179000754
471,0.25,40,118,7902,TRUE,1985-1991,-0.005880879173209575,0.7486027297406972
471,0.25,40,118,7902,TRUE,1992-2001,0.03764981823552614,0.024118163697733598
471,0.25,40,118,7902,TRUE,2002-2007,0.15789274474230627,5.859638462243729e-18
471,0.25,40,118,7902,TRUE,2008-2015,0.07162177354396994,2.805664267424548e-5
472,0.25,40,118,7971,TRUE,1985-1991,-0.03472015041009823,0.044966103633338764
472,0.25,40,118,7971,TRUE,1992-2001,0.004580134274380587,0.773910844086493
472,0.25,40,118,7971,TRUE,2002-2007,0.12815099707524027,4.0695054958914535e-13
472,0.25,40,118,7971,TRUE,2008-2015,0.053455047672999585,0.001121781396011531
473,0.25,40,118,7990,TRUE,1985-1991,-0.017075658309780042,0.3541593104257266
473,0.25,40,118,7990,TRUE,1992-2001,0.009176055568104847,0.5830840568875368
473,0.25,40,118,7990,TRUE,2002-2007,0.12621415008633252,4.108540094481237e-12
473,0.25,40,118,7990,TRUE,2008-2015,0.0702798109986149,6.468377724942212e-5
474,0.25,40,118,7847,TRUE,1985-1991,-0.027694727913238206,0.13852609178306588
474,0.25,40,118,7847,TRUE,1992-2001,-0.009801567898342325,0.5614842780855176
474,0.25,40,118,7847,TRUE,2002-2007,0.10810594163031229,4.890203657891748e-9
474,0.25,40,118,7847,TRUE,2008-2015,0.04199941853111541,0.016219032856918714
475,0.25,40,118,7793,TRUE,1985-1991,-0.02573581178000952,0.14785325805941169
475,0.25,40,118,7793,TRUE,1992-2001,0.027652772300458463,0.08651328544866235
475,0.25,40,118,7793,TRUE,2002-2007,0.1240391628689072,1.9622862976311244e-12
475,0.25,40,118,7793,TRUE,2008-2015,0.060855290957934814,2.801038977400566e-4
476,0.25,40,118,7797,TRUE,1985-1991,-0.03741180008049029,0.04835615643237643
476,0.25,40,118,7797,TRUE,1992-2001,0.008648445682786929,0.623784858210229
476,0.25,40,118,7797,TRUE,2002-2007,0.141426273148337,1.3800097617243297e-13
476,0.25,40,118,7797,TRUE,2008-2015,0.05885744536980085,0.0012008245430290365
477,0.25,40,118,7906,TRUE,1985-1991,-0.021509953985182604,0.21734130399175217
477,0.25,40,118,7906,TRUE,1992-2001,0.015630710740581807,0.3160595944895811
477,0.25,40,118,7906,TRUE,2002-2007,0.13883934497039058,5.684191692909701e-16
477,0.25,40,118,7906,TRUE,2008-2015,0.06737977687751594,2.9200776258683514e-5
478,0.25,40,118,7781,TRUE,1985-1991,-0.023009826685424093,0.16991793695887866
478,0.25,40,118,7781,TRUE,1992-2001,0.02248558804275087,0.13882156040999857
478,0.25,40,118,7781,TRUE,2002-2007,0.14031429250913904,9.231831594228359e-17
478,0.25,40,118,7781,TRUE,2008-2015,0.0596287949695815,1.4360611553073893e-4
479,0.25,40,118,7775,TRUE,1985-1991,-0.018611620278870783,0.28928181897135086
479,0.25,40,118,7775,TRUE,1992-2001,0.027754356780659795,0.0859609595753108
479,0.25,40,118,7775,TRUE,2002-2007,0.12466381417415223,1.5256741929640923e-12
479,0.25,40,118,7775,TRUE,2008-2015,0.050970823189741055,0.00244226650022892
480,0.25,40,118,7842,TRUE,1985-1991,-0.015961802579595622,0.32949305639585497
480,0.25,40,118,7842,TRUE,1992-2001,0.015784821383260778,0.2770348616073954
480,0.25,40,118,7842,TRUE,2002-2007,0.12722266608713267,8.698943512777427e-15
480,0.25,40,118,7842,TRUE,2008-2015,0.05774641433565554,1.3682991083969323e-4
481,0.25,40,118,7748,TRUE,1985-1991,-0.029844261906841873,0.10079107996771161
481,0.25,40,118,7748,TRUE,1992-2001,0.008901819101004346,0.5896572288197197
481,0.25,40,118,7748,TRUE,2002-2007,0.11588469878715162,1.547366949090817e-10
481,0.25,40,118,7748,TRUE,2008-2015,0.03946538068432526,0.019733686683692256
482,0.25,40,118,7702,TRUE,1985-1991,-0.013097300761465739,0.47095697267094655
482,0.25,40,118,7702,TRUE,1992-2001,0.024647729231965038,0.13857052089797733
482,0.25,40,118,7702,TRUE,2002-2007,0.12825525583062009,1.7937137723400188e-12
482,0.25,40,118,7702,TRUE,2008-2015,0.06181585492064403,3.094450687623643e-4
483,0.25,40,118,7890,TRUE,1985-1991,-0.023248517296260374,0.19983841721206722
483,0.25,40,118,7890,TRUE,1992-2001,0.014430243951249054,0.37472418765123644
483,0.25,40,118,7890,TRUE,2002-2007,0.115825251107978,7.633594894812348e-11
483,0.25,40,118,7890,TRUE,2008-2015,0.03952409284478191,0.020590816922884836
484,0.25,40,118,7822,TRUE,1985-1991,-0.0302998159593366,0.09478353961443237
484,0.25,40,118,7822,TRUE,1992-2001,0.015739484344289966,0.33925127916092945
484,0.25,40,118,7822,TRUE,2002-2007,0.1253238806237736,2.9626109296958403e-12
484,0.25,40,118,7822,TRUE,2008-2015,0.05602401600075674,0.0010104495781004157
485,0.25,40,118,8018,TRUE,1985-1991,-0.03526460376872859,0.05704407490898382
485,0.25,40,118,8018,TRUE,1992-2001,0.014510338648158275,0.3822031478023062
485,0.25,40,118,8018,TRUE,2002-2007,0.1259494607815837,5.247914856597482e-12
485,0.25,40,118,8018,TRUE,2008-2015,0.06911503963768065,8.405928626596132e-5
486,0.25,40,118,7824,TRUE,1985-1991,-0.020042810661263143,0.2644495827659058
486,0.25,40,118,7824,TRUE,1992-2001,0.020767607898667904,0.20393565157674484
486,0.25,40,118,7824,TRUE,2002-2007,0.12273362254860323,6.557969739992308e-12
486,0.25,40,118,7824,TRUE,2008-2015,0.05398329955950713,0.0012555568057098444
487,0.25,40,118,7907,TRUE,1985-1991,-0.031668419914236266,0.09079859960788915
487,0.25,40,118,7907,TRUE,1992-2001,0.011506942753125977,0.4983085669746335
487,0.25,40,118,7907,TRUE,2002-2007,0.11957315039747232,1.7825725798535484e-10
487,0.25,40,118,7907,TRUE,2008-2015,0.051030401206626406,0.0034882680017818473
488,0.25,40,118,7856,TRUE,1985-1991,-0.027091100050160685,0.08522463528124466
488,0.25,40,118,7856,TRUE,1992-2001,0.02054245094054512,0.14546657732730095
488,0.25,40,118,7856,TRUE,2002-2007,0.12472464915499207,2.9683084327964423e-15
488,0.25,40,118,7856,TRUE,2008-2015,0.05366846945858686,2.948172989731201e-4
489,0.25,40,118,7726,TRUE,1985-1991,-0.024529479500949816,0.19414178407722688
489,0.25,40,118,7726,TRUE,1992-2001,0.012628866745322875,0.4658987342276044
489,0.25,40,118,7726,TRUE,2002-2007,0.11379838061590537,1.1944915156215815e-9
489,0.25,40,118,7726,TRUE,2008-2015,0.047017868105788535,0.008657767495294854
490,0.25,40,118,7637,TRUE,1985-1991,-0.032559285902615503,0.08060570925547585
490,0.25,40,118,7637,TRUE,1992-2001,0.0035624979741943757,0.8343206023239046
490,0.25,40,118,7637,TRUE,2002-2007,0.1270856989079569,6.964650572619361e-12
490,0.25,40,118,7637,TRUE,2008-2015,0.05007137337559399,0.004099765111033537
491,0.25,40,118,7854,TRUE,1985-1991,-0.029436846676060186,0.11180942453852104
491,0.25,40,118,7854,TRUE,1992-2001,0.009791489278090568,0.5637988099073528
491,0.25,40,118,7854,TRUE,2002-2007,0.12176896566580668,4.72537106870403e-11
491,0.25,40,118,7854,TRUE,2008-2015,0.03671343551357223,0.036193457484564005
492,0.25,40,118,7888,TRUE,1985-1991,-0.02279154099118002,0.1798928391339161
492,0.25,40,118,7888,TRUE,1992-2001,0.026000812926565343,0.08859521607344034
492,0.25,40,118,7888,TRUE,2002-2007,0.14695422601724506,3.260623177178795e-18
492,0.25,40,118,7888,TRUE,2008-2015,0.06834403071673179,1.6623690428790762e-5
493,0.25,40,118,7777,TRUE,1985-1991,-0.02467585306693028,0.14558827474981736
493,0.25,40,118,7777,TRUE,1992-2001,0.015702555111610714,0.29864843008780195
493,0.25,40,118,7777,TRUE,2002-2007,0.11751313984805466,2.1283037049619013e-12
493,0.25,40,118,7777,TRUE,2008-2015,0.04440692398693902,0.004795413564303963
494,0.25,40,118,7860,TRUE,1985-1991,-0.03460103758281098,0.06281207365739042
494,0.25,40,118,7860,TRUE,1992-2001,0.005493357909443865,0.7467198876842197
494,0.25,40,118,7860,TRUE,2002-2007,0.11956645364502906,1.0456921556708954e-10
494,0.25,40,118,7860,TRUE,2008-2015,0.049098216733841085,0.00587283515378944
495,0.25,40,118,7817,TRUE,1985-1991,-0.02560300528676611,0.12432391294503901
495,0.25,40,118,7817,TRUE,1992-2001,0.01977943015889836,0.1894783341480372
495,0.25,40,118,7817,TRUE,2002-2007,0.1188318340397128,7.533037983316333e-13
495,0.25,40,118,7817,TRUE,2008-2015,0.054615527500529615,5.506142447856541e-4
496,0.25,40,118,7741,TRUE,1985-1991,-0.030738958150301813,0.08916145331080019
496,0.25,40,118,7741,TRUE,1992-2001,0.02943101421894836,0.07228154410853674
496,0.25,40,118,7741,TRUE,2002-2007,0.1446917470540959,6.761424175307543e-16
496,0.25,40,118,7741,TRUE,2008-2015,0.06409952996816456,1.5565749427030106e-4
497,0.25,40,118,7796,TRUE,1985-1991,-0.027888094588942324,0.10750566114472618
497,0.25,40,118,7796,TRUE,1992-2001,0.007902028827155249,0.6099424785487135
497,0.25,40,118,7796,TRUE,2002-2007,0.12800772078356626,7.798289886171518e-14
497,0.25,40,118,7796,TRUE,2008-2015,0.05495490983737364,6.461260541688685e-4
498,0.25,40,118,7762,TRUE,1985-1991,-0.011810489372928352,0.5077910032117766
498,0.25,40,118,7762,TRUE,1992-2001,0.02708946771864428,0.10270216328293921
498,0.25,40,118,7762,TRUE,2002-2007,0.12839725362007376,7.0746297510865e-13
498,0.25,40,118,7762,TRUE,2008-2015,0.052698640384564316,0.0020064441701329824
499,0.25,40,118,7799,TRUE,1985-1991,-0.02455855081857106,0.149297009036834
499,0.25,40,118,7799,TRUE,1992-2001,0.019211430200697783,0.2168749724044289
499,0.25,40,118,7799,TRUE,2002-2007,0.12454358276903016,3.054296420240513e-13
499,0.25,40,118,7799,TRUE,2008-2015,0.05827789917122943,2.487881806910889e-4
500,0.25,40,118,7836,TRUE,1985-1991,-0.019212431386183886,0.3050182584544382
500,0.25,40,118,7836,TRUE,1992-2001,0.0017623850097711474,0.9178245516026231
500,0.25,40,118,7836,TRUE,2002-2007,0.10673396437026375,9.900807320684528e-9
500,0.25,40,118,7836,TRUE,2008-2015,0.05039205745180612,0.00452589192708511
501,0.25,40,118,7763,TRUE,1985-1991,-0.022198716385464046,0.20998245806919857
501,0.25,40,118,7763,TRUE,1992-2001,0.012337708388216514,0.43790182773680436
501,0.25,40,118,7763,TRUE,2002-2007,0.1208192755682486,4.0061991875817095e-12
501,0.25,40,118,7763,TRUE,2008-2015,0.05440209039498446,9.04788917749381e-4
502,0.25,40,118,7662,TRUE,1985-1991,-0.012344738921187497,0.5005681001598212
502,0.25,40,118,7662,TRUE,1992-2001,0.020026010020148012,0.23457546711542815
502,0.25,40,118,7662,TRUE,2002-2007,0.11762066905763231,1.0474747358692175e-10
502,0.25,40,118,7662,TRUE,2008-2015,0.05659180980709165,0.0010098163985459573
503,0.25,40,118,7890,TRUE,1985-1991,-0.011539585048606301,0.5319870677813272
503,0.25,40,118,7890,TRUE,1992-2001,0.012247396893810221,0.46875445290047846
503,0.25,40,118,7890,TRUE,2002-2007,0.10805110525558699,4.2779104998867275e-9
503,0.25,40,118,7890,TRUE,2008-2015,0.04204629637481405,0.016346750340779422
504,0.25,40,118,7780,TRUE,1985-1991,-0.022586195597057615,0.20422140789431303
504,0.25,40,118,7780,TRUE,1992-2001,0.00902796646970204,0.5786084886316456
504,0.25,40,118,7780,TRUE,2002-2007,0.1294368372001315,5.834423484122314e-13
504,0.25,40,118,7780,TRUE,2008-2015,0.05198687013334177,0.0019477958884967375
505,0.25,40,118,7773,TRUE,1985-1991,-0.031695766548057544,0.06761317852239364
505,0.25,40,118,7773,TRUE,1992-2001,0.0136687094617488,0.38352242883615606
505,0.25,40,118,7773,TRUE,2002-2007,0.129784505446302,4.315841884083495e-14
505,0.25,40,118,7773,TRUE,2008-2015,0.05700068460803914,4.955701437606903e-4
506,0.25,40,118,8019,TRUE,1985-1991,-0.0073990901860702795,0.6923410882680987
506,0.25,40,118,8019,TRUE,1992-2001,0.020892121912972607,0.22143489974718336
506,0.25,40,118,8019,TRUE,2002-2007,0.12745285791573902,9.797394929090906e-12
506,0.25,40,118,8019,TRUE,2008-2015,0.060659905843841344,7.524515579061254e-4
507,0.25,40,118,7764,TRUE,1985-1991,-0.041670549665099775,0.02067261447556016
507,0.25,40,118,7764,TRUE,1992-2001,0.007902857467577032,0.6302273908684487
507,0.25,40,118,7764,TRUE,2002-2007,0.12271008820080587,5.795289893870179e-12
507,0.25,40,118,7764,TRUE,2008-2015,0.046231346661858665,0.006068005297505555
508,0.25,40,118,7628,TRUE,1985-1991,-0.023542665349137095,0.15686981721207885
508,0.25,40,118,7628,TRUE,1992-2001,0.02170991243300351,0.15630152157801847
508,0.25,40,118,7628,TRUE,2002-2007,0.11380090510057558,1.1266707609503339e-11
508,0.25,40,118,7628,TRUE,2008-2015,0.04992912937345015,0.0015206603244474041
509,0.25,40,118,7776,TRUE,1985-1991,-0.04001496860680385,0.02954633465461247
509,0.25,40,118,7776,TRUE,1992-2001,0.006903292358563282,0.6812780376920018
509,0.25,40,118,7776,TRUE,2002-2007,0.13367548542053723,3.634789114378785e-13
509,0.25,40,118,7776,TRUE,2008-2015,0.05985492621632182,5.124904487970575e-4
510,0.25,40,118,7770,TRUE,1985-1991,-0.01779303855294788,0.3085642523419625
510,0.25,40,118,7770,TRUE,1992-2001,0.010129538333731324,0.5298737493294794
510,0.25,40,118,7770,TRUE,2002-2007,0.1005464361864634,1.0578258376872225e-8
510,0.25,40,118,7770,TRUE,2008-2015,0.03469840377025404,0.03554851413928892
511,0.25,40,118,7789,TRUE,1985-1991,-0.01840336518404539,0.28256898849669304
511,0.25,40,118,7789,TRUE,1992-2001,0.019538470883727763,0.20058682020026325
511,0.25,40,118,7789,TRUE,2002-2007,0.12963696754954696,1.552966949406114e-14
511,0.25,40,118,7789,TRUE,2008-2015,0.05395971557159457,6.846027483847865e-4
512,0.25,40,118,7711,TRUE,1985-1991,-0.0239335188872163,0.18674696469441263
512,0.25,40,118,7711,TRUE,1992-2001,0.024858605820450595,0.13255530614754102
512,0.25,40,118,7711,TRUE,2002-2007,0.1264929452579897,2.0010994020716275e-12
512,0.25,40,118,7711,TRUE,2008-2015,0.062573297574761,2.885947331136762e-4
513,0.25,40,118,7770,TRUE,1985-1991,-0.01391681425716772,0.37109601084429866
513,0.25,40,118,7770,TRUE,1992-2001,0.016701016991582322,0.23582901840755532
513,0.25,40,118,7770,TRUE,2002-2007,0.11765549927762896,5.620933901248535e-14
513,0.25,40,118,7770,TRUE,2008-2015,0.051042692067130954,4.918408651485195e-4
514,0.25,40,118,7905,TRUE,1985-1991,-0.030432472008351825,0.10764062470890937
514,0.25,40,118,7905,TRUE,1992-2001,0.011639849574980547,0.5002230799351787
514,0.25,40,118,7905,TRUE,2002-2007,0.13130815479751787,3.095735740551486e-12
514,0.25,40,118,7905,TRUE,2008-2015,0.0501933594831217,0.005291455534954738
515,0.25,40,118,7886,TRUE,1985-1991,-0.021349102873810786,0.23418472805546964
515,0.25,40,118,7886,TRUE,1992-2001,0.01902528999372508,0.24361217407808514
515,0.25,40,118,7886,TRUE,2002-2007,0.1304299619546979,4.3351066412725664e-13
515,0.25,40,118,7886,TRUE,2008-2015,0.06078631907612923,2.74371917410216e-4
516,0.25,40,118,7911,TRUE,1985-1991,-0.030573591065230922,0.10174233598640182
516,0.25,40,118,7911,TRUE,1992-2001,0.00128369919752052,0.9397540669240771
516,0.25,40,118,7911,TRUE,2002-2007,0.10689481662443784,8.440833830189162e-9
516,0.25,40,118,7911,TRUE,2008-2015,0.031615901133650176,0.07404438954172513
517,0.25,40,118,7912,TRUE,1985-1991,-0.027918131203862797,0.11236874293155245
517,0.25,40,118,7912,TRUE,1992-2001,0.008719688943739572,0.5881327689263435
517,0.25,40,118,7912,TRUE,2002-2007,0.1293204133955986,2.622284144686441e-13
517,0.25,40,118,7912,TRUE,2008-2015,0.048434985608220585,0.0033686229860631816
518,0.25,40,118,7802,TRUE,1985-1991,-0.019468963507678728,0.27940974052156414
518,0.25,40,118,7802,TRUE,1992-2001,0.003769224198026066,0.8156018298846555
518,0.25,40,118,7802,TRUE,2002-2007,0.11970991288421488,1.9218661989966327e-11
518,0.25,40,118,7802,TRUE,2008-2015,0.04321019364822315,0.009433258619903063
519,0.25,40,118,7802,TRUE,1985-1991,-0.027697139198617115,0.128631810715788
519,0.25,40,118,7802,TRUE,1992-2001,0.025676649553219872,0.1292557197887016
519,0.25,40,118,7802,TRUE,2002-2007,0.14169233446090937,1.9102567392712052e-14
519,0.25,40,118,7802,TRUE,2008-2015,0.054229093710214754,0.0017550385023121571
520,0.25,40,118,7999,TRUE,1985-1991,-6.037843740104875e-5,0.9974313990535605
520,0.25,40,118,7999,TRUE,1992-2001,0.028775903346925497,0.0902707572336802
520,0.25,40,118,7999,TRUE,2002-2007,0.1379555667206731,1.5049427148215259e-13
520,0.25,40,118,7999,TRUE,2008-2015,0.07473781186300472,3.0296570237673296e-5
521,0.25,40,118,7803,TRUE,1985-1991,-0.014256676065229604,0.4041698400507213
521,0.25,40,118,7803,TRUE,1992-2001,0.026592949903622834,0.08567122916510386
521,0.25,40,118,7803,TRUE,2002-2007,0.14255284492753337,6.016130353686959e-17
521,0.25,40,118,7803,TRUE,2008-2015,0.06265942608541648,1.0555523371797148e-4
522,0.25,40,118,7819,TRUE,1985-1991,-0.03608558186966534,0.047362751986500314
522,0.25,40,118,7819,TRUE,1992-2001,0.0033361981648728015,0.8415084621222129
522,0.25,40,118,7819,TRUE,2002-2007,0.12026593882577041,4.723419310097037e-11
522,0.25,40,118,7819,TRUE,2008-2015,0.046499638343855045,0.00670395662578853
523,0.25,40,118,7722,TRUE,1985-1991,-0.0229621493200785,0.18240318967133554
523,0.25,40,118,7722,TRUE,1992-2001,0.0023895376923359357,0.8799770615890673
523,0.25,40,118,7722,TRUE,2002-2007,0.10277610322233802,3.110797947977933e-9
523,0.25,40,118,7722,TRUE,2008-2015,0.03285455915291632,0.04416404694473085
524,0.25,40,118,7687,TRUE,1985-1991,-0.03067664610381135,0.09663842912247168
524,0.25,40,118,7687,TRUE,1992-2001,0.014310554031357198,0.3902426139892794
524,0.25,40,118,7687,TRUE,2002-2007,0.13717189903650595,3.264838590850325e-14
524,0.25,40,118,7687,TRUE,2008-2015,0.06300220850063205,2.5018277097322883e-4
525,0.25,40,118,7883,TRUE,1985-1991,-0.03190781140049502,0.0636437516807093
525,0.25,40,118,7883,TRUE,1992-2001,0.011749786604339535,0.4530622451241334
525,0.25,40,118,7883,TRUE,2002-2007,0.1247451375675565,4.5120093530029534e-13
525,0.25,40,118,7883,TRUE,2008-2015,0.050808987577466505,0.001682758256036355
526,0.25,40,118,7882,TRUE,1985-1991,-0.017991647344362496,0.32984679164706115
526,0.25,40,118,7882,TRUE,1992-2001,0.015405463788791145,0.3628682941637573
526,0.25,40,118,7882,TRUE,2002-2007,0.1282775911443395,2.6952357584472166e-12
526,0.25,40,118,7882,TRUE,2008-2015,0.055043555749572856,0.001678799730514371
527,0.25,40,118,7879,TRUE,1985-1991,-0.025153663959980806,0.1742351905533632
527,0.25,40,118,7879,TRUE,1992-2001,0.015982617920560636,0.3534068688578673
527,0.25,40,118,7879,TRUE,2002-2007,0.12402220724374405,4.488970165821407e-11
527,0.25,40,118,7879,TRUE,2008-2015,0.04952243345072474,0.004958467618858525
528,0.25,40,118,7801,TRUE,1985-1991,-0.03524092105479297,0.04169849364000282
528,0.25,40,118,7801,TRUE,1992-2001,0.007300970383345283,0.6455090384552875
528,0.25,40,118,7801,TRUE,2002-2007,0.12097142056374542,2.694248432965876e-12
528,0.25,40,118,7801,TRUE,2008-2015,0.04788722283801196,0.0032822055968982308
529,0.25,40,118,7771,TRUE,1985-1991,-0.027408939748941038,0.11712339468195153
529,0.25,40,118,7771,TRUE,1992-2001,0.011465893560869533,0.4758924127477473
529,0.25,40,118,7771,TRUE,2002-2007,0.11797351301830455,1.643335416052512e-11
529,0.25,40,118,7771,TRUE,2008-2015,0.046876689782593295,0.0044362887177306414
530,0.25,40,118,7669,TRUE,1985-1991,-0.015424495583627193,0.3959517403195271
530,0.25,40,118,7669,TRUE,1992-2001,0.018915654498142753,0.2602904209736843
530,0.25,40,118,7669,TRUE,2002-2007,0.12021582958461037,4.002881999131776e-11
530,0.25,40,118,7669,TRUE,2008-2015,0.05964498709781244,5.616669140265714e-4
531,0.25,40,118,7844,TRUE,1985-1991,-0.027579241852915187,0.14648483237626023
531,0.25,40,118,7844,TRUE,1992-2001,0.008937053519156524,0.6115383428137307
531,0.25,40,118,7844,TRUE,2002-2007,0.11391934605576667,2.116997193707469e-9
531,0.25,40,118,7844,TRUE,2008-2015,0.04610981943134673,0.010468314681221861
532,0.25,40,118,7863,TRUE,1985-1991,-0.021530800099998502,0.22395251119259657
532,0.25,40,118,7863,TRUE,1992-2001,0.021208579980257766,0.19144267909384466
532,0.25,40,118,7863,TRUE,2002-2007,0.12433026145313644,2.1330490492382983e-12
532,0.25,40,118,7863,TRUE,2008-2015,0.05683630535388211,6.542396291508045e-4
533,0.25,40,118,7884,TRUE,1985-1991,-0.03160698145989081,0.06460886766993969
533,0.25,40,118,7884,TRUE,1992-2001,0.012456246529546487,0.4189008024689174
533,0.25,40,118,7884,TRUE,2002-2007,0.1395788925210456,3.866059622269408e-16
533,0.25,40,118,7884,TRUE,2008-2015,0.06070219727920187,1.399731568983617e-4
534,0.25,40,118,7843,TRUE,1985-1991,-0.03484198528119399,0.055206162571951926
534,0.25,40,118,7843,TRUE,1992-2001,0.008088692235279311,0.6247477524136148
534,0.25,40,118,7843,TRUE,2002-2007,0.11864028719160528,4.7927913637567616e-11
534,0.25,40,118,7843,TRUE,2008-2015,0.055884406739089065,0.0011540233936059752
535,0.25,40,118,7853,TRUE,1985-1991,-0.02240896818982587,0.18987457880444966
535,0.25,40,118,7853,TRUE,1992-2001,0.009610972875636746,0.533885325207116
535,0.25,40,118,7853,TRUE,2002-2007,0.10610578930911885,4.922461387635427e-10
535,0.25,40,118,7853,TRUE,2008-2015,0.04186019602785387,0.00874141224066525
536,0.25,40,118,7747,TRUE,1985-1991,-0.03462344175293111,0.04227300574970816
536,0.25,40,118,7747,TRUE,1992-2001,0.002736989521095849,0.8597294058886895
536,0.25,40,118,7747,TRUE,2002-2007,0.09300077301898374,4.488279330355993e-8
536,0.25,40,118,7747,TRUE,2008-2015,0.03994042650263849,0.012622088335161926
537,0.25,40,118,7772,TRUE,1985-1991,-0.017129456356339078,0.33548689538283744
537,0.25,40,118,7772,TRUE,1992-2001,0.018491051257581256,0.2506097752414725
537,0.25,40,118,7772,TRUE,2002-2007,0.13011671114344162,1.707445547450711e-13
537,0.25,40,118,7772,TRUE,2008-2015,0.0628974003432006,1.850458182740471e-4
538,0.25,40,118,7886,TRUE,1985-1991,-0.010576869474335148,0.5520349414692944
538,0.25,40,118,7886,TRUE,1992-2001,0.020432041539520482,0.20276090639206196
538,0.25,40,118,7886,TRUE,2002-2007,0.13304247284355736,4.154174194831692e-14
538,0.25,40,118,7886,TRUE,2008-2015,0.05903396467958564,4.4091172730287786e-4
539,0.25,40,118,7825,TRUE,1985-1991,-0.009815932256206758,0.5879799512667332
539,0.25,40,118,7825,TRUE,1992-2001,0.015353104390711423,0.3473981257816578
539,0.25,40,118,7825,TRUE,2002-2007,0.12083801179595628,1.1245700960444658e-11
539,0.25,40,118,7825,TRUE,2008-2015,0.05833994764630258,6.146906658198505e-4
540,0.25,40,118,7781,TRUE,1985-1991,-0.033990804459887135,0.0569479940942772
540,0.25,40,118,7781,TRUE,1992-2001,0.010686307563238635,0.5104590853714852
540,0.25,40,118,7781,TRUE,2002-2007,0.112738999687331,2.1973634370818556e-10
540,0.25,40,118,7781,TRUE,2008-2015,0.042790002469395814,0.010580826292757809
541,0.25,40,118,7754,TRUE,1985-1991,-0.024594933105418267,0.20781651106822963
541,0.25,40,118,7754,TRUE,1992-2001,0.015861807681462923,0.3748465686904831
541,0.25,40,118,7754,TRUE,2002-2007,0.14313083883653932,1.6464514147732282e-13
541,0.25,40,118,7754,TRUE,2008-2015,0.0635481713309885,5.200359755625037e-4
542,0.25,40,118,7824,TRUE,1985-1991,-0.03223504260292574,0.0784370179237838
542,0.25,40,118,7824,TRUE,1992-2001,8.877901753400821e-4,0.9578117874580332
542,0.25,40,118,7824,TRUE,2002-2007,0.11571155526437672,2.7023927892017753e-10
542,0.25,40,118,7824,TRUE,2008-2015,0.04244881519865938,0.014499773201394471
543,0.25,40,118,7730,TRUE,1985-1991,-0.023984155140054766,0.1833701460590392
543,0.25,40,118,7730,TRUE,1992-2001,0.018051318143688398,0.2761205814889778
543,0.25,40,118,7730,TRUE,2002-2007,0.11633418574953001,1.6411359618732443e-10
543,0.25,40,118,7730,TRUE,2008-2015,0.05804668838292701,7.010551414203954e-4
544,0.25,40,118,7795,TRUE,1985-1991,-0.026815508325454457,0.11970157348874703
544,0.25,40,118,7795,TRUE,1992-2001,0.007356147694625129,0.628579956043808
544,0.25,40,118,7795,TRUE,2002-2007,0.12719812754469523,4.1039107111192044e-14
544,0.25,40,118,7795,TRUE,2008-2015,0.05571678289904189,4.2392921340889063e-4
545,0.25,40,118,7763,TRUE,1985-1991,-0.04867620631339905,0.012547947659202547
545,0.25,40,118,7763,TRUE,1992-2001,0.012712509461644608,0.48077315728029996
545,0.25,40,118,7763,TRUE,2002-2007,0.13152453178214824,1.1760759800282564e-11
545,0.25,40,118,7763,TRUE,2008-2015,0.062155847694475415,7.790019077855628e-4
546,0.25,40,118,7911,TRUE,1985-1991,-0.01657504862981984,0.35820052427499355
546,0.25,40,118,7911,TRUE,1992-2001,0.01777144661507068,0.2829573288683739
546,0.25,40,118,7911,TRUE,2002-2007,0.12138814654419472,1.505016478675218e-11
546,0.25,40,118,7911,TRUE,2008-2015,0.03967221762816589,0.01984601025688758
547,0.25,40,118,7695,TRUE,1985-1991,-0.029527358956876814,0.10668506569360192
547,0.25,40,118,7695,TRUE,1992-2001,-0.005759635610625414,0.7328032617417852
547,0.25,40,118,7695,TRUE,2002-2007,0.11173201121956104,8.824907519687409e-10
547,0.25,40,118,7695,TRUE,2008-2015,0.044635156968552164,0.010148669831961998
548,0.25,40,118,7792,TRUE,1985-1991,-0.0256166918542122,0.14787692006909192
548,0.25,40,118,7792,TRUE,1992-2001,0.00802444716606213,0.6171476362824593
548,0.25,40,118,7792,TRUE,2002-2007,0.1256464069248166,9.530990245769103e-13
548,0.25,40,118,7792,TRUE,2008-2015,0.051731785642094005,0.001976041357528113
549,0.25,40,118,7819,TRUE,1985-1991,-0.029543552229001912,0.09268298948389565
549,0.25,40,118,7819,TRUE,1992-2001,0.011182480473497045,0.4781322061135863
549,0.25,40,118,7819,TRUE,2002-2007,0.13036783814163494,1.1899263084339134e-13
549,0.25,40,118,7819,TRUE,2008-2015,0.060843346647146704,1.9372561513982418e-4
550,0.25,40,118,7805,TRUE,1985-1991,-0.017246275640020733,0.331063091348381
550,0.25,40,118,7805,TRUE,1992-2001,0.015481938141552739,0.3369609458656628
550,0.25,40,118,7805,TRUE,2002-2007,0.12125255100931912,8.463200418733511e-12
550,0.25,40,118,7805,TRUE,2008-2015,0.04788060933536718,0.003920079273477771
551,0.25,40,118,7770,TRUE,1985-1991,-0.03765835954196179,0.028655686433184002
551,0.25,40,118,7770,TRUE,1992-2001,0.02441392026773105,0.11149271081066639
551,0.25,40,118,7770,TRUE,2002-2007,0.14640616462764228,4.918972298807457e-18
551,0.25,40,118,7770,TRUE,2008-2015,0.060894239816291974,1.343840844589155e-4
552,0.25,40,118,7877,TRUE,1985-1991,-0.02852344233611351,0.09318718511876328
552,0.25,40,118,7877,TRUE,1992-2001,0.014934452813782504,0.32584424735385625
552,0.25,40,118,7877,TRUE,2002-2007,0.1383303363819675,2.811557969169072e-16
552,0.25,40,118,7877,TRUE,2008-2015,0.06308216766433275,6.005639755788352e-5
553,0.25,40,118,7803,TRUE,1985-1991,-0.017704491460964058,0.3055552647466375
553,0.25,40,118,7803,TRUE,1992-2001,0.01649109690260486,0.2971796395732799
553,0.25,40,118,7803,TRUE,2002-2007,0.11275897881011049,5.995302366962625e-11
553,0.25,40,118,7803,TRUE,2008-2015,0.047886109646179426,0.00325487656694578
554,0.25,40,118,7904,TRUE,1985-1991,-0.022921093629432863,0.19944747990872932
554,0.25,40,118,7904,TRUE,1992-2001,0.005013759696604749,0.7540750648901379
554,0.25,40,118,7904,TRUE,2002-2007,0.10843987078976461,1.0490235031893653e-9
554,0.25,40,118,7904,TRUE,2008-2015,0.04562475721919972,0.006816295293069974
555,0.25,40,118,7768,TRUE,1985-1991,-0.024329002742330918,0.1813938221969652
555,0.25,40,118,7768,TRUE,1992-2001,0.02450750980397769,0.14569517997149423
555,0.25,40,118,7768,TRUE,2002-2007,0.11775633125775452,1.0151521794897441e-10
555,0.25,40,118,7768,TRUE,2008-2015,0.04601346241321273,0.007774334135894662
556,0.25,40,118,7715,TRUE,1985-1991,-0.016932701823084307,0.34602635249708114
556,0.25,40,118,7715,TRUE,1992-2001,0.027496251608162627,0.08891417412174492
556,0.25,40,118,7715,TRUE,2002-2007,0.12315089823239868,3.3577283138083533e-12
556,0.25,40,118,7715,TRUE,2008-2015,0.055229408665410915,9.789184690264575e-4
557,0.25,40,118,7886,TRUE,1985-1991,-0.013846455114911858,0.4386119361209969
557,0.25,40,118,7886,TRUE,1992-2001,0.027903335742926,0.09075467082149002
557,0.25,40,118,7886,TRUE,2002-2007,0.12968213657772473,6.685041867699083e-13
557,0.25,40,118,7886,TRUE,2008-2015,0.06535756023745429,1.6274817884337633e-4
558,0.25,40,118,7831,TRUE,1985-1991,-0.013356691202389697,0.462358431882794
558,0.25,40,118,7831,TRUE,1992-2001,0.015349023249411719,0.34745795066548485
558,0.25,40,118,7831,TRUE,2002-2007,0.13257315752082258,3.558279498684725e-13
558,0.25,40,118,7831,TRUE,2008-2015,0.05939883992461715,4.7621231235501317e-4
559,0.25,40,118,7808,TRUE,1985-1991,-0.030606944762450475,0.07492700386832318
559,0.25,40,118,7808,TRUE,1992-2001,0.01630793318381539,0.29675051391644186
559,0.25,40,118,7808,TRUE,2002-2007,0.1321566041001188,9.061155039533214e-15
559,0.25,40,118,7808,TRUE,2008-2015,0.05223135650021911,0.0011836121611594392
560,0.25,40,118,7814,TRUE,1985-1991,-0.02147684819381298,0.2232799729405462
560,0.25,40,118,7814,TRUE,1992-2001,0.017781051947089857,0.2749148964017739
560,0.25,40,118,7814,TRUE,2002-2007,0.11188328117518595,3.459058339439188e-10
560,0.25,40,118,7814,TRUE,2008-2015,0.05452464707680033,0.0010665072105104372
561,0.25,40,118,7872,TRUE,1985-1991,-0.031486302349517416,0.06690524663754832
561,0.25,40,118,7872,TRUE,1992-2001,0.018350159831539266,0.2400442297827898
561,0.25,40,118,7872,TRUE,2002-2007,0.12838890438888073,6.580668394104012e-14
561,0.25,40,118,7872,TRUE,2008-2015,0.057723981839090784,3.425702117911006e-4
562,0.25,40,118,7931,TRUE,1985-1991,-0.02050671881845988,0.28315590537137747
562,0.25,40,118,7931,TRUE,1992-2001,0.02384573692532879,0.17561676629631334
562,0.25,40,118,7931,TRUE,2002-2007,0.11848920532731437,7.727896334140742e-10
562,0.25,40,118,7931,TRUE,2008-2015,0.06039450364405191,0.0010085407936637621
563,0.25,40,118,7915,TRUE,1985-1991,-0.04316041857391312,0.011307289869101766
563,0.25,40,118,7915,TRUE,1992-2001,0.004313808371965849,0.7832086009831272
563,0.25,40,118,7915,TRUE,2002-2007,0.0991559739205552,9.09540558847962e-9
563,0.25,40,118,7915,TRUE,2008-2015,0.038338476427649634,0.017718234128849503
564,0.25,40,118,7849,TRUE,1985-1991,-0.025704244064456278,0.14021783052233666
564,0.25,40,118,7849,TRUE,1992-2001,0.013893929681645722,0.38513884090873945
564,0.25,40,118,7849,TRUE,2002-2007,0.11885945934035753,1.0464030518926735e-11
564,0.25,40,118,7849,TRUE,2008-2015,0.04956311178526358,0.002510955479863723
565,0.25,40,118,7836,TRUE,1985-1991,-0.0149871305977664,0.39010446777361735
565,0.25,40,118,7836,TRUE,1992-2001,0.016964959474708066,0.28005472763160016
565,0.25,40,118,7836,TRUE,2002-2007,0.12912298328678976,7.150999817200071e-14
565,0.25,40,118,7836,TRUE,2008-2015,0.05461186248115434,9.077927737225692e-4
566,0.25,40,118,7858,TRUE,1985-1991,-0.013515284149952489,0.45113806778795096
566,0.25,40,118,7858,TRUE,1992-2001,0.026098908444888144,0.10852997586693382
566,0.25,40,118,7858,TRUE,2002-2007,0.13975100699558576,3.757175454378517e-15
566,0.25,40,118,7858,TRUE,2008-2015,0.06953614805555731,3.499482130231747e-5
567,0.25,40,118,7656,TRUE,1985-1991,-0.02432125497283692,0.14855413637923326
567,0.25,40,118,7656,TRUE,1992-2001,0.011283369162923742,0.4586704394636802
567,0.25,40,118,7656,TRUE,2002-2007,0.11992225033185654,1.3114102163602153e-12
567,0.25,40,118,7656,TRUE,2008-2015,0.05582588968843176,4.643544588971478e-4
568,0.25,40,118,7695,TRUE,1985-1991,-0.026334640664724913,0.1709383754473763
568,0.25,40,118,7695,TRUE,1992-2001,0.014542749416733274,0.4060861568993632
568,0.25,40,118,7695,TRUE,2002-2007,0.10885907835741762,1.1452814492695302e-8
568,0.25,40,118,7695,TRUE,2008-2015,0.04921436828682354,0.006519514184328549
569,0.25,40,118,7547,TRUE,1985-1991,-0.029655011327411687,0.09872834214821952
569,0.25,40,118,7547,TRUE,1992-2001,0.01362653656836035,0.4084152500550387
569,0.25,40,118,7547,TRUE,2002-2007,0.11960834083326663,1.965075731689053e-11
569,0.25,40,118,7547,TRUE,2008-2015,0.04544930990542863,0.0070414245064727545
570,0.25,40,118,7916,TRUE,1985-1991,-0.034328534256632064,0.04888024832604948
570,0.25,40,118,7916,TRUE,1992-2001,0.005149692628277608,0.7372259152729637
570,0.25,40,118,7916,TRUE,2002-2007,0.11731336935025313,9.04540618756522e-12
570,0.25,40,118,7916,TRUE,2008-2015,0.04889036341761074,0.002673207268585758
571,0.25,40,118,7707,TRUE,1985-1991,-0.024141112777032923,0.17515645010165873
571,0.25,40,118,7707,TRUE,1992-2001,0.005735407700644769,0.726456850017709
571,0.25,40,118,7707,TRUE,2002-2007,0.12156558575283963,9.100769735211613e-12
571,0.25,40,118,7707,TRUE,2008-2015,0.049503016201449625,0.003434095175112755
572,0.25,40,118,7891,TRUE,1985-1991,-0.012344392795299577,0.5068440166973209
572,0.25,40,118,7891,TRUE,1992-2001,0.017587242793593853,0.30615919869654284
572,0.25,40,118,7891,TRUE,2002-2007,0.11819852404933788,1.9440860177376945e-10
572,0.25,40,118,7891,TRUE,2008-2015,0.05578555605761507,0.0018338518450472193
573,0.25,40,118,7863,TRUE,1985-1991,-0.03516904461806977,0.05086288488685423
573,0.25,40,118,7863,TRUE,1992-2001,0.0058458392985358265,0.7247737102866759
573,0.25,40,118,7863,TRUE,2002-2007,0.10670394570280925,3.520555232331607e-9
573,0.25,40,118,7863,TRUE,2008-2015,0.03611715206720714,0.03581461246721645
574,0.25,40,118,7809,TRUE,1985-1991,-0.021591605745203676,0.20988565791939082
574,0.25,40,118,7809,TRUE,1992-2001,0.02264951808765986,0.1265786921520467
574,0.25,40,118,7809,TRUE,2002-2007,0.14723261274644733,2.3445972595348008e-18
574,0.25,40,118,7809,TRUE,2008-2015,0.07951098816338921,4.5127890672851044e-7
575,0.25,40,118,7845,TRUE,1985-1991,-0.01462158129774262,0.42183455307439904
575,0.25,40,118,7845,TRUE,1992-2001,0.012304018588296637,0.46045366115637093
575,0.25,40,118,7845,TRUE,2002-2007,0.12789758123983194,1.6498142799217512e-12
575,0.25,40,118,7845,TRUE,2008-2015,0.05274214679312626,0.0023276181241710073
576,0.25,40,118,7888,TRUE,1985-1991,-0.01004145045655335,0.5871434746490996
576,0.25,40,118,7888,TRUE,1992-2001,-2.090307422249419e-4,0.9900267852258662
576,0.25,40,118,7888,TRUE,2002-2007,0.11523212474524382,2.9123462349015696e-10
576,0.25,40,118,7888,TRUE,2008-2015,0.04143482522996099,0.016695906600250405
577,0.25,40,118,7828,TRUE,1985-1991,-0.039089519719666774,0.03360387709231758
577,0.25,40,118,7828,TRUE,1992-2001,0.005394641190089325,0.7484607580507542
577,0.25,40,118,7828,TRUE,2002-2007,0.12877178384220217,1.8075970033176399e-12
577,0.25,40,118,7828,TRUE,2008-2015,0.048469064198500084,0.005124403651306004
578,0.25,40,118,7851,TRUE,1985-1991,-0.006300273736772738,0.7220443767378515
578,0.25,40,118,7851,TRUE,1992-2001,0.025101846501973255,0.1197562702730398
578,0.25,40,118,7851,TRUE,2002-2007,0.13332765207935593,6.058792363705863e-14
578,0.25,40,118,7851,TRUE,2008-2015,0.05831161291791481,6.336178080830581e-4
579,0.25,40,118,7739,TRUE,1985-1991,-0.01802952670246208,0.29941611495275683
579,0.25,40,118,7739,TRUE,1992-2001,0.013720290997461602,0.39014714756384633
579,0.25,40,118,7739,TRUE,2002-2007,0.10639530134835293,1.2485324740920177e-9
579,0.25,40,118,7739,TRUE,2008-2015,0.042546027793648904,0.009949050893409235
580,0.25,40,118,7750,TRUE,1985-1991,-0.017866722855263473,0.2697071075928663
580,0.25,40,118,7750,TRUE,1992-2001,0.015192930030420035,0.29828354129448675
580,0.25,40,118,7750,TRUE,2002-2007,0.12472496997145394,1.0445777756993636e-14
580,0.25,40,118,7750,TRUE,2008-2015,0.04955968635684348,0.001003248201901942
581,0.25,40,118,7746,TRUE,1985-1991,-0.029319494578489435,0.07300617166476729
581,0.25,40,118,7746,TRUE,1992-2001,0.017449732607417865,0.24130155129808342
581,0.25,40,118,7746,TRUE,2002-2007,0.13467288019320733,1.8678907765668912e-16
581,0.25,40,118,7746,TRUE,2008-2015,0.055733680870115945,2.785307048734237e-4
582,0.25,40,118,8001,TRUE,1985-1991,-0.029080732333957467,0.0929944273090899
582,0.25,40,118,8001,TRUE,1992-2001,0.0190323700485415,0.2278728665567517
582,0.25,40,118,8001,TRUE,2002-2007,0.12453101234213329,6.930542336602538e-13
582,0.25,40,118,8001,TRUE,2008-2015,0.05263831923903317,0.0014715703083651838
583,0.25,40,118,7757,TRUE,1985-1991,-0.015943629414751644,0.3889374708819797
583,0.25,40,118,7757,TRUE,1992-2001,0.016027563454159198,0.33838094336868424
583,0.25,40,118,7757,TRUE,2002-2007,0.11222219496293503,7.495811611958819e-10
583,0.25,40,118,7757,TRUE,2008-2015,0.04249469853297253,0.013999629882909084
584,0.25,40,118,7803,TRUE,1985-1991,-0.030194829591050618,0.10793455670426512
584,0.25,40,118,7803,TRUE,1992-2001,7.188493174738221e-4,0.966197741938454
584,0.25,40,118,7803,TRUE,2002-2007,0.1222545868512833,4.279552588533259e-11
584,0.25,40,118,7803,TRUE,2008-2015,0.048598739354063045,0.00619509067547549
585,0.25,40,118,7861,TRUE,1985-1991,-0.03331342724686221,0.0430874357591253
585,0.25,40,118,7861,TRUE,1992-2001,0.01040158423288342,0.4839469548646213
585,0.25,40,118,7861,TRUE,2002-2007,0.13252562554214398,1.2297960041181512e-15
585,0.25,40,118,7861,TRUE,2008-2015,0.05904027272326435,1.2596911993520573e-4
586,0.25,40,118,7697,TRUE,1985-1991,-0.022855274579081854,0.1973480195988272
586,0.25,40,118,7697,TRUE,1992-2001,0.01413521855951419,0.3858103736885271
586,0.25,40,118,7697,TRUE,2002-2007,0.12189140871855161,7.212730863737082e-12
586,0.25,40,118,7697,TRUE,2008-2015,0.05526902657581471,0.0010473262008066186
587,0.25,40,118,7798,TRUE,1985-1991,-0.031520095031658875,0.07246207837665282
587,0.25,40,118,7798,TRUE,1992-2001,0.011037492603340977,0.4921781052298174
587,0.25,40,118,7798,TRUE,2002-2007,0.10694893060009436,1.0287762492324069e-9
587,0.25,40,118,7798,TRUE,2008-2015,0.03733877064873251,0.024333959249367737
588,0.25,40,118,7773,TRUE,1985-1991,-0.02389345271827117,0.16469926319410266
588,0.25,40,118,7773,TRUE,1992-2001,0.010127897309924496,0.5126186277946334
588,0.25,40,118,7773,TRUE,2002-2007,0.13883964113087544,2.8429178742606692e-16
588,0.25,40,118,7773,TRUE,2008-2015,0.056309866928765204,4.456089312372339e-4
589,0.25,40,118,7776,TRUE,1985-1991,-0.026134331224292203,0.11982065768683164
589,0.25,40,118,7776,TRUE,1992-2001,0.017910725395664875,0.23656724375622615
589,0.25,40,118,7776,TRUE,2002-2007,0.13566275372222839,7.732173552343296e-16
589,0.25,40,118,7776,TRUE,2008-2015,0.04819430184302126,0.0020085055535691053
590,0.25,40,118,7946,TRUE,1985-1991,-0.03567884689548092,0.028930838927634702
590,0.25,40,118,7946,TRUE,1992-2001,0.01110574043649807,0.45180112277428125
590,0.25,40,118,7946,TRUE,2002-2007,0.1281095124528,1.0593524391073657e-14
590,0.25,40,118,7946,TRUE,2008-2015,0.049736866614839635,0.0011425486641465036
591,0.25,40,118,7770,TRUE,1985-1991,-0.028291844085733764,0.11976647564525894
591,0.25,40,118,7770,TRUE,1992-2001,0.011728420175919262,0.47568607159529647
591,0.25,40,118,7770,TRUE,2002-2007,0.12775354390653304,1.551657498120104e-12
591,0.25,40,118,7770,TRUE,2008-2015,0.049522089882361606,0.003600639298133989
592,0.25,40,118,7713,TRUE,1985-1991,-0.03142492191855564,0.08804412590249026
592,0.25,40,118,7713,TRUE,1992-2001,0.012682875453031733,0.4525188021617022
592,0.25,40,118,7713,TRUE,2002-2007,0.12328921368216095,2.9401797368331765e-11
592,0.25,40,118,7713,TRUE,2008-2015,0.051932726022069595,0.002770186318388623
593,0.25,40,118,7979,TRUE,1985-1991,-0.03301199310251366,0.05920470827722823
593,0.25,40,118,7979,TRUE,1992-2001,0.01358605667902791,0.40121963568389907
593,0.25,40,118,7979,TRUE,2002-2007,0.1347773343713992,4.1549417731448594e-14
593,0.25,40,118,7979,TRUE,2008-2015,0.05769725165848567,5.205247167494829e-4
594,0.25,40,118,7786,TRUE,1985-1991,-0.02892038438715433,0.12051072929703904
594,0.25,40,118,7786,TRUE,1992-2001,0.008208765825543064,0.6302697497030908
594,0.25,40,118,7786,TRUE,2002-2007,0.12227586455195447,4.898462461419421e-11
594,0.25,40,118,7786,TRUE,2008-2015,0.04931335822693729,0.004965588565566936
595,0.25,40,118,7944,TRUE,1985-1991,-0.02457303988720624,0.15846814871657702
595,0.25,40,118,7944,TRUE,1992-2001,0.002674985708217375,0.8647508678138048
595,0.25,40,118,7944,TRUE,2002-2007,0.10271434772886603,2.1482549468157883e-9
595,0.25,40,118,7944,TRUE,2008-2015,0.03959407208370895,0.014222540182115943
596,0.25,40,118,7891,TRUE,1985-1991,-0.020544896577102397,0.24276648417328356
596,0.25,40,118,7891,TRUE,1992-2001,0.017645268170398427,0.26907816795119116
596,0.25,40,118,7891,TRUE,2002-2007,0.10279227236557656,4.427451211102572e-9
596,0.25,40,118,7891,TRUE,2008-2015,0.036281503527345535,0.0291628054543108
597,0.25,40,118,7800,TRUE,1985-1991,-0.02100528168776835,0.24112301207282077
597,0.25,40,118,7800,TRUE,1992-2001,0.00925060175598675,0.5701305191920119
597,0.25,40,118,7800,TRUE,2002-2007,0.12675834226692786,1.6553505389062857e-12
597,0.25,40,118,7800,TRUE,2008-2015,0.06093416043983534,3.3253420512490745e-4
598,0.25,40,118,7875,TRUE,1985-1991,-0.019449208135393213,0.2772716111840837
598,0.25,40,118,7875,TRUE,1992-2001,0.006691552195166147,0.6808249099587009
598,0.25,40,118,7875,TRUE,2002-2007,0.12582161414072457,1.4605604619451418e-12
598,0.25,40,118,7875,TRUE,2008-2015,0.05327716244238479,0.0017163772104519838
599,0.25,40,118,7759,TRUE,1985-1991,-0.025243146325959077,0.14875328828854478
599,0.25,40,118,7759,TRUE,1992-2001,0.0044555766426924714,0.7794153641106708
599,0.25,40,118,7759,TRUE,2002-2007,0.10839942298353035,7.069641565538418e-10
599,0.25,40,118,7759,TRUE,2008-2015,0.03886784145455366,0.01969892892913356
600,0.25,40,118,7784,TRUE,1985-1991,-0.02830237459143183,0.13026075671109202
600,0.25,40,118,7784,TRUE,1992-2001,0.011889037681064644,0.48678486105847646
600,0.25,40,118,7784,TRUE,2002-2007,0.12910925999008552,7.169688786732995e-12
600,0.25,40,118,7784,TRUE,2008-2015,0.05144152082405709,0.003630745040966816
601,0.25,40,118,7786,TRUE,1985-1991,-0.014895202253400122,0.3988404558181443
601,0.25,40,118,7786,TRUE,1992-2001,0.012189758838351201,0.44557235962216857
601,0.25,40,118,7786,TRUE,2002-2007,0.1332849360793036,3.9513289682039566e-14
601,0.25,40,118,7786,TRUE,2008-2015,0.05844749067800114,3.659513360902671e-4
602,0.25,40,118,7863,TRUE,1985-1991,-0.03259346145428539,0.06186080002339407
602,0.25,40,118,7863,TRUE,1992-2001,0.019581081286341458,0.21330694131085615
602,0.25,40,118,7863,TRUE,2002-2007,0.13871112968324567,1.6130141843722787e-15
602,0.25,40,118,7863,TRUE,2008-2015,0.06318572439802822,1.1172437712887802e-4
603,0.25,40,118,7894,TRUE,1985-1991,-0.03191181578751126,0.08471888532580815
603,0.25,40,118,7894,TRUE,1992-2001,0.016281252522396747,0.33627327463059964
603,0.25,40,118,7894,TRUE,2002-2007,0.137340813785831,1.1192973644677737e-13
603,0.25,40,118,7894,TRUE,2008-2015,0.05748252979237736,0.001006677498999357
604,0.25,40,118,7606,TRUE,1985-1991,-0.010731559744249861,0.5583303109031328
604,0.25,40,118,7606,TRUE,1992-2001,0.012014847750224746,0.47120706942499896
604,0.25,40,118,7606,TRUE,2002-2007,0.10610117156498614,4.155021213040362e-9
604,0.25,40,118,7606,TRUE,2008-2015,0.03616948335597073,0.03555197769156471
605,0.25,40,118,7868,TRUE,1985-1991,-0.05506853270718986,0.0028495990584467773
605,0.25,40,118,7868,TRUE,1992-2001,0.00614096276009219,0.7155911927390775
605,0.25,40,118,7868,TRUE,2002-2007,0.11721220190548956,2.4117984566227236e-10
605,0.25,40,118,7868,TRUE,2008-2015,0.04792443908882924,0.006503502796157497
606,0.25,40,118,8005,TRUE,1985-1991,-0.030498538243210156,0.08648898624203123
606,0.25,40,118,8005,TRUE,1992-2001,0.001744383143847738,0.914926381905866
606,0.25,40,118,8005,TRUE,2002-2007,0.12218411272753875,6.605749214356174e-12
606,0.25,40,118,8005,TRUE,2008-2015,0.05203849716368074,0.0025754547531209246
607,0.25,40,118,7756,TRUE,1985-1991,-0.02775558923111148,0.13349659635036218
607,0.25,40,118,7756,TRUE,1992-2001,0.023926492048169844,0.15984931805399474
607,0.25,40,118,7756,TRUE,2002-2007,0.12927500029393588,3.1458846233882117e-12
607,0.25,40,118,7756,TRUE,2008-2015,0.05887696200512963,7.606464841039588e-4
608,0.25,40,118,7856,TRUE,1985-1991,-0.026754539043966838,0.13573717267748567
608,0.25,40,118,7856,TRUE,1992-2001,0.001270939358713554,0.9376788894671226
608,0.25,40,118,7856,TRUE,2002-2007,0.11112817990952185,3.1042332499206654e-10
608,0.25,40,118,7856,TRUE,2008-2015,0.04084352206312121,0.015343651928845846
609,0.25,40,118,7798,TRUE,1985-1991,-0.022126187140791433,0.2290535988132391
609,0.25,40,118,7798,TRUE,1992-2001,0.011569753869743647,0.4942582501215605
609,0.25,40,118,7798,TRUE,2002-2007,0.11412411552511267,8.166396863550184e-10
609,0.25,40,118,7798,TRUE,2008-2015,0.03868587803799538,0.025634610669326693
610,0.25,40,118,7822,TRUE,1985-1991,-0.007067403231878184,0.676805720158
610,0.25,40,118,7822,TRUE,1992-2001,0.027598186520066487,0.07228922602199671
610,0.25,40,118,7822,TRUE,2002-2007,0.13008484503001091,2.3446320190477357e-14
610,0.25,40,118,7822,TRUE,2008-2015,0.05395422764973376,7.112143297296408e-4
611,0.25,40,118,7888,TRUE,1985-1991,-0.036152568547765655,0.04707482483973289
611,0.25,40,118,7888,TRUE,1992-2001,-0.0030229699248350006,0.8557285734156419
611,0.25,40,118,7888,TRUE,2002-2007,0.12802764071642608,2.328548182978138e-12
611,0.25,40,118,7888,TRUE,2008-2015,0.043095270789023095,0.012890513887067422
612,0.25,40,118,7717,TRUE,1985-1991,-0.020758232805461307,0.2389124906410525
612,0.25,40,118,7717,TRUE,1992-2001,0.013117011921499836,0.4168504530361068
612,0.25,40,118,7717,TRUE,2002-2007,0.11723801902068691,2.2157042336248663e-11
612,0.25,40,118,7717,TRUE,2008-2015,0.050413764227030075,0.002635824202646491
613,0.25,40,118,7842,TRUE,1985-1991,-0.031992347956622716,0.08729837839618487
613,0.25,40,118,7842,TRUE,1992-2001,0.021158755070864066,0.2175139874096103
613,0.25,40,118,7842,TRUE,2002-2007,0.12370765070483493,2.9006992840968964e-11
613,0.25,40,118,7842,TRUE,2008-2015,0.06150086006993742,4.986528740305214e-4
614,0.25,40,118,7897,TRUE,1985-1991,-0.026983148724454224,0.13982118888968115
614,0.25,40,118,7897,TRUE,1992-2001,0.016449179902842392,0.3204824168194273
614,0.25,40,118,7897,TRUE,2002-2007,0.12251017018115923,2.094924451114931e-11
614,0.25,40,118,7897,TRUE,2008-2015,0.05675718685537914,0.0010335627567154562
615,0.25,40,118,7866,TRUE,1985-1991,-0.016227709322821117,0.36419922548260436
615,0.25,40,118,7866,TRUE,1992-2001,0.02335457525112481,0.15852236397635222
615,0.25,40,118,7866,TRUE,2002-2007,0.11066382069430286,9.36148053087037e-10
615,0.25,40,118,7866,TRUE,2008-2015,0.052557044210831176,0.0019454320232079624
616,0.25,40,118,7862,TRUE,1985-1991,-0.0175708698472328,0.33714267578030976
616,0.25,40,118,7862,TRUE,1992-2001,0.011532951323823846,0.49525722034884273
616,0.25,40,118,7862,TRUE,2002-2007,0.12429083121948972,1.2550885828490941e-11
616,0.25,40,118,7862,TRUE,2008-2015,0.056301005451790245,0.0014529207922720352
617,0.25,40,118,7836,TRUE,1985-1991,-0.019545024024661507,0.2741025784814433
617,0.25,40,118,7836,TRUE,1992-2001,0.013628819121957372,0.402348316637101
617,0.25,40,118,7836,TRUE,2002-2007,0.12041436191832201,2.033163191511234e-11
617,0.25,40,118,7836,TRUE,2008-2015,0.0502071494036858,0.002826960746731211
618,0.25,40,118,7792,TRUE,1985-1991,-0.031326896107411385,0.08040346117123162
618,0.25,40,118,7792,TRUE,1992-2001,0.014332892235355985,0.3824506019418088
618,0.25,40,118,7792,TRUE,2002-2007,0.12840964941116556,1.0279029037148022e-12
618,0.25,40,118,7792,TRUE,2008-2015,0.05817020605784396,6.04335592305596e-4
619,0.25,40,118,7867,TRUE,1985-1991,-0.006953240280142233,0.6962308067852401
619,0.25,40,118,7867,TRUE,1992-2001,0.022089756976369126,0.1810584868544743
619,0.25,40,118,7867,TRUE,2002-2007,0.11963494688670308,3.052908485263431e-11
619,0.25,40,118,7867,TRUE,2008-2015,0.05285488338916361,0.0018565821019146304
620,0.25,40,118,7864,TRUE,1985-1991,-0.029532011937143447,0.1155338648175306
620,0.25,40,118,7864,TRUE,1992-2001,0.022229445871162278,0.20516868187756082
620,0.25,40,118,7864,TRUE,2002-2007,0.13821762134122753,4.416058316725956e-13
620,0.25,40,118,7864,TRUE,2008-2015,0.05089399307887084,0.004406281671711194
621,0.25,40,118,7851,TRUE,1985-1991,-0.02564549067334451,0.1469957711354655
621,0.25,40,118,7851,TRUE,1992-2001,0.014362436772419485,0.3749743973663597
621,0.25,40,118,7851,TRUE,2002-2007,0.12275993574598504,2.6194217277454875e-12
621,0.25,40,118,7851,TRUE,2008-2015,0.05148314792208182,0.002133303216002473
622,0.25,40,118,7809,TRUE,1985-1991,-0.0023624988955280543,0.8914318075364418
622,0.25,40,118,7809,TRUE,1992-2001,0.02420073075933204,0.12326811919690643
622,0.25,40,118,7809,TRUE,2002-2007,0.13271605794542193,1.6420883132655096e-14
622,0.25,40,118,7809,TRUE,2008-2015,0.06299783238075712,1.0580515106688621e-4
623,0.25,40,118,7823,TRUE,1985-1991,-0.03368179622724228,0.05506803046184694
623,0.25,40,118,7823,TRUE,1992-2001,0.0047747707999140285,0.7663331675118665
623,0.25,40,118,7823,TRUE,2002-2007,0.12000271516109211,8.352440990326374e-12
623,0.25,40,118,7823,TRUE,2008-2015,0.050253984191826445,0.0023496844277299312
624,0.25,40,118,7770,TRUE,1985-1991,-0.01972497488442272,0.27803325764433284
624,0.25,40,118,7770,TRUE,1992-2001,0.019220797150857203,0.24626803485957408
624,0.25,40,118,7770,TRUE,2002-2007,0.12223549819553735,1.0886329147670817e-11
624,0.25,40,118,7770,TRUE,2008-2015,0.050152760453240006,0.0037407687970411685
625,0.25,40,118,7767,TRUE,1985-1991,-0.032846677664894595,0.0742341406500314
625,0.25,40,118,7767,TRUE,1992-2001,0.006314750156328722,0.7028600599962578
625,0.25,40,118,7767,TRUE,2002-2007,0.12096887835033193,3.0374414239723775e-11
625,0.25,40,118,7767,TRUE,2008-2015,0.03921619997884413,0.022620690472641793
626,0.25,40,118,7808,TRUE,1985-1991,-0.03783595416717374,0.03351313855562369
626,0.25,40,118,7808,TRUE,1992-2001,0.007879947737778649,0.6294471262979675
626,0.25,40,118,7808,TRUE,2002-2007,0.1164340267575004,4.534312730181619e-11
626,0.25,40,118,7808,TRUE,2008-2015,0.04250195499915915,0.011275625063276395
627,0.25,40,118,7780,TRUE,1985-1991,-0.030483401507866246,0.08870570495038763
627,0.25,40,118,7780,TRUE,1992-2001,0.01656600554461014,0.3069231105551139
627,0.25,40,118,7780,TRUE,2002-2007,0.11136558929968357,4.623951977660457e-10
627,0.25,40,118,7780,TRUE,2008-2015,0.050115339958756805,0.0031613771108680738
628,0.25,40,118,7862,TRUE,1985-1991,-0.020977208917759865,0.2578264126585491
628,0.25,40,118,7862,TRUE,1992-2001,0.011252261661094394,0.502086651625491
628,0.25,40,118,7862,TRUE,2002-2007,0.1255133550192844,7.809805526538333e-12
628,0.25,40,118,7862,TRUE,2008-2015,0.049971460236314366,0.004338268486640653
629,0.25,40,118,7820,TRUE,1985-1991,-0.02855628889780323,0.12018894231643475
629,0.25,40,118,7820,TRUE,1992-2001,0.02046060192684591,0.22539975434262638
629,0.25,40,118,7820,TRUE,2002-2007,0.12111471195507784,5.309876417021608e-11
629,0.25,40,118,7820,TRUE,2008-2015,0.052265899936529844,0.0026762451085997315
630,0.25,40,118,7952,TRUE,1985-1991,-0.010024765854112399,0.5769362624932817
630,0.25,40,118,7952,TRUE,1992-2001,0.013538468476002269,0.4094387096821737
630,0.25,40,118,7952,TRUE,2002-2007,0.1149339585931068,1.6958096982145126e-10
630,0.25,40,118,7952,TRUE,2008-2015,0.04756190441478467,0.005178067982319074
631,0.25,40,118,7790,TRUE,1985-1991,-0.010725475015722333,0.543147846465133
631,0.25,40,118,7790,TRUE,1992-2001,0.028651844081247414,0.07047620354226816
631,0.25,40,118,7790,TRUE,2002-2007,0.13763872032177363,2.1764815882621587e-15
631,0.25,40,118,7790,TRUE,2008-2015,0.06498242803064806,8.705644151361747e-5
632,0.25,40,118,7870,TRUE,1985-1991,-0.01722686305941618,0.33294180504872983
632,0.25,40,118,7870,TRUE,1992-2001,0.022259107235913508,0.16805615926684872
632,0.25,40,118,7870,TRUE,2002-2007,0.14391630302799674,1.0797725622863111e-15
632,0.25,40,118,7870,TRUE,2008-2015,0.05388349487298533,0.0012162765847273565
633,0.25,40,118,7975,TRUE,1985-1991,-0.02144100408142575,0.2428843598610342
633,0.25,40,118,7975,TRUE,1992-2001,0.008578178039849609,0.6058908412456108
633,0.25,40,118,7975,TRUE,2002-2007,0.12047251195449575,3.6498943585525064e-11
633,0.25,40,118,7975,TRUE,2008-2015,0.04225977682988516,0.01580817418761157
634,0.25,40,118,7758,TRUE,1985-1991,-0.028999232466861997,0.10434110481062649
634,0.25,40,118,7758,TRUE,1992-2001,0.013769708709793337,0.39237417367046334
634,0.25,40,118,7758,TRUE,2002-2007,0.1424058746768237,9.564170999045691e-16
634,0.25,40,118,7758,TRUE,2008-2015,0.061248456633605466,2.3239997707567698e-4
635,0.25,40,118,7746,TRUE,1985-1991,-0.029524629015741027,0.11049554934102764
635,0.25,40,118,7746,TRUE,1992-2001,0.006119276397882376,0.7176127398928542
635,0.25,40,118,7746,TRUE,2002-2007,0.1309530547579133,1.1501287573393217e-12
635,0.25,40,118,7746,TRUE,2008-2015,0.056302286048809394,0.0013307198254933878
636,0.25,40,118,7823,TRUE,1985-1991,-0.01576087141945692,0.3869998267650311
636,0.25,40,118,7823,TRUE,1992-2001,0.012113215759398391,0.4582534885327854
636,0.25,40,118,7823,TRUE,2002-2007,0.10224569900441226,1.5471648781368172e-8
636,0.25,40,118,7823,TRUE,2008-2015,0.050409606893807246,0.0032232879480110373
637,0.25,40,118,7866,TRUE,1985-1991,-0.024372831595197302,0.17293491065766617
637,0.25,40,118,7866,TRUE,1992-2001,0.016589891723619233,0.3063635458792145
637,0.25,40,118,7866,TRUE,2002-2007,0.1034417264945139,5.295968459705096e-9
637,0.25,40,118,7866,TRUE,2008-2015,0.04137391030197514,0.013977225313139382
638,0.25,40,118,7767,TRUE,1985-1991,-0.040543805511945454,0.017447559341000077
638,0.25,40,118,7767,TRUE,1992-2001,0.008001314213796018,0.6069171098744749
638,0.25,40,118,7767,TRUE,2002-2007,0.12445406067917741,3.1327352942718565e-13
638,0.25,40,118,7767,TRUE,2008-2015,0.041069325263436575,0.010485016365075532
639,0.25,40,118,7745,TRUE,1985-1991,-0.0324067419844547,0.07875145258334115
639,0.25,40,118,7745,TRUE,1992-2001,0.0021585945423385905,0.8989450415606263
639,0.25,40,118,7745,TRUE,2002-2007,0.11284658700782285,8.000279747988696e-10
639,0.25,40,118,7745,TRUE,2008-2015,0.038246796232161914,0.028086376799224815
640,0.25,40,118,7778,TRUE,1985-1991,-0.036515616175530806,0.03656070059236382
640,0.25,40,118,7778,TRUE,1992-2001,0.015382540836993606,0.34024522812930563
640,0.25,40,118,7778,TRUE,2002-2007,0.13213031689196994,4.641882945358076e-14
640,0.25,40,118,7778,TRUE,2008-2015,0.05882503556623859,3.7565794319453164e-4
641,0.25,40,118,7796,TRUE,1985-1991,-0.03099261404505325,0.07432531491034597
641,0.25,40,118,7796,TRUE,1992-2001,0.011833172249952607,0.4549382476827942
641,0.25,40,118,7796,TRUE,2002-2007,0.11528821271303456,2.7025401482590495e-11
641,0.25,40,118,7796,TRUE,2008-2015,0.0496954596426097,0.0023466500300933298
642,0.25,40,118,7792,TRUE,1985-1991,-0.018590082929702587,0.2978513059929691
642,0.25,40,118,7792,TRUE,1992-2001,0.00252744226333098,0.8780440144083116
642,0.25,40,118,7792,TRUE,2002-2007,0.11372344491840163,1.8866810665087987e-10
642,0.25,40,118,7792,TRUE,2008-2015,0.04056293019548782,0.017146670423123938
643,0.25,40,118,7738,TRUE,1985-1991,-0.023389123455751438,0.19562974991404966
643,0.25,40,118,7738,TRUE,1992-2001,0.014797830045773865,0.37061547962114166
643,0.25,40,118,7738,TRUE,2002-2007,0.11362116681243724,3.259779674240679e-10
643,0.25,40,118,7738,TRUE,2008-2015,0.05468034615713835,0.0016307555523256201
644,0.25,40,118,7868,TRUE,1985-1991,-0.02750163010595163,0.137551834094083
644,0.25,40,118,7868,TRUE,1992-2001,0.009946005124787757,0.5545740133255952
644,0.25,40,118,7868,TRUE,2002-2007,0.13003296042833687,9.816007651315124e-13
644,0.25,40,118,7868,TRUE,2008-2015,0.06387916241681366,2.237054163078769e-4
645,0.25,40,118,7908,TRUE,1985-1991,-0.025027439307241595,0.15189947257776432
645,0.25,40,118,7908,TRUE,1992-2001,0.010379363493337884,0.5130613680904023
645,0.25,40,118,7908,TRUE,2002-2007,0.11174246085475413,1.4615890495422253e-10
645,0.25,40,118,7908,TRUE,2008-2015,0.04575845317410128,0.005817791090797273
646,0.25,40,118,7835,TRUE,1985-1991,-0.02078652688064026,0.2498773840130978
646,0.25,40,118,7835,TRUE,1992-2001,0.010401900491297862,0.5294445388234226
646,0.25,40,118,7835,TRUE,2002-2007,0.11079743085972801,7.000843165050265e-10
646,0.25,40,118,7835,TRUE,2008-2015,0.04375329534836427,0.010327945079445471
647,0.25,40,118,7758,TRUE,1985-1991,-0.019469862282093887,0.26396340874052937
647,0.25,40,118,7758,TRUE,1992-2001,0.0250564898535499,0.10972321468665158
647,0.25,40,118,7758,TRUE,2002-2007,0.12254670841014784,1.6552528392458152e-12
647,0.25,40,118,7758,TRUE,2008-2015,0.054943355831272196,7.159640337004153e-4
648,0.25,40,118,7880,TRUE,1985-1991,-0.03662198291545224,0.03238744371877428
648,0.25,40,118,7880,TRUE,1992-2001,0.006378984260614652,0.6790464924576083
648,0.25,40,118,7880,TRUE,2002-2007,0.1129755945893065,2.63001523525545e-11
648,0.25,40,118,7880,TRUE,2008-2015,0.040037147862397704,0.012500924519886708
649,0.25,40,118,7888,TRUE,1985-1991,-0.020870158355895032,0.23807996490146244
649,0.25,40,118,7888,TRUE,1992-2001,0.014479660341543066,0.3568819630654803
649,0.25,40,118,7888,TRUE,2002-2007,0.12460931415724272,7.663447787930253e-13
649,0.25,40,118,7888,TRUE,2008-2015,0.05843648658227324,4.1321182929697644e-4
650,0.25,40,118,7891,TRUE,1985-1991,-0.0320620288816531,0.07919596976625526
650,0.25,40,118,7891,TRUE,1992-2001,0.01618334257801099,0.3287940358244573
650,0.25,40,118,7891,TRUE,2002-2007,0.11219000703575452,7.254175578257353e-10
650,0.25,40,118,7891,TRUE,2008-2015,0.04438342643037382,0.009756069142093544
651,0.25,40,118,7798,TRUE,1985-1991,-0.02556505624577577,0.15368987734135856
651,0.25,40,118,7798,TRUE,1992-2001,0.01594655340521161,0.3322941431772099
651,0.25,40,118,7798,TRUE,2002-2007,0.11324504096634835,2.305778618865597e-10
651,0.25,40,118,7798,TRUE,2008-2015,0.04831022786393024,0.004183220949866225
652,0.25,40,118,7969,TRUE,1985-1991,-0.02748705894808882,0.1133526990809457
652,0.25,40,118,7969,TRUE,1992-2001,0.015790663466857282,0.31516073034650205
652,0.25,40,118,7969,TRUE,2002-2007,0.12352345516301731,1.0803636140894838e-12
652,0.25,40,118,7969,TRUE,2008-2015,0.053894898819522544,0.0010186121184818794
653,0.25,40,118,7824,TRUE,1985-1991,-0.017139784099702595,0.3157156151740122
653,0.25,40,118,7824,TRUE,1992-2001,0.024076496121751518,0.12327163633822753
653,0.25,40,118,7824,TRUE,2002-2007,0.14166512362390238,2.4668305212575604e-16
653,0.25,40,118,7824,TRUE,2008-2015,0.06392042658048495,7.315201076625793e-5
654,0.25,40,118,7830,TRUE,1985-1991,-0.02823415008520829,0.10963828607085796
654,0.25,40,118,7830,TRUE,1992-2001,0.010896791069820118,0.49805527949679285
654,0.25,40,118,7830,TRUE,2002-2007,0.12500259650117462,8.48888579099234e-13
654,0.25,40,118,7830,TRUE,2008-2015,0.04855082329580055,0.003666890599973431
655,0.25,40,118,7841,TRUE,1985-1991,-0.030368748922419815,0.0851239399618333
655,0.25,40,118,7841,TRUE,1992-2001,0.011995270388653334,0.4592539859207943
655,0.25,40,118,7841,TRUE,2002-2007,0.12072563661898855,7.87340329662871e-12
655,0.25,40,118,7841,TRUE,2008-2015,0.05024617427560287,0.002617946431679943
656,0.25,40,118,7986,TRUE,1985-1991,-0.016323550383161137,0.361251803489654
656,0.25,40,118,7986,TRUE,1992-2001,0.0186430043542776,0.2556571457549973
656,0.25,40,118,7986,TRUE,2002-2007,0.130448894851327,5.863094427026748e-13
656,0.25,40,118,7986,TRUE,2008-2015,0.05791251573530508,7.97352263678492e-4
657,0.25,40,118,7837,TRUE,1985-1991,-0.028703063280529843,0.08935741001668816
657,0.25,40,118,7837,TRUE,1992-2001,0.0069382397038591295,0.6502829940793085
657,0.25,40,118,7837,TRUE,2002-2007,0.11001773544652305,7.383620215557655e-11
657,0.25,40,118,7837,TRUE,2008-2015,0.04239961313448631,0.007539335081148892
658,0.25,40,118,7852,TRUE,1985-1991,-0.01765055423309967,0.32908862924352444
658,0.25,40,118,7852,TRUE,1992-2001,-0.003181606736151317,0.8458040882311851
658,0.25,40,118,7852,TRUE,2002-2007,0.09952838464767916,2.57162294713386e-8
658,0.25,40,118,7852,TRUE,2008-2015,0.03205562513328658,0.05749490152491777
659,0.25,40,118,7880,TRUE,1985-1991,-0.025325211119631406,0.16602681370964037
659,0.25,40,118,7880,TRUE,1992-2001,0.015957907170011856,0.33288732031367535
659,0.25,40,118,7880,TRUE,2002-2007,0.13188337872051187,3.3451628465565313e-13
659,0.25,40,118,7880,TRUE,2008-2015,0.052571364495462125,0.0027400545195997144
660,0.25,40,118,7730,TRUE,1985-1991,-0.028295154096265394,0.11896324777807762
660,0.25,40,118,7730,TRUE,1992-2001,0.015454727393043419,0.35044287089345905
660,0.25,40,118,7730,TRUE,2002-2007,0.11574590015344388,1.5215692509847445e-10
660,0.25,40,118,7730,TRUE,2008-2015,0.04761355413419301,0.005063277313834754
661,0.25,40,118,7923,TRUE,1985-1991,-0.008175068625214457,0.6305706734895324
661,0.25,40,118,7923,TRUE,1992-2001,0.024237171721858443,0.10920840863747175
661,0.25,40,118,7923,TRUE,2002-2007,0.13269205416294466,3.735314131914641e-15
661,0.25,40,118,7923,TRUE,2008-2015,0.05741436342244986,3.764531260951567e-4
662,0.25,40,118,7847,TRUE,1985-1991,-0.01842900525032203,0.32176935927863487
662,0.25,40,118,7847,TRUE,1992-2001,0.02100864004364032,0.21129146161869497
662,0.25,40,118,7847,TRUE,2002-2007,0.13503263868154203,2.7057268546739293e-13
662,0.25,40,118,7847,TRUE,2008-2015,0.058100276738663637,8.572712394856965e-4
663,0.25,40,118,7840,TRUE,1985-1991,-0.022146826498753405,0.20711104045937725
663,0.25,40,118,7840,TRUE,1992-2001,0.01665267187358221,0.28763365888938747
663,0.25,40,118,7840,TRUE,2002-2007,0.12390033664693281,1.380702623690917e-12
663,0.25,40,118,7840,TRUE,2008-2015,0.051584315351104956,0.0015538299885048171
664,0.25,40,118,7727,TRUE,1985-1991,-0.019583956328276832,0.2759241610506354
664,0.25,40,118,7727,TRUE,1992-2001,0.0247054603452276,0.13382755001088345
664,0.25,40,118,7727,TRUE,2002-2007,0.13145003587439122,2.6526617426925974e-13
664,0.25,40,118,7727,TRUE,2008-2015,0.057501570585354655,7.48276887085379e-4
665,0.25,40,118,8014,TRUE,1985-1991,-0.022170596526983367,0.21097535334513023
665,0.25,40,118,8014,TRUE,1992-2001,0.013976496933001188,0.3831846227363269
665,0.25,40,118,8014,TRUE,2002-2007,0.11957155105129672,9.255301113695258e-12
665,0.25,40,118,8014,TRUE,2008-2015,0.05155247823377577,0.002497202945115905
666,0.25,40,118,7786,TRUE,1985-1991,-0.025550869151038456,0.14428727028074861
666,0.25,40,118,7786,TRUE,1992-2001,0.017430186984752134,0.28019822170813613
666,0.25,40,118,7786,TRUE,2002-2007,0.12114724075960259,4.68143652694772e-12
666,0.25,40,118,7786,TRUE,2008-2015,0.045725495997751296,0.005825204474999782
667,0.25,40,118,7810,TRUE,1985-1991,-0.01551231857642267,0.38012159225447284
667,0.25,40,118,7810,TRUE,1992-2001,0.008252462879432584,0.6086924905940211
667,0.25,40,118,7810,TRUE,2002-2007,0.12474056914480351,1.6965806450980604e-12
667,0.25,40,118,7810,TRUE,2008-2015,0.04520323131098588,0.006649279493650227
668,0.25,40,118,7723,TRUE,1985-1991,-0.014960448006181574,0.43348209301680674
668,0.25,40,118,7723,TRUE,1992-2001,-0.011155990907228953,0.5200306692238242
668,0.25,40,118,7723,TRUE,2002-2007,0.1043010064198411,3.466134685111927e-8
668,0.25,40,118,7723,TRUE,2008-2015,0.038817451009764664,0.02978864819107969
669,0.25,40,118,7864,TRUE,1985-1991,-0.012849744819296351,0.46209243208741246
669,0.25,40,118,7864,TRUE,1992-2001,0.025968882473821488,0.10858303623937023
669,0.25,40,118,7864,TRUE,2002-2007,0.1285159765301222,3.477050903122391e-13
669,0.25,40,118,7864,TRUE,2008-2015,0.06273738393653347,1.607584208277374e-4
670,0.25,40,118,7932,TRUE,1985-1991,-0.01845240590788159,0.29148142171079033
670,0.25,40,118,7932,TRUE,1992-2001,0.01567477962721126,0.3279685056010528
670,0.25,40,118,7932,TRUE,2002-2007,0.11779728933391108,1.3888943898257141e-11
670,0.25,40,118,7932,TRUE,2008-2015,0.04751437820128046,0.00401896911193958
671,0.25,40,118,7786,TRUE,1985-1991,-0.02981085719636844,0.10325587503345486
671,0.25,40,118,7786,TRUE,1992-2001,0.013643075948011216,0.4119131613142523
671,0.25,40,118,7786,TRUE,2002-2007,0.12652235033442535,2.7832306492816425e-12
671,0.25,40,118,7786,TRUE,2008-2015,0.052130707299155275,0.0022036764184782736
672,0.25,40,118,7746,TRUE,1985-1991,-0.02493702399786184,0.14128845102799603
672,0.25,40,118,7746,TRUE,1992-2001,-1.9262735086466448e-4,0.9898078079917986
672,0.25,40,118,7746,TRUE,2002-2007,0.11349585690273416,1.4269126346609354e-11
672,0.25,40,118,7746,TRUE,2008-2015,0.04987019613588703,0.0014214559754314217
673,0.25,40,118,7783,TRUE,1985-1991,-0.016778298165028346,0.3592280124185815
673,0.25,40,118,7783,TRUE,1992-2001,0.007474665901352175,0.6507822906858847
673,0.25,40,118,7783,TRUE,2002-2007,0.11037672551681582,8.229038535571132e-10
673,0.25,40,118,7783,TRUE,2008-2015,0.042361532277930075,0.013094251610933945
674,0.25,40,118,7678,TRUE,1985-1991,-0.03413745720188649,0.0641595728199635
674,0.25,40,118,7678,TRUE,1992-2001,0.01006815080702192,0.5511385423685651
674,0.25,40,118,7678,TRUE,2002-2007,0.12608207637868568,8.522140761190527e-12
674,0.25,40,118,7678,TRUE,2008-2015,0.05930996735557095,6.379052241479685e-4
675,0.25,40,118,7767,TRUE,1985-1991,-0.036322185316123086,0.04644205282945574
675,0.25,40,118,7767,TRUE,1992-2001,0.015352397541056342,0.35562832658878024
675,0.25,40,118,7767,TRUE,2002-2007,0.11730579241432523,1.522458328433883e-10
675,0.25,40,118,7767,TRUE,2008-2015,0.056704596341750756,8.942811534460537e-4
676,0.25,40,118,7841,TRUE,1985-1991,-0.017244180022712087,0.3556211239767151
676,0.25,40,118,7841,TRUE,1992-2001,0.017256746804504022,0.3124644382692919
676,0.25,40,118,7841,TRUE,2002-2007,0.1228997543008539,3.467970460556715e-11
676,0.25,40,118,7841,TRUE,2008-2015,0.05481263260039473,0.0019355967456699435
677,0.25,40,118,7843,TRUE,1985-1991,-0.013967253949385373,0.4147473205975892
677,0.25,40,118,7843,TRUE,1992-2001,0.02866762155827473,0.06711229116335883
677,0.25,40,118,7843,TRUE,2002-2007,0.1293075858281786,6.816741712343494e-14
677,0.25,40,118,7843,TRUE,2008-2015,0.06438286744152,8.169151839682568e-5
678,0.25,40,118,7863,TRUE,1985-1991,-0.0019529942759568609,0.9187362078773204
678,0.25,40,118,7863,TRUE,1992-2001,0.017896735328044536,0.30795217975034284
678,0.25,40,118,7863,TRUE,2002-2007,0.12318633465719367,1.2945672242468915e-10
678,0.25,40,118,7863,TRUE,2008-2015,0.05443479631580977,0.002457264511436289
679,0.25,40,118,7863,TRUE,1985-1991,-0.026664400265981124,0.10852636514047398
679,0.25,40,118,7863,TRUE,1992-2001,0.020141350482870718,0.17972640665951042
679,0.25,40,118,7863,TRUE,2002-2007,0.12450484473831211,5.543921775376563e-14
679,0.25,40,118,7863,TRUE,2008-2015,0.05559756883987837,3.7526294581505227e-4
680,0.25,40,118,7790,TRUE,1985-1991,-0.03781336748268189,0.041545202304964425
680,0.25,40,118,7790,TRUE,1992-2001,0.01000313079792093,0.5607128958879843
680,0.25,40,118,7790,TRUE,2002-2007,0.13074670050395593,1.499505660319444e-12
680,0.25,40,118,7790,TRUE,2008-2015,0.061743202848375194,5.264268050797449e-4
681,0.25,40,118,7607,TRUE,1985-1991,-0.025875741586974105,0.1508228734759644
681,0.25,40,118,7607,TRUE,1992-2001,0.016462993148066114,0.3195547855926754
681,0.25,40,118,7607,TRUE,2002-2007,0.13347061361905818,1.8747586930007858e-13
681,0.25,40,118,7607,TRUE,2008-2015,0.057614839068692636,6.958129351224498e-4
682,0.25,40,118,7891,TRUE,1985-1991,-0.03840567980898698,0.04075521703487736
682,0.25,40,118,7891,TRUE,1992-2001,0.0015247027488132087,0.9279892125684437
682,0.25,40,118,7891,TRUE,2002-2007,0.11960198411584208,9.791587974197486e-11
682,0.25,40,118,7891,TRUE,2008-2015,0.04573993651910414,0.009660065863195523
683,0.25,40,118,7964,TRUE,1985-1991,-0.024791332997330273,0.14618068253799482
683,0.25,40,118,7964,TRUE,1992-2001,0.01323188122886216,0.39859810736435103
683,0.25,40,118,7964,TRUE,2002-2007,0.12262113916862213,8.795787767928579e-13
683,0.25,40,118,7964,TRUE,2008-2015,0.0398611860292105,0.013565826446894145
684,0.25,40,118,7823,TRUE,1985-1991,-0.01611017573595954,0.35881962111050825
684,0.25,40,118,7823,TRUE,1992-2001,0.015596563313739834,0.3304613664626993
684,0.25,40,118,7823,TRUE,2002-2007,0.11185942715624367,3.212096243837455e-10
684,0.25,40,118,7823,TRUE,2008-2015,0.04593717129532521,0.005924410850420369
685,0.25,40,118,7844,TRUE,1985-1991,-0.024486909543028297,0.2088369709367015
685,0.25,40,118,7844,TRUE,1992-2001,0.007830392536726516,0.6621162413229161
685,0.25,40,118,7844,TRUE,2002-2007,0.1127879005406845,1.3725330167889072e-8
685,0.25,40,118,7844,TRUE,2008-2015,0.041081271985693245,0.02551311135694629
686,0.25,40,118,7834,TRUE,1985-1991,-0.007021116623696823,0.7014311315680343
686,0.25,40,118,7834,TRUE,1992-2001,0.020743308399597944,0.21523598396200172
686,0.25,40,118,7834,TRUE,2002-2007,0.11292326010368467,4.774383036537615e-10
686,0.25,40,118,7834,TRUE,2008-2015,0.05120661330086768,0.0032355355123600982
687,0.25,40,118,7769,TRUE,1985-1991,-0.0309542916266849,0.08509269924004421
687,0.25,40,118,7769,TRUE,1992-2001,0.014128003581755283,0.38891481828922597
687,0.25,40,118,7769,TRUE,2002-2007,0.12337916860339604,5.786963262819043e-12
687,0.25,40,118,7769,TRUE,2008-2015,0.050198465538699895,0.0030012197083466945
688,0.25,40,118,7748,TRUE,1985-1991,-0.019656937176173266,0.2957312700445967
688,0.25,40,118,7748,TRUE,1992-2001,0.011406099422947968,0.5038546899776806
688,0.25,40,118,7748,TRUE,2002-2007,0.12619739338137134,1.6124096761136927e-11
688,0.25,40,118,7748,TRUE,2008-2015,0.04944490816369547,0.005784102010497484
689,0.25,40,118,7797,TRUE,1985-1991,-0.02291824189047322,0.18579963041171865
689,0.25,40,118,7797,TRUE,1992-2001,0.013414272243784355,0.3942510251184651
689,0.25,40,118,7797,TRUE,2002-2007,0.12559493644650319,2.8666218689624096e-13
689,0.25,40,118,7797,TRUE,2008-2015,0.05101181659012641,0.0016447154598066877
690,0.25,40,118,7743,TRUE,1985-1991,-0.042446310496032626,0.02169446376060008
690,0.25,40,118,7743,TRUE,1992-2001,0.023848786046458785,0.15327598089094205
690,0.25,40,118,7743,TRUE,2002-2007,0.13720314331213057,5.804348921109197e-14
690,0.25,40,118,7743,TRUE,2008-2015,0.06865152246172074,7.299563064775379e-5
691,0.25,40,118,7738,TRUE,1985-1991,-0.034299844389902745,0.06065321714566857
691,0.25,40,118,7738,TRUE,1992-2001,0.008256208967969636,0.6208417279134248
691,0.25,40,118,7738,TRUE,2002-2007,0.1083840385132449,2.4180067072031465e-9
691,0.25,40,118,7738,TRUE,2008-2015,0.04770552816441816,0.0054171036313295515
692,0.25,40,118,7726,TRUE,1985-1991,-0.027461069916171747,0.14306360128938495
692,0.25,40,118,7726,TRUE,1992-2001,0.022092246184827975,0.19491392237840444
692,0.25,40,118,7726,TRUE,2002-2007,0.1218381036499043,4.4150457047144793e-11
692,0.25,40,118,7726,TRUE,2008-2015,0.05780818271441678,9.898817952513482e-4
693,0.25,40,118,7877,TRUE,1985-1991,-0.02912135747814539,0.11468772163938837
693,0.25,40,118,7877,TRUE,1992-2001,0.018742301504034952,0.26609910244933177
693,0.25,40,118,7877,TRUE,2002-2007,0.11830281289716608,1.3799162185310562e-10
693,0.25,40,118,7877,TRUE,2008-2015,0.0590468499646748,8.17265660842795e-4
694,0.25,40,118,7893,TRUE,1985-1991,-0.04028087591070545,0.028348860494070916
694,0.25,40,118,7893,TRUE,1992-2001,-0.009856332863446397,0.5591549178885622
694,0.25,40,118,7893,TRUE,2002-2007,0.10306006856606803,1.8907425548753814e-8
694,0.25,40,118,7893,TRUE,2008-2015,0.036247111735115176,0.03602976915252844
695,0.25,40,118,7779,TRUE,1985-1991,-0.034602869769202745,0.05035148841019029
695,0.25,40,118,7779,TRUE,1992-2001,0.002499153082029526,0.8762776322144206
695,0.25,40,118,7779,TRUE,2002-2007,0.11868447480564323,1.1522960774155392e-11
695,0.25,40,118,7779,TRUE,2008-2015,0.041130746585524174,0.013152286206532146
696,0.25,40,118,7888,TRUE,1985-1991,-0.02657085454266613,0.15635147501652424
696,0.25,40,118,7888,TRUE,1992-2001,0.005579019604872861,0.7425658950897374
696,0.25,40,118,7888,TRUE,2002-2007,0.11371027490041687,6.792279066588095e-10
696,0.25,40,118,7888,TRUE,2008-2015,0.04228292897395361,0.016786356429018868
697,0.25,40,118,7797,TRUE,1985-1991,-0.033329708941730256,0.07046767039822567
697,0.25,40,118,7797,TRUE,1992-2001,0.007962732966786117,0.63372178442979
697,0.25,40,118,7797,TRUE,2002-2007,0.12730678201065368,2.27377463909553e-12
697,0.25,40,118,7797,TRUE,2008-2015,0.057210445508465525,8.748042007199471e-4
698,0.25,40,118,7793,TRUE,1985-1991,-0.03036005863114279,0.08704375702696018
698,0.25,40,118,7793,TRUE,1992-2001,0.012510013720559553,0.43801073216557995
698,0.25,40,118,7793,TRUE,2002-2007,0.12291653235024587,3.622408052912025e-12
698,0.25,40,118,7793,TRUE,2008-2015,0.04476721115747519,0.007320923712849933
699,0.25,40,118,7832,TRUE,1985-1991,-0.01844497184397572,0.3124167445474198
699,0.25,40,118,7832,TRUE,1992-2001,5.705046097616781e-4,0.9725445750978444
699,0.25,40,118,7832,TRUE,2002-2007,0.10544935394643101,4.481398362605432e-9
699,0.25,40,118,7832,TRUE,2008-2015,0.0420331431918558,0.014229961976521774
700,0.25,40,118,7752,TRUE,1985-1991,-0.039132711110922085,0.031054411086244064
700,0.25,40,118,7752,TRUE,1992-2001,0.012339102342879646,0.4557856030921183
700,0.25,40,118,7752,TRUE,2002-2007,0.12463782460854614,5.4765937066277894e-12
700,0.25,40,118,7752,TRUE,2008-2015,0.05754237778822983,8.062444840537814e-4
701,0.25,40,118,7720,TRUE,1985-1991,-0.038273077408490425,0.04103614261502212
701,0.25,40,118,7720,TRUE,1992-2001,0.004548839366942635,0.7933551207145033
701,0.25,40,118,7720,TRUE,2002-2007,0.11091135395567081,3.2924805341011903e-9
701,0.25,40,118,7720,TRUE,2008-2015,0.037726804724004734,0.03330894076873038
702,0.25,40,118,7806,TRUE,1985-1991,-0.018080023098643226,0.34958199016621894
702,0.25,40,118,7806,TRUE,1992-2001,0.011338511807857901,0.524054817589763
702,0.25,40,118,7806,TRUE,2002-2007,0.1139239325559924,3.6233613463069585e-9
702,0.25,40,118,7806,TRUE,2008-2015,0.059585944731585384,0.0012566794342679175
703,0.25,40,118,7914,TRUE,1985-1991,-0.022572589155690412,0.21340264862965105
703,0.25,40,118,7914,TRUE,1992-2001,0.0030856269417160673,0.8506471359675025
703,0.25,40,118,7914,TRUE,2002-2007,0.10834002421925665,1.4689479382196001e-9
703,0.25,40,118,7914,TRUE,2008-2015,0.045375515656036536,0.0074663041149971455
704,0.25,40,118,7808,TRUE,1985-1991,-0.02549705187757271,0.15449075296068218
704,0.25,40,118,7808,TRUE,1992-2001,0.01657958805163398,0.30216773429562155
704,0.25,40,118,7808,TRUE,2002-2007,0.12336476691444404,2.346946846591026e-12
704,0.25,40,118,7808,TRUE,2008-2015,0.051061371158696335,0.002151983390700573
705,0.25,40,118,7762,TRUE,1985-1991,-0.03081634657172854,0.08823066311388068
705,0.25,40,118,7762,TRUE,1992-2001,0.019556398794272754,0.23395002511142152
705,0.25,40,118,7762,TRUE,2002-2007,0.140598821708727,5.935390032087382e-15
705,0.25,40,118,7762,TRUE,2008-2015,0.05981121653419317,4.82232048759155e-4
706,0.25,40,118,7799,TRUE,1985-1991,-0.019633447976553857,0.2828616847787932
706,0.25,40,118,7799,TRUE,1992-2001,0.01266890661165175,0.4450186848818203
706,0.25,40,118,7799,TRUE,2002-2007,0.12348848221520237,1.70482886768261e-11
706,0.25,40,118,7799,TRUE,2008-2015,0.058595951027003136,7.453837119905975e-4
707,0.25,40,118,7773,TRUE,1985-1991,-0.019392231069730554,0.27698726327952955
707,0.25,40,118,7773,TRUE,1992-2001,0.01894404260661031,0.2511869210273996
707,0.25,40,118,7773,TRUE,2002-2007,0.1288144913092337,7.64013291194282e-13
707,0.25,40,118,7773,TRUE,2008-2015,0.06304712928680975,2.1157295576333587e-4
708,0.25,40,118,7885,TRUE,1985-1991,-0.012053439327476679,0.5141475632165359
708,0.25,40,118,7885,TRUE,1992-2001,0.01842750947917171,0.273507765207027
708,0.25,40,118,7885,TRUE,2002-2007,0.1179615522978397,1.6864682181661832e-10
708,0.25,40,118,7885,TRUE,2008-2015,0.05394154141186625,0.0020033629617136916
709,0.25,40,118,7819,TRUE,1985-1991,-0.02358828857573213,0.20920143991770396
709,0.25,40,118,7819,TRUE,1992-2001,0.022982143767691452,0.18561823589740786
709,0.25,40,118,7819,TRUE,2002-2007,0.12003295710592439,2.1120375443548305e-10
709,0.25,40,118,7819,TRUE,2008-2015,0.05479014264667251,0.002540664185917191
710,0.25,40,118,7806,TRUE,1985-1991,-0.03378523213490783,0.04644965223668745
710,0.25,40,118,7806,TRUE,1992-2001,0.008272161209538595,0.585994280622669
710,0.25,40,118,7806,TRUE,2002-2007,0.13111238154075106,6.232372854668651e-15
710,0.25,40,118,7806,TRUE,2008-2015,0.05443925855937248,5.01396309458526e-4
711,0.25,40,118,7803,TRUE,1985-1991,-0.038352142937264945,0.03982884631875695
711,0.25,40,118,7803,TRUE,1992-2001,-0.004594348941530407,0.7885510978807104
711,0.25,40,118,7803,TRUE,2002-2007,0.10408832082105632,1.880701462200785e-8
711,0.25,40,118,7803,TRUE,2008-2015,0.039846543288585466,0.02366791244409205
712,0.25,40,118,7971,TRUE,1985-1991,-0.026744376165499854,0.15475358534413028
712,0.25,40,118,7971,TRUE,1992-2001,0.0083793556483806,0.62350712679828
712,0.25,40,118,7971,TRUE,2002-2007,0.11016402907707581,3.11349273899182e-9
712,0.25,40,118,7971,TRUE,2008-2015,0.04423841928017998,0.012457442540526276
713,0.25,40,118,7908,TRUE,1985-1991,-0.03394644298836901,0.06265357858982519
713,0.25,40,118,7908,TRUE,1992-2001,5.415976327162383e-4,0.9738845696020697
713,0.25,40,118,7908,TRUE,2002-2007,0.1099330141403389,1.1859647609064481e-9
713,0.25,40,118,7908,TRUE,2008-2015,0.043059008064314085,0.012242100346926068
714,0.25,40,118,7907,TRUE,1985-1991,-0.013450027080947072,0.4513994845768475
714,0.25,40,118,7907,TRUE,1992-2001,0.022110173864299427,0.17060821993597106
714,0.25,40,118,7907,TRUE,2002-2007,0.1280222797494598,6.698184269905956e-13
714,0.25,40,118,7907,TRUE,2008-2015,0.05811638376376459,4.8482846329973747e-4
715,0.25,40,118,7805,TRUE,1985-1991,-0.01890135404213373,0.30551443788997745
715,0.25,40,118,7805,TRUE,1992-2001,0.028826789319272995,0.08471731390081728
715,0.25,40,118,7805,TRUE,2002-2007,0.13632751989523006,1.3137567854021631e-13
715,0.25,40,118,7805,TRUE,2008-2015,0.05983345155607462,4.893289861355202e-4
716,0.25,40,118,7836,TRUE,1985-1991,-0.020045521510784866,0.2728583402582051
716,0.25,40,118,7836,TRUE,1992-2001,0.017984423932280443,0.276883512257787
716,0.25,40,118,7836,TRUE,2002-2007,0.10793509466379062,2.321216010451471e-9
716,0.25,40,118,7836,TRUE,2008-2015,0.043551543371931595,0.010467078694500434
717,0.25,40,118,7979,TRUE,1985-1991,-0.023569354232600224,0.18276622482961163
717,0.25,40,118,7979,TRUE,1992-2001,0.011368162784984086,0.48563064821864477
717,0.25,40,118,7979,TRUE,2002-2007,0.1147877092518779,1.0039109329115972e-10
717,0.25,40,118,7979,TRUE,2008-2015,0.0487753895741817,0.003848120639686228
718,0.25,40,118,7802,TRUE,1985-1991,-0.026967895596410597,0.13546900955137828
718,0.25,40,118,7802,TRUE,1992-2001,-0.003983916173032214,0.8107865831547022
718,0.25,40,118,7802,TRUE,2002-2007,0.10240402813612491,1.3502468384915792e-8
718,0.25,40,118,7802,TRUE,2008-2015,0.0424399687798368,0.013343394059138513
719,0.25,40,118,7704,TRUE,1985-1991,-0.03120921238428573,0.09721456647044024
719,0.25,40,118,7704,TRUE,1992-2001,0.004298777400568048,0.8001128184083753
719,0.25,40,118,7704,TRUE,2002-2007,0.10181744834385442,3.6735049370031376e-8
719,0.25,40,118,7704,TRUE,2008-2015,0.04071130298553803,0.01992080613519098
720,0.25,40,118,7696,TRUE,1985-1991,-0.027697492699623256,0.14261912566845855
720,0.25,40,118,7696,TRUE,1992-2001,0.01322118481182295,0.4380212330005417
720,0.25,40,118,7696,TRUE,2002-2007,0.12240785129242245,5.261805074462816e-11
720,0.25,40,118,7696,TRUE,2008-2015,0.04563504926866098,0.009541498925062931
721,0.25,40,118,7802,TRUE,1985-1991,-0.04048896827367509,0.02589935597489743
721,0.25,40,118,7802,TRUE,1992-2001,0.01957577666627979,0.22331387932720123
721,0.25,40,118,7802,TRUE,2002-2007,0.14685797783955257,1.2664357707430666e-16
721,0.25,40,118,7802,TRUE,2008-2015,0.07475171309122694,7.5143076950381816e-6
722,0.25,40,118,7636,TRUE,1985-1991,-0.031029139742255317,0.08648356611272635
722,0.25,40,118,7636,TRUE,1992-2001,0.013266143361971738,0.4213852254671054
722,0.25,40,118,7636,TRUE,2002-2007,0.12803066907023666,8.461759591049087e-13
722,0.25,40,118,7636,TRUE,2008-2015,0.057469657270779774,7.010372021792797e-4
723,0.25,40,118,7870,TRUE,1985-1991,-0.004182150940734964,0.8016142704851392
723,0.25,40,118,7870,TRUE,1992-2001,0.032738938887976625,0.027690411808049983
723,0.25,40,118,7870,TRUE,2002-2007,0.13598087787969412,2.2224499302885494e-16
723,0.25,40,118,7870,TRUE,2008-2015,0.07505586739315888,2.099627141282641e-6
724,0.25,40,118,7696,TRUE,1985-1991,-0.03599202715299631,0.04362860211584249
724,0.25,40,118,7696,TRUE,1992-2001,0.007793412669403088,0.6321932237950898
724,0.25,40,118,7696,TRUE,2002-2007,0.11859894429582737,2.127581006680293e-11
724,0.25,40,118,7696,TRUE,2008-2015,0.048442086816933176,0.003929950403213694
725,0.25,40,118,7786,TRUE,1985-1991,-0.013800901807894995,0.42670071474935406
725,0.25,40,118,7786,TRUE,1992-2001,0.019221577648696326,0.21365180169796663
725,0.25,40,118,7786,TRUE,2002-2007,0.11571023486742248,1.5079713402388485e-11
725,0.25,40,118,7786,TRUE,2008-2015,0.05208255300146754,0.0011649590900218642
726,0.25,40,118,7872,TRUE,1985-1991,-0.022066652493599282,0.24205674370238883
726,0.25,40,118,7872,TRUE,1992-2001,0.010548471362115102,0.5438682505772497
726,0.25,40,118,7872,TRUE,2002-2007,0.13361090265244716,1.9311791432921365e-12
726,0.25,40,118,7872,TRUE,2008-2015,0.05277149049536356,0.0029417001233409366
727,0.25,40,118,7937,TRUE,1985-1991,-0.020797907366623403,0.27631299622824157
727,0.25,40,118,7937,TRUE,1992-2001,0.018781943947618326,0.27763203165925665
727,0.25,40,118,7937,TRUE,2002-2007,0.12347265275215516,8.453893836948257e-11
727,0.25,40,118,7937,TRUE,2008-2015,0.05826501448911969,0.0013009353127915325
728,0.25,40,118,7912,TRUE,1985-1991,-0.027601718072078788,0.12623496338058926
728,0.25,40,118,7912,TRUE,1992-2001,0.014862201516146447,0.3681923913733409
728,0.25,40,118,7912,TRUE,2002-2007,0.12432864839845878,6.274221762777075e-12
728,0.25,40,118,7912,TRUE,2008-2015,0.05997202222226641,4.875183803427383e-4
729,0.25,40,118,7821,TRUE,1985-1991,-0.03185572701193858,0.07936349177765503
729,0.25,40,118,7821,TRUE,1992-2001,0.005326206648746258,0.7465326428913719
729,0.25,40,118,7821,TRUE,2002-2007,0.11769389958365611,6.449211035796213e-11
729,0.25,40,118,7821,TRUE,2008-2015,0.03820255387890215,0.02469129750744995
730,0.25,40,118,7889,TRUE,1985-1991,-0.02158966941071816,0.23370624929542785
730,0.25,40,118,7889,TRUE,1992-2001,0.019483638202737685,0.24252414493696756
730,0.25,40,118,7889,TRUE,2002-2007,0.1177357089742943,8.657156635686755e-11
730,0.25,40,118,7889,TRUE,2008-2015,0.05522097138277232,0.0012887391161411903
731,0.25,40,118,7819,TRUE,1985-1991,-0.042918931303231836,0.023082678437713583
731,0.25,40,118,7819,TRUE,1992-2001,0.0025169680058256053,0.8856574162152024
731,0.25,40,118,7819,TRUE,2002-2007,0.12423325860601502,5.041962652503716e-11
731,0.25,40,118,7819,TRUE,2008-2015,0.05099880156220189,0.005011358044367611
732,0.25,40,118,7907,TRUE,1985-1991,-0.019443411566093582,0.2761964781551175
732,0.25,40,118,7907,TRUE,1992-2001,0.015184562446614425,0.34902832340027473
732,0.25,40,118,7907,TRUE,2002-2007,0.11670853819064714,1.0353911775696939e-10
732,0.25,40,118,7907,TRUE,2008-2015,0.050835803541744426,0.0023219940041151296
733,0.25,40,118,7873,TRUE,1985-1991,-0.02825248736629366,0.10141246072072625
733,0.25,40,118,7873,TRUE,1992-2001,0.014338188483120098,0.357321165355078
733,0.25,40,118,7873,TRUE,2002-2007,0.136882463519507,1.4324185157705982e-15
733,0.25,40,118,7873,TRUE,2008-2015,0.06978204523116206,1.8298269491510596e-5
734,0.25,40,118,7753,TRUE,1985-1991,-0.017830472031201975,0.3005029594615198
734,0.25,40,118,7753,TRUE,1992-2001,0.009775197205565366,0.5327083564541315
734,0.25,40,118,7753,TRUE,2002-2007,0.11449451988175285,2.6722257834942633e-11
734,0.25,40,118,7753,TRUE,2008-2015,0.05340035253102446,0.0010102583868865666
735,0.25,40,118,7820,TRUE,1985-1991,-0.022234312303504356,0.21006283755385766
735,0.25,40,118,7820,TRUE,1992-2001,0.019088270173770888,0.24233981223567796
735,0.25,40,118,7820,TRUE,2002-2007,0.11503170432327185,1.163237513536151e-10
735,0.25,40,118,7820,TRUE,2008-2015,0.036173313829216486,0.03285201665010453
736,0.25,40,118,7874,TRUE,1985-1991,-0.019209616088728943,0.31184130213398237
736,0.25,40,118,7874,TRUE,1992-2001,0.02192054491256092,0.20874452042665295
736,0.25,40,118,7874,TRUE,2002-2007,0.11059611887427086,4.793365182086052e-9
736,0.25,40,118,7874,TRUE,2008-2015,0.04484864760626435,0.012927740296344878
737,0.25,40,118,7838,TRUE,1985-1991,-0.030077119334143653,0.11315603215126664
737,0.25,40,118,7838,TRUE,1992-2001,0.012118729606749801,0.48700692560775644
737,0.25,40,118,7838,TRUE,2002-2007,0.1180600846666401,8.207211864307541e-10
737,0.25,40,118,7838,TRUE,2008-2015,0.04421200564431109,0.015579908133357322
738,0.25,40,118,7794,TRUE,1985-1991,-0.02021335444710502,0.274211286084183
738,0.25,40,118,7794,TRUE,1992-2001,0.013211489483143556,0.4353196370024969
738,0.25,40,118,7794,TRUE,2002-2007,0.12198252259875182,2.910916116087285e-11
738,0.25,40,118,7794,TRUE,2008-2015,0.04347099217646651,0.012275541970039038
739,0.25,40,118,7804,TRUE,1985-1991,-0.023727468665598495,0.19487790177573727
739,0.25,40,118,7804,TRUE,1992-2001,0.00876922131051737,0.5950354086734936
739,0.25,40,118,7804,TRUE,2002-2007,0.11963598756055463,2.5303231058822002e-11
739,0.25,40,118,7804,TRUE,2008-2015,0.050553556553238996,0.0031336145446277785
740,0.25,40,118,7990,TRUE,1985-1991,-0.04267966681939755,0.01889050253643128
740,0.25,40,118,7990,TRUE,1992-2001,0.006094752997950564,0.7171503580373964
740,0.25,40,118,7990,TRUE,2002-2007,0.11698624562052826,2.1968642957300145e-10
740,0.25,40,118,7990,TRUE,2008-2015,0.03647336777603833,0.035962916626343926
741,0.25,40,118,7897,TRUE,1985-1991,-0.011481661840436471,0.5281582993350076
741,0.25,40,118,7897,TRUE,1992-2001,0.018375294348090928,0.2643126171300734
741,0.25,40,118,7897,TRUE,2002-2007,0.12705732909977244,2.454204839466306e-12
741,0.25,40,118,7897,TRUE,2008-2015,0.06650163808268271,1.0476297092504823e-4
742,0.25,40,118,7790,TRUE,1985-1991,-0.020432540854576655,0.24638061851329876
742,0.25,40,118,7790,TRUE,1992-2001,0.01765240323650964,0.275018000922897
742,0.25,40,118,7790,TRUE,2002-2007,0.12411113809451249,1.7746446359005841e-12
742,0.25,40,118,7790,TRUE,2008-2015,0.06163791978301654,2.3474253899219584e-4
743,0.25,40,118,7729,TRUE,1985-1991,-0.016650604391854364,0.3621027329196387
743,0.25,40,118,7729,TRUE,1992-2001,0.027123502314220307,0.11021047091096556
743,0.25,40,118,7729,TRUE,2002-2007,0.12965487439765455,2.5475353957782204e-12
743,0.25,40,118,7729,TRUE,2008-2015,0.05540381164902149,0.001552792202989256
744,0.25,40,118,7703,TRUE,1985-1991,-0.02660097948212515,0.15362923900889774
744,0.25,40,118,7703,TRUE,1992-2001,0.01595664772295105,0.3517794190392749
744,0.25,40,118,7703,TRUE,2002-2007,0.1357583453332723,2.528194268794115e-13
744,0.25,40,118,7703,TRUE,2008-2015,0.05663776706077447,0.0012176981418515933
745,0.25,40,118,7806,TRUE,1985-1991,-0.021761552724083214,0.23668031448596388
745,0.25,40,118,7806,TRUE,1992-2001,0.00962929443091666,0.560649658676881
745,0.25,40,118,7806,TRUE,2002-2007,0.11228376420427565,7.195881166251892e-10
745,0.25,40,118,7806,TRUE,2008-2015,0.05052075839269726,0.0039306016438279455
746,0.25,40,118,7751,TRUE,1985-1991,-0.02816615257834354,0.11041749184743256
746,0.25,40,118,7751,TRUE,1992-2001,0.021002342893174805,0.1853290722431876
746,0.25,40,118,7751,TRUE,2002-2007,0.1472619587507961,5.38578635787688e-17
746,0.25,40,118,7751,TRUE,2008-2015,0.06477577957509491,9.214276227573862e-5
747,0.25,40,118,7837,TRUE,1985-1991,-0.024682838895301845,0.1581658726917626
747,0.25,40,118,7837,TRUE,1992-2001,0.005923430305599362,0.7120171802903178
747,0.25,40,118,7837,TRUE,2002-2007,0.10742446540754474,6.565013951142104e-10
747,0.25,40,118,7837,TRUE,2008-2015,0.03916310060853284,0.017498312561372853
748,0.25,40,118,7897,TRUE,1985-1991,-0.027446461625059503,0.12234222972796618
748,0.25,40,118,7897,TRUE,1992-2001,0.0057649268511311,0.7204334388831037
748,0.25,40,118,7897,TRUE,2002-2007,0.13159349519601587,1.2149459166639083e-13
748,0.25,40,118,7897,TRUE,2008-2015,0.046252369406240036,0.006164280733168067
749,0.25,40,118,7824,TRUE,1985-1991,-0.024002461335352145,0.1841927341076632
749,0.25,40,118,7824,TRUE,1992-2001,0.018701412473016578,0.25590931868733
749,0.25,40,118,7824,TRUE,2002-2007,0.11860554605980556,4.838687056238132e-11
749,0.25,40,118,7824,TRUE,2008-2015,0.04592194975482395,0.006853171761989384
750,0.25,40,118,7969,TRUE,1985-1991,-0.029793991915402277,0.09400935292897321
750,0.25,40,118,7969,TRUE,1992-2001,0.006940034007687907,0.6686322188973621
750,0.25,40,118,7969,TRUE,2002-2007,0.12352372279633125,5.1388718337733475e-12
750,0.25,40,118,7969,TRUE,2008-2015,0.04932685131852538,0.003259720003176994
751,0.25,40,118,7733,TRUE,1985-1991,-0.03607013951492991,0.05583478396602591
751,0.25,40,118,7733,TRUE,1992-2001,0.010118530060784885,0.5590240498516985
751,0.25,40,118,7733,TRUE,2002-2007,0.10574920600777196,1.6751141986563117e-8
751,0.25,40,118,7733,TRUE,2008-2015,0.033251894695614646,0.06049538438295651
752,0.25,40,118,7745,TRUE,1985-1991,-0.02252018071872253,0.21706627001453552
752,0.25,40,118,7745,TRUE,1992-2001,0.014288366737120948,0.389391612234242
752,0.25,40,118,7745,TRUE,2002-2007,0.13234527763744391,3.5934779905322996e-13
752,0.25,40,118,7745,TRUE,2008-2015,0.06046480437858168,4.704221213823691e-4
753,0.25,40,118,7702,TRUE,1985-1991,-0.03373990579489869,0.06997523927765935
753,0.25,40,118,7702,TRUE,1992-2001,0.019536994849507307,0.24556129820847772
753,0.25,40,118,7702,TRUE,2002-2007,0.13103666108349984,1.9536766098613907e-12
753,0.25,40,118,7702,TRUE,2008-2015,0.048737627907171954,0.005060265242647996
754,0.25,40,118,7804,TRUE,1985-1991,-0.03777267489687989,0.038294224699872356
754,0.25,40,118,7804,TRUE,1992-2001,0.005537089568537393,0.7425486593486191
754,0.25,40,118,7804,TRUE,2002-2007,0.11192107104186044,8.516801397364415e-10
754,0.25,40,118,7804,TRUE,2008-2015,0.040355957405531696,0.01959797578797871
755,0.25,40,118,7763,TRUE,1985-1991,-0.028893869270968063,0.10857811297328201
755,0.25,40,118,7763,TRUE,1992-2001,0.025141560730119125,0.12947212909212014
755,0.25,40,118,7763,TRUE,2002-2007,0.12961330495543286,5.481959833171029e-13
755,0.25,40,118,7763,TRUE,2008-2015,0.05730191308892723,7.413030164733964e-4
756,0.25,40,118,7651,TRUE,1985-1991,-0.03127789307604621,0.07409778565301203
756,0.25,40,118,7651,TRUE,1992-2001,0.015625574489202487,0.32757730022118936
756,0.25,40,118,7651,TRUE,2002-2007,0.11628022930693534,2.849139898829339e-11
756,0.25,40,118,7651,TRUE,2008-2015,0.052467373034891324,0.0014513308062038973
757,0.25,40,118,7884,TRUE,1985-1991,-0.028736996409048466,0.09965304954238742
757,0.25,40,118,7884,TRUE,1992-2001,0.0024283723965151556,0.8784071487334104
757,0.25,40,118,7884,TRUE,2002-2007,0.11665950358467243,1.602276572083393e-11
757,0.25,40,118,7884,TRUE,2008-2015,0.04340957301011983,0.008098000743509652
758,0.25,40,118,7715,TRUE,1985-1991,-0.02709877642926489,0.11754206725426208
758,0.25,40,118,7715,TRUE,1992-2001,0.016660070531557086,0.28796756967537485
758,0.25,40,118,7715,TRUE,2002-2007,0.12490919318335078,3.3040216891565047e-13
758,0.25,40,118,7715,TRUE,2008-2015,0.05489991855959013,6.960287771649397e-4
759,0.25,40,118,7775,TRUE,1985-1991,-0.02340497356053754,0.18415107865256722
759,0.25,40,118,7775,TRUE,1992-2001,0.007436059405990677,0.6495620347284026
759,0.25,40,118,7775,TRUE,2002-2007,0.11743435917187715,4.4995677814104114e-11
759,0.25,40,118,7775,TRUE,2008-2015,0.04578543243064889,0.006283545694209529
760,0.25,40,118,7810,TRUE,1985-1991,-0.03365057358227164,0.05493633129359353
760,0.25,40,118,7810,TRUE,1992-2001,-0.00230254793100218,0.8847952375298311
760,0.25,40,118,7810,TRUE,2002-2007,0.1107633753625232,3.4298829942650544e-10
760,0.25,40,118,7810,TRUE,2008-2015,0.04482388656143524,0.006979827130143201
761,0.25,40,118,7771,TRUE,1985-1991,-0.02978893726114481,0.09515791945153124
761,0.25,40,118,7771,TRUE,1992-2001,0.011273909735936796,0.4851241425788193
761,0.25,40,118,7771,TRUE,2002-2007,0.12323604663761578,5.224466135091224e-12
761,0.25,40,118,7771,TRUE,2008-2015,0.04759434714440831,0.004155750480793022
762,0.25,40,118,7815,TRUE,1985-1991,-0.03052699509308074,0.08752339828897261
762,0.25,40,118,7815,TRUE,1992-2001,0.010548172722210258,0.517026859476579
762,0.25,40,118,7815,TRUE,2002-2007,0.11404694807555796,2.1885316111829157e-10
762,0.25,40,118,7815,TRUE,2008-2015,0.043148707971796804,0.010327697700439833
763,0.25,40,118,7863,TRUE,1985-1991,-0.04845090763902442,0.006980760186091863
763,0.25,40,118,7863,TRUE,1992-2001,0.002577360769882027,0.8733408952618897
763,0.25,40,118,7863,TRUE,2002-2007,0.1251624467563895,2.0813052178819257e-12
763,0.25,40,118,7863,TRUE,2008-2015,0.04554146610753863,0.007303629004078998
764,0.25,40,118,7875,TRUE,1985-1991,-0.01744858329756734,0.33815754452741364
764,0.25,40,118,7875,TRUE,1992-2001,0.01264763939387786,0.4424883848137567
764,0.25,40,118,7875,TRUE,2002-2007,0.1256069186493751,2.7787496756237877e-12
764,0.25,40,118,7875,TRUE,2008-2015,0.05733903202137862,9.673977293151269e-4
765,0.25,40,118,7726,TRUE,1985-1991,-0.019144978255222968,0.29595680710420247
765,0.25,40,118,7726,TRUE,1992-2001,0.017168850222967234,0.301468403313086
765,0.25,40,118,7726,TRUE,2002-2007,0.10974495220359598,2.3306496178632386e-9
765,0.25,40,118,7726,TRUE,2008-2015,0.04962834777183193,0.00430606725149424
766,0.25,40,118,7814,TRUE,1985-1991,-0.015464141068864531,0.3813224222906835
766,0.25,40,118,7814,TRUE,1992-2001,0.02977699887750561,0.06026098901954821
766,0.25,40,118,7814,TRUE,2002-2007,0.14327117706012246,2.0805542280292235e-16
766,0.25,40,118,7814,TRUE,2008-2015,0.06691294220437516,4.20728458681444e-5
767,0.25,40,118,7872,TRUE,1985-1991,-0.02504928110754621,0.17161965288330283
767,0.25,40,118,7872,TRUE,1992-2001,0.027229751025199322,0.1053611920954494
767,0.25,40,118,7872,TRUE,2002-2007,0.12038020420006855,4.540681464567043e-11
767,0.25,40,118,7872,TRUE,2008-2015,0.05116156767179626,0.0034996954378312367
768,0.25,40,118,7739,TRUE,1985-1991,-0.020701370073292973,0.22839652980323633
768,0.25,40,118,7739,TRUE,1992-2001,0.006507576421686267,0.6745104575855496
768,0.25,40,118,7739,TRUE,2002-2007,0.11824073440424376,2.3167231214185447e-12
768,0.25,40,118,7739,TRUE,2008-2015,0.04454042534158397,0.005365386242547182
769,0.25,40,118,7709,TRUE,1985-1991,-0.02627506404371663,0.14265529582252906
769,0.25,40,118,7709,TRUE,1992-2001,0.02107465387531477,0.19750857869322014
769,0.25,40,118,7709,TRUE,2002-2007,0.12172119477709761,9.75668051604094e-12
769,0.25,40,118,7709,TRUE,2008-2015,0.04788356169948457,0.00447624108491029
770,0.25,40,118,7773,TRUE,1985-1991,-6.54410235921786e-4,0.9713994954944224
770,0.25,40,118,7773,TRUE,1992-2001,0.03263030657181808,0.049107185369517505
770,0.25,40,118,7773,TRUE,2002-2007,0.13188114179813623,5.404694197461141e-13
770,0.25,40,118,7773,TRUE,2008-2015,0.062185755100126826,3.7096002193323e-4
771,0.25,40,118,7734,TRUE,1985-1991,-0.02111491479267943,0.27119349043628044
771,0.25,40,118,7734,TRUE,1992-2001,0.017974329965615137,0.3086412707666288
771,0.25,40,118,7734,TRUE,2002-2007,0.12588183245716902,7.010676411951118e-11
771,0.25,40,118,7734,TRUE,2008-2015,0.05617047741060843,0.00224708055313695
772,0.25,40,118,7745,TRUE,1985-1991,-0.01759122642080136,0.31265015724425715
772,0.25,40,118,7745,TRUE,1992-2001,0.01843454229935608,0.24838399935908462
772,0.25,40,118,7745,TRUE,2002-2007,0.11937981059502117,7.644636689606363e-12
772,0.25,40,118,7745,TRUE,2008-2015,0.043383984544061886,0.008331830486224847
773,0.25,40,118,7825,TRUE,1985-1991,-0.042747546060099985,0.019334798916315503
773,0.25,40,118,7825,TRUE,1992-2001,0.02033528416975542,0.21961050312125519
773,0.25,40,118,7825,TRUE,2002-2007,0.1350693189271279,7.839944323534121e-14
773,0.25,40,118,7825,TRUE,2008-2015,0.052846590158203526,0.002321733265123867
774,0.25,40,118,7861,TRUE,1985-1991,-0.019000562666107633,0.29712422545673034
774,0.25,40,118,7861,TRUE,1992-2001,0.011920654842705384,0.4737602511505443
774,0.25,40,118,7861,TRUE,2002-2007,0.13244420814535626,2.960497192224375e-13
774,0.25,40,118,7861,TRUE,2008-2015,0.05273633545314279,0.0022592283441320166
775,0.25,40,118,7913,TRUE,1985-1991,-0.039333322971251576,0.03287911169481417
775,0.25,40,118,7913,TRUE,1992-2001,0.004335945264553394,0.7990793081981916
775,0.25,40,118,7913,TRUE,2002-2007,0.11299903036110953,9.406965978436494e-10
775,0.25,40,118,7913,TRUE,2008-2015,0.047066275987076835,0.006955950358722273
776,0.25,40,118,7779,TRUE,1985-1991,-0.03844489670866002,0.04055618041392304
776,0.25,40,118,7779,TRUE,1992-2001,0.016000698781108012,0.3509350947781935
776,0.25,40,118,7779,TRUE,2002-2007,0.11947376096377316,1.409899506181319e-10
776,0.25,40,118,7779,TRUE,2008-2015,0.04909248714818761,0.0055565108358856755
777,0.25,40,118,7998,TRUE,1985-1991,-0.03621054888269942,0.06464777303148367
777,0.25,40,118,7998,TRUE,1992-2001,0.017962734787686736,0.30791813334602475
777,0.25,40,118,7998,TRUE,2002-2007,0.13923240714519652,5.529190027445017e-13
777,0.25,40,118,7998,TRUE,2008-2015,0.07356660394389752,7.053668034149247e-5
778,0.25,40,118,7890,TRUE,1985-1991,-0.010274334498750834,0.5712301508645371
778,0.25,40,118,7890,TRUE,1992-2001,0.02414945466840296,0.14776520947147384
778,0.25,40,118,7890,TRUE,2002-2007,0.12123029620645946,2.460968166455432e-11
778,0.25,40,118,7890,TRUE,2008-2015,0.04987975810517827,0.0036818011657660655
779,0.25,40,118,7875,TRUE,1985-1991,-0.016231159378750293,0.35343810677827864
779,0.25,40,118,7875,TRUE,1992-2001,0.023259650481264656,0.13812227975660724
779,0.25,40,118,7875,TRUE,2002-2007,0.14269570039971738,2.781161915415776e-16
779,0.25,40,118,7875,TRUE,2008-2015,0.0640220040515647,1.0925537821730288e-4
780,0.25,40,118,7718,TRUE,1985-1991,-0.031022136647114132,0.07474896168792193
780,0.25,40,118,7718,TRUE,1992-2001,0.01669263790426609,0.2929239035896206
780,0.25,40,118,7718,TRUE,2002-2007,0.1180402273733125,9.371722696803711e-12
780,0.25,40,118,7718,TRUE,2008-2015,0.04696880864250394,0.00406460635535279
781,0.25,40,118,7988,TRUE,1985-1991,-0.04079739037478527,0.022681335541642905
781,0.25,40,118,7988,TRUE,1992-2001,0.008255151873242113,0.6114435539919376
781,0.25,40,118,7988,TRUE,2002-2007,0.1393445806392521,4.9446322459113304e-15
781,0.25,40,118,7988,TRUE,2008-2015,0.05834700459045548,4.933278614446234e-4
782,0.25,40,118,7727,TRUE,1985-1991,-0.010691771915140851,0.5059103399889324
782,0.25,40,118,7727,TRUE,1992-2001,0.023953105435777344,0.09357473121374801
782,0.25,40,118,7727,TRUE,2002-2007,0.1277005817375897,1.0062315029427765e-15
782,0.25,40,118,7727,TRUE,2008-2015,0.05467590316036086,2.213039019917165e-4
783,0.25,40,118,7873,TRUE,1985-1991,-0.027946005086969282,0.11031326470017494
783,0.25,40,118,7873,TRUE,1992-2001,0.024783767425527174,0.11968979868164885
783,0.25,40,118,7873,TRUE,2002-2007,0.12370882013535442,2.2219622791741796e-12
783,0.25,40,118,7873,TRUE,2008-2015,0.05202436642823675,0.0019269061177529302
784,0.25,40,118,7896,TRUE,1985-1991,-0.02456097561699552,0.16856551540846704
784,0.25,40,118,7896,TRUE,1992-2001,0.009465676242346347,0.5638795930214104
784,0.25,40,118,7896,TRUE,2002-2007,0.1093646846044771,7.800827580020203e-10
784,0.25,40,118,7896,TRUE,2008-2015,0.04411219683079223,0.008631022096773116
785,0.25,40,118,7712,TRUE,1985-1991,-0.028060797725081476,0.11508813114115797
785,0.25,40,118,7712,TRUE,1992-2001,0.014600334318328672,0.3723024886193135
785,0.25,40,118,7712,TRUE,2002-2007,0.1388339476224556,6.535670160772697e-15
785,0.25,40,118,7712,TRUE,2008-2015,0.05786776663431785,6.103332393068742e-4
786,0.25,40,118,7691,TRUE,1985-1991,-0.013500526138988403,0.438430192008717
786,0.25,40,118,7691,TRUE,1992-2001,0.015908254727645947,0.31663905172155765
786,0.25,40,118,7691,TRUE,2002-2007,0.11882548923725629,6.660546313726707e-12
786,0.25,40,118,7691,TRUE,2008-2015,0.055509643653447016,7.179650710684994e-4
787,0.25,40,118,7839,TRUE,1985-1991,-0.04058016246193325,0.030189492979152764
787,0.25,40,118,7839,TRUE,1992-2001,-7.77255631457148e-4,0.9638524861972553
787,0.25,40,118,7839,TRUE,2002-2007,0.10979233493829474,4.349742641976683e-9
787,0.25,40,118,7839,TRUE,2008-2015,0.03228872660394968,0.06774106612705523
788,0.25,40,118,7902,TRUE,1985-1991,-0.026797671015705914,0.14013573716011335
788,0.25,40,118,7902,TRUE,1992-2001,0.014097451148576742,0.38979740480082925
788,0.25,40,118,7902,TRUE,2002-2007,0.12286927530258322,1.152608660477203e-11
788,0.25,40,118,7902,TRUE,2008-2015,0.057540118843198956,8.614023172193211e-4
789,0.25,40,118,7810,TRUE,1985-1991,-0.025258109766554057,0.14963280170584847
789,0.25,40,118,7810,TRUE,1992-2001,0.02276862907542143,0.1552031535365522
789,0.25,40,118,7810,TRUE,2002-2007,0.12672444014218892,5.114454585799445e-13
789,0.25,40,118,7810,TRUE,2008-2015,0.05918846930796462,4.0960317903311003e-4
790,0.25,40,118,7860,TRUE,1985-1991,-0.02432001027752827,0.16556715164111827
790,0.25,40,118,7860,TRUE,1992-2001,0.016967704315474678,0.28671548964319066
790,0.25,40,118,7860,TRUE,2002-2007,0.12933942519929703,1.7621950239579967e-13
790,0.25,40,118,7860,TRUE,2008-2015,0.05889712422352318,3.4227676914486507e-4
791,0.25,40,118,7882,TRUE,1985-1991,-0.021157835209897412,0.27259239289230464
791,0.25,40,118,7882,TRUE,1992-2001,0.013152609556768335,0.45671948372391524
791,0.25,40,118,7882,TRUE,2002-2007,0.12134537558286695,3.79034697991511e-10
791,0.25,40,118,7882,TRUE,2008-2015,0.05049850662993736,0.00638279496495653
792,0.25,40,118,7798,TRUE,1985-1991,-0.020988178728019932,0.24416930425982503
792,0.25,40,118,7798,TRUE,1992-2001,0.015767790794545933,0.3315706917047448
792,0.25,40,118,7798,TRUE,2002-2007,0.1238590227024509,3.0624095231766017e-12
792,0.25,40,118,7798,TRUE,2008-2015,0.05945330268923983,4.268154052686281e-4
793,0.25,40,118,7837,TRUE,1985-1991,-0.017009451531659787,0.3017165268236799
793,0.25,40,118,7837,TRUE,1992-2001,0.008648445808823905,0.5612794348447776
793,0.25,40,118,7837,TRUE,2002-2007,0.13118759120654142,1.568474320524693e-15
793,0.25,40,118,7837,TRUE,2008-2015,0.05072891242158812,9.592994366179221e-4
794,0.25,40,118,7729,TRUE,1985-1991,-0.0238641883374609,0.17155877884227383
794,0.25,40,118,7729,TRUE,1992-2001,0.017822275177430298,0.253283637638881
794,0.25,40,118,7729,TRUE,2002-2007,0.11489659864438459,2.69979929498219e-11
794,0.25,40,118,7729,TRUE,2008-2015,0.05542443383700657,6.080163259218619e-4
795,0.25,40,118,7820,TRUE,1985-1991,-0.03993796019152873,0.019684084408207705
795,0.25,40,118,7820,TRUE,1992-2001,0.006037458404489035,0.7039391467237224
795,0.25,40,118,7820,TRUE,2002-2007,0.10350024621467618,2.7228387250794524e-9
795,0.25,40,118,7820,TRUE,2008-2015,0.03989539372661213,0.014454520474622467
796,0.25,40,118,7778,TRUE,1985-1991,-0.02870518245365299,0.1003695581640059
796,0.25,40,118,7778,TRUE,1992-2001,0.029819400134479025,0.05962906404772561
796,0.25,40,118,7778,TRUE,2002-2007,0.1538662091884035,1.0372773865864573e-18
796,0.25,40,118,7778,TRUE,2008-2015,0.07378375354477183,5.567010327972341e-6
797,0.25,40,118,7841,TRUE,1985-1991,-3.085742986869799e-4,0.9866950397340871
797,0.25,40,118,7841,TRUE,1992-2001,0.033044784619419655,0.045618035525497806
797,0.25,40,118,7841,TRUE,2002-2007,0.13454075207707364,2.6722301427034127e-13
797,0.25,40,118,7841,TRUE,2008-2015,0.05728586586296768,8.395058242513503e-4
798,0.25,40,118,7791,TRUE,1985-1991,-0.02335476196157807,0.16513500081663
798,0.25,40,118,7791,TRUE,1992-2001,0.02391395211245967,0.11512709070935544
798,0.25,40,118,7791,TRUE,2002-2007,0.13112421174112504,5.021166498994425e-15
798,0.25,40,118,7791,TRUE,2008-2015,0.057087855025869425,3.35106912113258e-4
799,0.25,40,118,7937,TRUE,1985-1991,-0.025586758461800942,0.15029000718020635
799,0.25,40,118,7937,TRUE,1992-2001,0.02105285651386866,0.19437403429450908
799,0.25,40,118,7937,TRUE,2002-2007,0.1308671507145037,2.7857586184459684e-13
799,0.25,40,118,7937,TRUE,2008-2015,0.06410874156130551,1.7593183044972843e-4
800,0.25,40,118,7728,TRUE,1985-1991,-0.023122687681354996,0.1799949392235208
800,0.25,40,118,7728,TRUE,1992-2001,0.025722314470434514,0.10016826426624141
800,0.25,40,118,7728,TRUE,2002-2007,0.13476536684430668,8.800624126091799e-15
800,0.25,40,118,7728,TRUE,2008-2015,0.070885105939125,1.2683541205231448e-5
801,0.25,40,118,7661,TRUE,1985-1991,-0.01693174753752155,0.3825889036286152
801,0.25,40,118,7661,TRUE,1992-2001,0.011353124666584224,0.5212755170102759
801,0.25,40,118,7661,TRUE,2002-2007,0.12066684950288306,3.0201265043686437e-10
801,0.25,40,118,7661,TRUE,2008-2015,0.03425758699449709,0.059912059463795304
802,0.25,40,118,7810,TRUE,1985-1991,-0.015355736258950169,0.41224688689895905
802,0.25,40,118,7810,TRUE,1992-2001,0.020105125153245834,0.2371079642472734
802,0.25,40,118,7810,TRUE,2002-2007,0.12629865065334178,2.1942203306934377e-11
802,0.25,40,118,7810,TRUE,2008-2015,0.05493665704841339,0.0020081145681713404
803,0.25,40,118,7841,TRUE,1985-1991,-0.04182445878381079,0.014397953435427624
803,0.25,40,118,7841,TRUE,1992-2001,0.00197599833912758,0.89796101089818825
803,0.25,40,118,7841,TRUE,2002-2007,0.13699929359058344,7.521284246448136e-16
803,0.25,40,118,7841,TRUE,2008-2015,0.049477481812452206,0.0020015041068960596
804,0.25,40,118,7752,TRUE,1985-1991,-0.029786535474967388,0.09943082224267029
804,0.25,40,118,7752,TRUE,1992-2001,-0.0013300337823465985,0.9361359036215362
804,0.25,40,118,7752,TRUE,2002-2007,0.11324495591694834,3.4479911892598507e-10
804,0.25,40,118,7752,TRUE,2008-2015,0.03731506965761475,0.02904043980554618
805,0.25,40,118,7582,TRUE,1985-1991,-0.02241065557102772,0.20173094033408218
805,0.25,40,118,7582,TRUE,1992-2001,0.03601159467072012,0.02402949977891551
805,0.25,40,118,7582,TRUE,2002-2007,0.14464249401762513,1.2938877094314858e-16
805,0.25,40,118,7582,TRUE,2008-2015,0.06336221345819096,1.1183024882986287e-4
806,0.25,40,118,7827,TRUE,1985-1991,-0.032147443868171394,0.07613011631935661
806,0.25,40,118,7827,TRUE,1992-2001,-5.164496246236536e-4,0.9750412312750746
806,0.25,40,118,7827,TRUE,2002-2007,0.10565886173520533,4.056903907825264e-9
806,0.25,40,118,7827,TRUE,2008-2015,0.03378487443818208,0.047839867969758795
807,0.25,40,118,7928,TRUE,1985-1991,-0.019636666049071314,0.26025984604017205
807,0.25,40,118,7928,TRUE,1992-2001,0.01229480355502615,0.43674888565798653
807,0.25,40,118,7928,TRUE,2002-2007,0.11068366985029225,1.2573877475384697e-10
807,0.25,40,118,7928,TRUE,2008-2015,0.04644633739876931,0.004358912257163891
808,0.25,40,118,7586,TRUE,1985-1991,-0.03199774063827689,0.07384915318850013
808,0.25,40,118,7586,TRUE,1992-2001,0.020270924588601295,0.21446330189909635
808,0.25,40,118,7586,TRUE,2002-2007,0.11998117360078989,1.5580981948837064e-11
808,0.25,40,118,7586,TRUE,2008-2015,0.0567916499003308,7.414205881523517e-4
809,0.25,40,118,7902,TRUE,1985-1991,-0.020221119401793875,0.2857955320847729
809,0.25,40,118,7902,TRUE,1992-2001,0.017906768968044693,0.3076840779876719
809,0.25,40,118,7902,TRUE,2002-2007,0.11103034634813584,4.5775360301462896e-9
809,0.25,40,118,7902,TRUE,2008-2015,0.0324585826578728,0.07207030659371101
810,0.25,40,118,7934,TRUE,1985-1991,-0.01823936153132508,0.33400783029919057
810,0.25,40,118,7934,TRUE,1992-2001,0.01481219517022642,0.3920763341930197
810,0.25,40,118,7934,TRUE,2002-2007,0.1264685400169538,1.9068033687055535e-11
810,0.25,40,118,7934,TRUE,2008-2015,0.05160898060102535,0.004238835456965666
811,0.25,40,118,7696,TRUE,1985-1991,-0.030102319881863047,0.08551509737221712
811,0.25,40,118,7696,TRUE,1992-2001,0.009232947635888413,0.562980844101389
811,0.25,40,118,7696,TRUE,2002-2007,0.12600686713502568,4.704418821152016e-13
811,0.25,40,118,7696,TRUE,2008-2015,0.053375088465688156,0.001187743860850029
812,0.25,40,118,7735,TRUE,1985-1991,-0.02941401414550101,0.10879021387470865
812,0.25,40,118,7735,TRUE,1992-2001,0.007894393305899666,0.6366938573696962
812,0.25,40,118,7735,TRUE,2002-2007,0.11781715683146302,8.18329415496817e-11
812,0.25,40,118,7735,TRUE,2008-2015,0.0537517244719952,0.0018668488380161115
813,0.25,40,118,7785,TRUE,1985-1991,-0.022546270156094964,0.20192086990776983
813,0.25,40,118,7785,TRUE,1992-2001,0.007838352094789797,0.627725217732126
813,0.25,40,118,7785,TRUE,2002-2007,0.1057187563537297,1.8777378698034553e-9
813,0.25,40,118,7785,TRUE,2008-2015,0.04624514642946628,0.005415992808039858
814,0.25,40,118,7899,TRUE,1985-1991,-0.02894197763603984,0.10212979235868397
814,0.25,40,118,7899,TRUE,1992-2001,0.012799852030365294,0.4356712093425991
814,0.25,40,118,7899,TRUE,2002-2007,0.141008447022841,3.874294693086501e-15
814,0.25,40,118,7899,TRUE,2008-2015,0.05170493215100437,0.0021360649027511065
815,0.25,40,118,7851,TRUE,1985-1991,-0.015238375855647435,0.39344145302991895
815,0.25,40,118,7851,TRUE,1992-2001,0.013769214286054382,0.39540409008736555
815,0.25,40,118,7851,TRUE,2002-2007,0.13056566482511514,1.8981733063706507e-13
815,0.25,40,118,7851,TRUE,2008-2015,0.05345516352660138,0.0016864354117015646
816,0.25,40,118,7788,TRUE,1985-1991,-0.024898002977811747,0.17359832905692785
816,0.25,40,118,7788,TRUE,1992-2001,-0.003055213549277184,0.8561892712766918
816,0.25,40,118,7788,TRUE,2002-2007,0.0962333489773764,1.4605946783242607e-7
816,0.25,40,118,7788,TRUE,2008-2015,0.030705283441956607,0.07543909745187383
817,0.25,40,118,7854,TRUE,1985-1991,-0.046581121858027014,0.012702345621071283
817,0.25,40,118,7854,TRUE,1992-2001,-0.0013567825583050003,0.9378957959598033
817,0.25,40,118,7854,TRUE,2002-2007,0.13032424367640313,3.934076570449997e-12
817,0.25,40,118,7854,TRUE,2008-2015,0.050199675331835295,0.004952368005847014
818,0.25,40,118,7821,TRUE,1985-1991,-0.017169226206338276,0.35122871483115486
818,0.25,40,118,7821,TRUE,1992-2001,0.017816733326017777,0.2935549068764721
818,0.25,40,118,7821,TRUE,2002-2007,0.12514666418184867,1.0027027700226638e-11
818,0.25,40,118,7821,TRUE,2008-2015,0.05000981096676087,0.004120158209278452
819,0.25,40,118,7772,TRUE,1985-1991,-0.027870228307361324,0.11685887801742606
819,0.25,40,118,7772,TRUE,1992-2001,0.013907168976801245,0.3906127164257776
819,0.25,40,118,7772,TRUE,2002-2007,0.13088828351405676,1.5601978982188685e-13
819,0.25,40,118,7772,TRUE,2008-2015,0.06313905225854724,1.572254625572907e-4
820,0.25,40,118,7803,TRUE,1985-1991,-0.024396148233896478,0.17368825806223614
820,0.25,40,118,7803,TRUE,1992-2001,0.012302155936554371,0.4418661788466547
820,0.25,40,118,7803,TRUE,2002-2007,0.1293918698158245,4.024382070776932e-13
820,0.25,40,118,7803,TRUE,2008-2015,0.061850560785719946,2.666660814887424e-4
821,0.25,40,118,7827,TRUE,1985-1991,-0.023214027008817768,0.19244393860477163
821,0.25,40,118,7827,TRUE,1992-2001,0.01046140091479458,0.5154686084170771
821,0.25,40,118,7827,TRUE,2002-2007,0.11172870396711589,2.630510489120154e-10
821,0.25,40,118,7827,TRUE,2008-2015,0.055472337480590314,8.666732803940978e-4
822,0.25,40,118,7714,TRUE,1985-1991,-0.026797898047329086,0.14023838739006972
822,0.25,40,118,7714,TRUE,1992-2001,0.017152464129048396,0.3037795415972585
822,0.25,40,118,7714,TRUE,2002-2007,0.12377968451767403,8.82630298966685e-12
822,0.25,40,118,7714,TRUE,2008-2015,0.04089201714755934,0.017709591040681642
823,0.25,40,118,7777,TRUE,1985-1991,-0.008030764309818368,0.6549852488684155
823,0.25,40,118,7777,TRUE,1992-2001,0.017115582859778287,0.2981990997411296
823,0.25,40,118,7777,TRUE,2002-2007,0.12581414369869773,2.3492991676013246e-12
823,0.25,40,118,7777,TRUE,2008-2015,0.05027956714504005,0.0030967678911990484
824,0.25,40,118,7965,TRUE,1985-1991,-0.01990022472934754,0.28110232655840006
824,0.25,40,118,7965,TRUE,1992-2001,0.001545225448793243,0.9266983209228047
824,0.25,40,118,7965,TRUE,2002-2007,0.10482139111919879,9.749618032254213e-9
824,0.25,40,118,7965,TRUE,2008-2015,0.04118847486060044,0.017904201995670173
825,0.25,40,118,7771,TRUE,1985-1991,-0.025137469526398566,0.16757696099786226
825,0.25,40,118,7771,TRUE,1992-2001,0.0244596353573071,0.14504637279994573
825,0.25,40,118,7771,TRUE,2002-2007,0.13508841659699053,1.126058460874003e-13
825,0.25,40,118,7771,TRUE,2008-2015,0.058998209672779946,6.066877237273743e-4
826,0.25,40,118,7870,TRUE,1985-1991,-0.016251886568354995,0.34129314562976154
826,0.25,40,118,7870,TRUE,1992-2001,0.017066695772782664,0.2676578929982237
826,0.25,40,118,7870,TRUE,2002-2007,0.11622299524906524,1.1461618179173534e-11
826,0.25,40,118,7870,TRUE,2008-2015,0.054998497606074795,5.172117515964123e-4
827,0.25,40,118,7860,TRUE,1985-1991,-0.03412751858915811,0.050951274608966736
827,0.25,40,118,7860,TRUE,1992-2001,0.018003722754762384,0.2610182186952651
827,0.25,40,118,7860,TRUE,2002-2007,0.1259254188125046,3.864428412448789e-13
827,0.25,40,118,7860,TRUE,2008-2015,0.04941754960118826,0.002661569820369416
828,0.25,40,118,7974,TRUE,1985-1991,-0.03914236656393551,0.02675493258021212
828,0.25,40,118,7974,TRUE,1992-2001,0.0050898845597803985,0.7523505599091898
828,0.25,40,118,7974,TRUE,2002-2007,0.10847788916807223,1.117036695992453e-9
828,0.25,40,118,7974,TRUE,2008-2015,0.04716040558151145,0.005421954155705239
829,0.25,40,118,7795,TRUE,1985-1991,-0.012005941787119785,0.4938652931590691
829,0.25,40,118,7795,TRUE,1992-2001,0.01438351011485725,0.3611613007232912
829,0.25,40,118,7795,TRUE,2002-2007,0.12587967095039246,4.3172012443648207e-13
829,0.25,40,118,7795,TRUE,2008-2015,0.05627643269551089,5.640594286318209e-4
830,0.25,40,118,7916,TRUE,1985-1991,-0.025308974757512495,0.16848577813919122
830,0.25,40,118,7916,TRUE,1992-2001,0.00189910945111978,0.9102087280036326
830,0.25,40,118,7916,TRUE,2002-2007,0.11683879061865822,2.0063277601969784e-10
830,0.25,40,118,7916,TRUE,2008-2015,0.044303202121880006,0.010814198049925847
831,0.25,40,118,7759,TRUE,1985-1991,-0.01990996631433701,0.2838206595607519
831,0.25,40,118,7759,TRUE,1992-2001,0.022939486830350846,0.17507712954763108
831,0.25,40,118,7759,TRUE,2002-2007,0.12253825539416041,3.605048207420019e-11
831,0.25,40,118,7759,TRUE,2008-2015,0.0481702303881116,0.0056640662947413795
832,0.25,40,118,7664,TRUE,1985-1991,-0.02275644021050066,0.22040410473990885
832,0.25,40,118,7664,TRUE,1992-2001,0.012738534659792876,0.4441112525159637
832,0.25,40,118,7664,TRUE,2002-2007,0.12005190454632844,6.90209773843253e-11
832,0.25,40,118,7664,TRUE,2008-2015,0.05531295362136267,0.0013360573968548967
833,0.25,40,118,7871,TRUE,1985-1991,-0.02330566881903456,0.17141918113444868
833,0.25,40,118,7871,TRUE,1992-2001,0.017298212136582388,0.2583723286350452
833,0.25,40,118,7871,TRUE,2002-2007,0.12796805532579006,3.926474051164082e-14
833,0.25,40,118,7871,TRUE,2008-2015,0.04978675075602132,0.0017477447685077402
834,0.25,40,118,7713,TRUE,1985-1991,-0.010188483127158532,0.5464828429064208
834,0.25,40,118,7713,TRUE,1992-2001,0.02706090056228161,0.07975068520568881
834,0.25,40,118,7713,TRUE,2002-2007,0.126791019438318,5.427905625917445e-14
834,0.25,40,118,7713,TRUE,2008-2015,0.05487450702704327,6.103911601916753e-4
835,0.25,40,118,7992,TRUE,1985-1991,-0.0049696238944166434,0.7797663527930474
835,0.25,40,118,7992,TRUE,1992-2001,0.03378826673699422,0.03567806199628482
835,0.25,40,118,7992,TRUE,2002-2007,0.1453203936869827,2.3372192284329735e-16
835,0.25,40,118,7992,TRUE,2008-2015,0.07718863344093946,4.4136314526463875e-6
836,0.25,40,118,7731,TRUE,1985-1991,-0.017316931199505645,0.30468219995372203
836,0.25,40,118,7731,TRUE,1992-2001,0.022248949827593584,0.14773699302433593
836,0.25,40,118,7731,TRUE,2002-2007,0.11455442276905234,1.1987034190250614e-11
836,0.25,40,118,7731,TRUE,2008-2015,0.043393222058247166,0.0068361644274037014
837,0.25,40,118,7891,TRUE,1985-1991,-0.023903722223596477,0.15977518076467537
837,0.25,40,118,7891,TRUE,1992-2001,0.023021748447718357,0.13601229590266678
837,0.25,40,118,7891,TRUE,2002-2007,0.1328727942441012,1.0586530654530638e-14
837,0.25,40,118,7891,TRUE,2008-2015,0.05247394177012471,9.624502262356285e-4
838,0.25,40,118,7865,TRUE,1985-1991,-0.008822527428025003,0.6206517056998775
838,0.25,40,118,7865,TRUE,1992-2001,0.01928883588765478,0.23843766805041036
838,0.25,40,118,7865,TRUE,2002-2007,0.11998776453517843,1.970711748138727e-11
838,0.25,40,118,7865,TRUE,2008-2015,0.04777044909601502,0.005317303942236479
839,0.25,40,118,7882,TRUE,1985-1991,-0.008278878121794283,0.6437032125849179
839,0.25,40,118,7882,TRUE,1992-2001,0.006943767040230815,0.6646287944704574
839,0.25,40,118,7882,TRUE,2002-2007,0.11117077958295796,4.3294755486476885e-10
839,0.25,40,118,7882,TRUE,2008-2015,0.04525416411957506,0.007091563448281013
840,0.25,40,118,7791,TRUE,1985-1991,-0.02580842218168608,0.14812151071320262
840,0.25,40,118,7791,TRUE,1992-2001,0.01706878189593502,0.2990106772573194
840,0.25,40,118,7791,TRUE,2002-2007,0.1205785003798332,2.0843435906979468e-11
840,0.25,40,118,7791,TRUE,2008-2015,0.05403318486263928,0.0014452906338240023
841,0.25,40,118,7857,TRUE,1985-1991,-0.017997823199299386,0.31363324728508024
841,0.25,40,118,7857,TRUE,1992-2001,0.016823768846706888,0.3047698157922004
841,0.25,40,118,7857,TRUE,2002-2007,0.12317301624712088,6.737037551090583e-12
841,0.25,40,118,7857,TRUE,2008-2015,0.061424202494110965,3.1837332892491985e-4
842,0.25,40,118,7881,TRUE,1985-1991,-0.029593293733384,0.10133496277885581
842,0.25,40,118,7881,TRUE,1992-2001,0.012385178553301512,0.44969234347839304
842,0.25,40,118,7881,TRUE,2002-2007,0.12032171036737217,1.7674314863297048e-11
842,0.25,40,118,7881,TRUE,2008-2015,0.049019938298734134,0.004301413632734998
843,0.25,40,118,7746,TRUE,1985-1991,-0.029023101257763844,0.10682858291121874
843,0.25,40,118,7746,TRUE,1992-2001,0.01605983623508694,0.3276121272689755
843,0.25,40,118,7746,TRUE,2002-2007,0.11956663551358472,2.330675885693259e-11
843,0.25,40,118,7746,TRUE,2008-2015,0.04784523990522048,0.00469448464761033
844,0.25,40,118,7955,TRUE,1985-1991,-0.023828242770437203,0.19824970189553046
844,0.25,40,118,7955,TRUE,1992-2001,0.006745725268915429,0.6903932797738777
844,0.25,40,118,7955,TRUE,2002-2007,0.1068850214871936,6.001562922009775e-9
844,0.25,40,118,7955,TRUE,2008-2015,0.03268084196171654,0.06147774352365206
845,0.25,40,118,7745,TRUE,1985-1991,-0.020502717283155714,0.2769264571321172
845,0.25,40,118,7745,TRUE,1992-2001,0.023401655126231848,0.1801120820035928
845,0.25,40,118,7745,TRUE,2002-2007,0.1252488552828704,3.984934154981513e-11
845,0.25,40,118,7745,TRUE,2008-2015,0.06060668710685414,7.704945087650424e-4
846,0.25,40,118,7750,TRUE,1985-1991,-0.02276438894064633,0.1921036115518893
846,0.25,40,118,7750,TRUE,1992-2001,0.015960065797998624,0.31666353344500925
846,0.25,40,118,7750,TRUE,2002-2007,0.11315442599361275,7.289816528903328e-11
846,0.25,40,118,7750,TRUE,2008-2015,0.04431872833133918,0.006917936775064321
847,0.25,40,118,7694,TRUE,1985-1991,-0.03620248872175839,0.043298796260165896
847,0.25,40,118,7694,TRUE,1992-2001,0.0010959691619823672,0.9466989434864488
847,0.25,40,118,7694,TRUE,2002-2007,0.1078155000871936,1.5975122973991976e-9
847,0.25,40,118,7694,TRUE,2008-2015,0.039772720292514684,0.01815324455324606
848,0.25,40,118,7757,TRUE,1985-1991,-0.04290278450335632,0.02160082833027993
848,0.25,40,118,7757,TRUE,1992-2001,0.007789057412134287,0.6488992874062243
848,0.25,40,118,7757,TRUE,2002-2007,0.11559541654467795,5.089638837951341e-10
848,0.25,40,118,7757,TRUE,2008-2015,0.045295068236306614,0.010120704598333703
849,0.25,40,118,7716,TRUE,1985-1991,-0.04059671937289248,0.027498952304908533
849,0.25,40,118,7716,TRUE,1992-2001,0.008750920606640539,0.6073774859511505
849,0.25,40,118,7716,TRUE,2002-2007,0.12271353998284418,3.1597779479898516e-11
849,0.25,40,118,7716,TRUE,2008-2015,0.04404708065920388,0.011604258783466806
850,0.25,40,118,7805,TRUE,1985-1991,-0.022445372089645314,0.2081557763788267
850,0.25,40,118,7805,TRUE,1992-2001,0.015085936780949282,0.35489941781062495
850,0.25,40,118,7805,TRUE,2002-2007,0.13931113238128087,6.6635854777178056e-15
850,0.25,40,118,7805,TRUE,2008-2015,0.06455680198137628,1.0925866116338792e-4
851,0.25,40,118,7874,TRUE,1985-1991,-0.04621082749396414,0.010344647810072046
851,0.25,40,118,7874,TRUE,1992-2001,0.00978433861266085,0.5536498237092772
851,0.25,40,118,7874,TRUE,2002-2007,0.1269029377142259,1.5811307938381016e-12
851,0.25,40,118,7874,TRUE,2008-2015,0.05403496627250699,0.0016570180712790802
852,0.25,40,118,7735,TRUE,1985-1991,-0.012618511314823909,0.48367342695898624
852,0.25,40,118,7735,TRUE,1992-2001,0.012278812080450528,0.4574807918784
852,0.25,40,118,7735,TRUE,2002-2007,0.1145939318681537,1.7948655774104024e-10
852,0.25,40,118,7735,TRUE,2008-2015,0.04426046925891953,0.009028006642358312
853,0.25,40,118,7855,TRUE,1985-1991,-0.014683637281870105,0.4151991750233414
853,0.25,40,118,7855,TRUE,1992-2001,0.01369871485207339,0.40333235218531316
853,0.25,40,118,7855,TRUE,2002-2007,0.1177197099992294,3.5088359254748036e-11
853,0.25,40,118,7855,TRUE,2008-2015,0.048428982288095036,0.004596010508313095
854,0.25,40,118,7832,TRUE,1985-1991,-0.026240633569673627,0.11908498930100188
854,0.25,40,118,7832,TRUE,1992-2001,0.019894628693360714,0.1963467013520654
854,0.25,40,118,7832,TRUE,2002-2007,0.13076510175304384,8.762463808818312e-15
854,0.25,40,118,7832,TRUE,2008-2015,0.05439212006152809,5.99305154605871e-4
855,0.25,40,118,7771,TRUE,1985-1991,-0.008248236750839634,0.6414676664878101
855,0.25,40,118,7771,TRUE,1992-2001,0.014623270564664758,0.3641914903557635
855,0.25,40,118,7771,TRUE,2002-2007,0.1184210647004601,2.2541018741677625e-11
855,0.25,40,118,7771,TRUE,2008-2015,0.06090945683687747,2.842880552264838e-4
856,0.25,40,118,7645,TRUE,1985-1991,-0.023428958805340978,0.22302737869454095
856,0.25,40,118,7645,TRUE,1992-2001,0.017944567381958498,0.31081033524653023
856,0.25,40,118,7645,TRUE,2002-2007,0.13528544055977798,2.508507739755601e-12
856,0.25,40,118,7645,TRUE,2008-2015,0.055007407850406156,0.0024006059490492577
857,0.25,40,118,7694,TRUE,1985-1991,-0.020177171841716704,0.25428826804244437
857,0.25,40,118,7694,TRUE,1992-2001,0.024703559561646327,0.1255840581300946
857,0.25,40,118,7694,TRUE,2002-2007,0.1320495818044105,9.172388700683083e-14
857,0.25,40,118,7694,TRUE,2008-2015,0.06917820146833502,3.3158411401577156e-5
858,0.25,40,118,7759,TRUE,1985-1991,-0.014642491124348777,0.3982758666820057
858,0.25,40,118,7759,TRUE,1992-2001,0.022898737331182563,0.14269447579386024
858,0.25,40,118,7759,TRUE,2002-2007,0.13095548373879268,1.724710134782185e-14
858,0.25,40,118,7759,TRUE,2008-2015,0.06379590289913305,9.079092337236857e-5
859,0.25,40,118,7945,TRUE,1985-1991,-0.02951823282816613,0.10902905450955358
859,0.25,40,118,7945,TRUE,1992-2001,0.01819875941031182,0.28338106026346954
859,0.25,40,118,7945,TRUE,2002-2007,0.13876809017235425,7.367496255752166e-14
859,0.25,40,118,7945,TRUE,2008-2015,0.0710600959754368,5.363972323414042e-5
860,0.25,40,118,7727,TRUE,1985-1991,-0.022547299818539,0.21883755247591824
860,0.25,40,118,7727,TRUE,1992-2001,0.02184924202060899,0.19509352154234214
860,0.25,40,118,7727,TRUE,2002-2007,0.12653932629167497,3.7984276543553526e-12
860,0.25,40,118,7727,TRUE,2008-2015,0.052867971051046535,0.0024301783598638113
861,0.25,40,118,7772,TRUE,1985-1991,-0.022410221676669347,0.22812681260581688
861,0.25,40,118,7772,TRUE,1992-2001,0.01951933551355111,0.2533129151758108
861,0.25,40,118,7772,TRUE,2002-2007,0.12182719886586327,4.7822442387035124e-11
861,0.25,40,118,7772,TRUE,2008-2015,0.05206684811088517,0.00292772883808871
862,0.25,40,118,7858,TRUE,1985-1991,-0.032300244360607105,0.07584982334947205
862,0.25,40,118,7858,TRUE,1992-2001,0.010688870134637485,0.5221117454887366
862,0.25,40,118,7858,TRUE,2002-2007,0.11922118010726776,5.936774430261657e-11
862,0.25,40,118,7858,TRUE,2008-2015,0.0512969527225815,0.0029141405171208535
863,0.25,40,118,7846,TRUE,1985-1991,-0.025121875111253005,0.16645516135214164
863,0.25,40,118,7846,TRUE,1992-2001,0.010661975061389616,0.524803304460721
863,0.25,40,118,7846,TRUE,2002-2007,0.11018072298575728,1.7602486411330897e-9
863,0.25,40,118,7846,TRUE,2008-2015,0.05010168492652235,0.003609106768791101
864,0.25,40,118,7739,TRUE,1985-1991,-0.030963285646008892,0.10473585619322881
864,0.25,40,118,7739,TRUE,1992-2001,0.007320792372294799,0.6733126023469278
864,0.25,40,118,7739,TRUE,2002-2007,0.13136646266807075,4.370085078591712e-12
864,0.25,40,118,7739,TRUE,2008-2015,0.0469046567886518,0.008697668601380902
865,0.25,40,118,7803,TRUE,1985-1991,-0.0334313584209354,0.0646296499743117
865,0.25,40,118,7803,TRUE,1992-2001,0.002930655628925437,0.8592207067319602
865,0.25,40,118,7803,TRUE,2002-2007,0.10511191774661444,6.640149928370019e-9
865,0.25,40,118,7803,TRUE,2008-2015,0.03967724203476452,0.02026416663407525
866,0.25,40,118,7911,TRUE,1985-1991,-0.03238937491194813,0.08537810451020382
866,0.25,40,118,7911,TRUE,1992-2001,0.02061791382959157,0.232888930389483
866,0.25,40,118,7911,TRUE,2002-2007,0.134606786193271,7.849031498020868e-13
866,0.25,40,118,7911,TRUE,2008-2015,0.05044353882658152,0.004833816087596012
867,0.25,40,118,7818,TRUE,1985-1991,-0.039507897622807944,0.02438136257491202
867,0.25,40,118,7818,TRUE,1992-2001,0.010337157073474608,0.5198861372590952
867,0.25,40,118,7818,TRUE,2002-2007,0.1156494897024379,5.196056853888859e-11
867,0.25,40,118,7818,TRUE,2008-2015,0.04801986461116492,0.004249401003186429
868,0.25,40,118,7832,TRUE,1985-1991,-0.021046820998249387,0.24642280293751836
868,0.25,40,118,7832,TRUE,1992-2001,0.013080721246470584,0.42923692884168596
868,0.25,40,118,7832,TRUE,2002-2007,0.10536181784258622,5.746651191501839e-9
868,0.25,40,118,7832,TRUE,2008-2015,0.039932720818131553,0.01988798170582579
869,0.25,40,118,7709,TRUE,1985-1991,-0.014146708263816414,0.4246445670126631
869,0.25,40,118,7709,TRUE,1992-2001,0.022950180882262215,0.14951313180655934
869,0.25,40,118,7709,TRUE,2002-2007,0.1259708490665018,7.224601396757048e-13
869,0.25,40,118,7709,TRUE,2008-2015,0.062288650405713096,1.671065247091464e-4
870,0.25,40,118,7635,TRUE,1985-1991,-0.022558497317719813,0.21058459514018102
870,0.25,40,118,7635,TRUE,1992-2001,0.020538314148743332,0.2112016624780804
870,0.25,40,118,7635,TRUE,2002-2007,0.11925304643766818,2.22596987519717e-11
870,0.25,40,118,7635,TRUE,2008-2015,0.05340447776661201,0.0015582553218075703
871,0.25,40,118,7881,TRUE,1985-1991,-2.1162155915901832e-4,0.990295871234176
871,0.25,40,118,7881,TRUE,1992-2001,0.029125089604149144,0.06457141241081014
871,0.25,40,118,7881,TRUE,2002-2007,0.12313686652783927,1.865645989898463e-12
871,0.25,40,118,7881,TRUE,2008-2015,0.057547306614654,4.3767607356041575e-4
872,0.25,40,118,7709,TRUE,1985-1991,-0.019883436289959616,0.26147158116655694
872,0.25,40,118,7709,TRUE,1992-2001,0.013160471298435401,0.4191198809572024
872,0.25,40,118,7709,TRUE,2002-2007,0.12314973443930088,2.8923626963574584e-12
872,0.25,40,118,7709,TRUE,2008-2015,0.04958541270682447,0.003071942050916263
873,0.25,40,118,7881,TRUE,1985-1991,-0.026126103815259077,0.13811600450844008
873,0.25,40,118,7881,TRUE,1992-2001,0.02141882504855872,0.1810905382508816
873,0.25,40,118,7881,TRUE,2002-2007,0.13022881745465262,1.5518726020638447e-13
873,0.25,40,118,7881,TRUE,2008-2015,0.06120713916168234,2.785937294410415e-4
874,0.25,40,118,7900,TRUE,1985-1991,-0.034078631602649914,0.06373993183025688
874,0.25,40,118,7900,TRUE,1992-2001,0.007951687211203366,0.6399053847710994
874,0.25,40,118,7900,TRUE,2002-2007,0.1108266922290929,2.230936268133576e-9
874,0.25,40,118,7900,TRUE,2008-2015,0.03861203505669121,0.029919200744430087
875,0.25,40,118,8026,TRUE,1985-1991,-0.004054333568611659,0.8357045506084407
875,0.25,40,118,8026,TRUE,1992-2001,0.012806215507704687,0.47166622638151173
875,0.25,40,118,8026,TRUE,2002-2007,0.10904121861669486,1.9065260739644872e-8
875,0.25,40,118,8026,TRUE,2008-2015,0.04465497883335403,0.01670072842221506
876,0.25,40,118,7772,TRUE,1985-1991,-0.023621477013260946,0.1989764850849211
876,0.25,40,118,7772,TRUE,1992-2001,0.004181188939042627,0.804338264187403
876,0.25,40,118,7772,TRUE,2002-2007,0.12209552961551237,3.3192635063320236e-11
876,0.25,40,118,7772,TRUE,2008-2015,0.055592648526679125,0.0013519472058379637
877,0.25,40,118,7749,TRUE,1985-1991,-0.03324838835194413,0.06564712297503339
877,0.25,40,118,7749,TRUE,1992-2001,0.013333964447343569,0.41122506685849797
877,0.25,40,118,7749,TRUE,2002-2007,0.11139088758905089,3.7878036680853614e-10
877,0.25,40,118,7749,TRUE,2008-2015,0.04705768423725208,0.00510281430926183
878,0.25,40,118,7818,TRUE,1985-1991,-0.03573674611937404,0.04170239855102023
878,0.25,40,118,7818,TRUE,1992-2001,0.0068829312986888325,0.6701536274706448
878,0.25,40,118,7818,TRUE,2002-2007,0.11186981342664871,1.726390137376935e-10
878,0.25,40,118,7818,TRUE,2008-2015,0.03902533834764664,0.01875970729510042
879,0.25,40,118,7796,TRUE,1985-1991,-0.02914963251222888,0.08374529109757593
879,0.25,40,118,7796,TRUE,1992-2001,0.008624676319361042,0.571156865613272
879,0.25,40,118,7796,TRUE,2002-2007,0.12259247310513893,2.6142370898283494e-13
879,0.25,40,118,7796,TRUE,2008-2015,0.054924246123395845,4.7070308871895796e-4
880,0.25,40,118,7749,TRUE,1985-1991,-0.029354854618646037,0.09143859528148061
880,0.25,40,118,7749,TRUE,1992-2001,0.011929656694653241,0.4525835089694667
880,0.25,40,118,7749,TRUE,2002-2007,0.13528811124819037,6.542003656631299e-15
880,0.25,40,118,7749,TRUE,2008-2015,0.05111653397494015,0.0018947583445697819
881,0.25,40,118,7742,TRUE,1985-1991,-0.029894281924789518,0.1127313639471888
881,0.25,40,118,7742,TRUE,1992-2001,0.02434271857816634,0.15951982039655124
881,0.25,40,118,7742,TRUE,2002-2007,0.12569208546303062,1.9917263987577458e-11
881,0.25,40,118,7742,TRUE,2008-2015,0.048921465349232876,0.006141961763685398
882,0.25,40,118,7717,TRUE,1985-1991,-0.014798930105924242,0.41865049073512234
882,0.25,40,118,7717,TRUE,1992-2001,0.02055785960581604,0.22278436853175876
882,0.25,40,118,7717,TRUE,2002-2007,0.11871692618596853,7.13577687157211e-11
882,0.25,40,118,7717,TRUE,2008-2015,0.040823994857174334,0.01833565526968918
883,0.25,40,118,7816,TRUE,1985-1991,-0.011792460487302342,0.5158819042499467
883,0.25,40,118,7816,TRUE,1992-2001,0.03488901212483087,0.033190262297970355
883,0.25,40,118,7816,TRUE,2002-2007,0.14500279100942567,5.806793692830998e-16
883,0.25,40,118,7816,TRUE,2008-2015,0.06413096465668362,1.983097314413114e-4
884,0.25,40,118,7736,TRUE,1985-1991,-0.02169023968180783,0.1771938756541362
884,0.25,40,118,7736,TRUE,1992-2001,0.023774922391278094,0.09523018265291404
884,0.25,40,118,7736,TRUE,2002-2007,0.1447808708752223,2.467928985250999e-19
884,0.25,40,118,7736,TRUE,2008-2015,0.06864019653842132,4.5373999332174465e-6
885,0.25,40,118,7829,TRUE,1985-1991,-0.019140954002759534,0.2755526241831802
885,0.25,40,118,7829,TRUE,1992-2001,0.02249131645327847,0.1562690095640979
885,0.25,40,118,7829,TRUE,2002-2007,0.13308895862200698,2.3894193238379543e-14
885,0.25,40,118,7829,TRUE,2008-2015,0.06817940361172271,3.256960141534163e-5
886,0.25,40,118,7806,TRUE,1985-1991,-0.02543270894913043,0.13725185619436542
886,0.25,40,118,7806,TRUE,1992-2001,0.011790531050747437,0.4525232058887862
886,0.25,40,118,7806,TRUE,2002-2007,0.12678492047013612,1.7852769119776772e-13
886,0.25,40,118,7806,TRUE,2008-2015,0.05599999069174226,5.414449343779313e-4
887,0.25,40,118,7759,TRUE,1985-1991,-0.011254707317582133,0.5284916555985635
887,0.25,40,118,7759,TRUE,1992-2001,0.0192333568609781,0.2350770424122034
887,0.25,40,118,7759,TRUE,2002-2007,0.1239531940296573,3.344923193219905e-12
887,0.25,40,118,7759,TRUE,2008-2015,0.05518306197951926,9.28975259432827e-4
888,0.25,40,118,7848,TRUE,1985-1991,-0.022371852847072417,0.21354171769366384
888,0.25,40,118,7848,TRUE,1992-2001,0.0017773163605410112,0.9144754772555166
888,0.25,40,118,7848,TRUE,2002-2007,0.12269953214772569,8.393450577947248e-12
888,0.25,40,118,7848,TRUE,2008-2015,0.05174243116378336,0.0023525353775928812
889,0.25,40,118,7776,TRUE,1985-1991,-0.02692029211937851,0.14568011097397773
889,0.25,40,118,7776,TRUE,1992-2001,0.012786774435459749,0.454569523338937
889,0.25,40,118,7776,TRUE,2002-2007,0.11506200714394317,4.906872001135187e-10
889,0.25,40,118,7776,TRUE,2008-2015,0.035833127788872016,0.041319962131769215
890,0.25,40,118,7841,TRUE,1985-1991,-0.02605772479357111,0.1418478555928248
890,0.25,40,118,7841,TRUE,1992-2001,5.657339929635852e-4,0.9720026647355697
890,0.25,40,118,7841,TRUE,2002-2007,0.11028186375071028,3.67748661788901e-10
890,0.25,40,118,7841,TRUE,2008-2015,0.04192148688359331,0.012330745816825936
891,0.25,40,118,7847,TRUE,1985-1991,-0.024942309348989538,0.15771625510938128
891,0.25,40,118,7847,TRUE,1992-2001,0.014515784045210065,0.36615602740883724
891,0.25,40,118,7847,TRUE,2002-2007,0.11075903305199904,3.0748538384851067e-10
891,0.25,40,118,7847,TRUE,2008-2015,0.04303043921047331,0.009669054698624478
892,0.25,40,118,7948,TRUE,1985-1991,-0.032339982706257625,0.07202150498833289
892,0.25,40,118,7948,TRUE,1992-2001,0.005475772472064523,0.7350456042116645
892,0.25,40,118,7948,TRUE,2002-2007,0.12547146072400636,1.455288322348961e-12
892,0.25,40,118,7948,TRUE,2008-2015,0.04510760364346844,0.008024541440972834
893,0.25,40,118,7810,TRUE,1985-1991,-0.010770243761177318,0.5605455551829607
893,0.25,40,118,7810,TRUE,1992-2001,0.021430774321547417,0.20282631721658376
893,0.25,40,118,7810,TRUE,2002-2007,0.10472674676120254,9.762771391217274e-9
893,0.25,40,118,7810,TRUE,2008-2015,0.054106635201791625,0.001853816794061306
894,0.25,40,118,7931,TRUE,1985-1991,-0.01949512921474259,0.25907064440174765
894,0.25,40,118,7931,TRUE,1992-2001,0.029212349637064525,0.06361530740823296
894,0.25,40,118,7931,TRUE,2002-2007,0.1304239420229211,6.861139662357422e-14
894,0.25,40,118,7931,TRUE,2008-2015,0.066916110037169907,4.0096299046047064e-5
895,0.25,40,118,7854,TRUE,1985-1991,-0.01593950759859278,0.3811845802776566
895,0.25,40,118,7854,TRUE,1992-2001,0.006750295614941296,0.6881970318642736
895,0.25,40,118,7854,TRUE,2002-2007,0.10790999756332258,3.4541021881860743e-9
895,0.25,40,118,7854,TRUE,2008-2015,0.04641845797341057,0.007635176914015287
896,0.25,40,118,7823,TRUE,1985-1991,-0.01944051422458188,0.2714476935050934
896,0.25,40,118,7823,TRUE,1992-2001,0.004221363819110192,0.7910018252374879
896,0.25,40,118,7823,TRUE,2002-2007,0.11501203537779492,5.7400531528358495e-11
896,0.25,40,118,7823,TRUE,2008-2015,0.05349255693212134,0.001212919219695693
897,0.25,40,118,7804,TRUE,1985-1991,-0.027770227622648403,0.11325439455103865
897,0.25,40,118,7804,TRUE,1992-2001,0.01010980062766349,0.5308149346700447
897,0.25,40,118,7804,TRUE,2002-2007,0.11603445436380545,3.164390354705874e-11
897,0.25,40,118,7804,TRUE,2008-2015,0.03856880460672231,0.020329517701768645
898,0.25,40,118,7873,TRUE,1985-1991,-0.02489150584606294,0.17640391977701309
898,0.25,40,118,7873,TRUE,1992-2001,0.018654137129387228,0.2685083268235858
898,0.25,40,118,7873,TRUE,2002-2007,0.11369255415220618,7.269021911475754e-10
898,0.25,40,118,7873,TRUE,2008-2015,0.03315284890870261,0.056360404727970936
899,0.25,40,118,7685,TRUE,1985-1991,-0.02459055633059551,0.19701861216731434
899,0.25,40,118,7685,TRUE,1992-2001,-1.714595369745886e-4,0.991998665236729
899,0.25,40,118,7685,TRUE,2002-2007,0.11789077641399265,2.8204092539777846e-10
899,0.25,40,118,7685,TRUE,2008-2015,0.05156764145504557,0.003586056514942075
900,0.25,40,118,7874,TRUE,1985-1991,-0.027891363517580745,0.11921345083751858
900,0.25,40,118,7874,TRUE,1992-2001,0.018636720804072922,0.24934722932719203
900,0.25,40,118,7874,TRUE,2002-2007,0.12738891841701327,7.166129934587038e-13
900,0.25,40,118,7874,TRUE,2008-2015,0.054633869098865306,0.0011770564478423696
901,0.25,40,118,7899,TRUE,1985-1991,-0.04026622132621159,0.03696123624650233
901,0.25,40,118,7899,TRUE,1992-2001,0.008345030269766789,0.6338889839439772
901,0.25,40,118,7899,TRUE,2002-2007,0.1314361772043714,9.478389417635394e-12
901,0.25,40,118,7899,TRUE,2008-2015,0.05296122996954103,0.003731991395573795
902,0.25,40,118,7882,TRUE,1985-1991,-0.006177092977659059,0.7379078504778469
902,0.25,40,118,7882,TRUE,1992-2001,0.020795852296845295,0.2200274146464136
902,0.25,40,118,7882,TRUE,2002-2007,0.12283833251646536,2.3771230138014376e-11
902,0.25,40,118,7882,TRUE,2008-2015,0.06122559156575233,5.129782226338487e-4
903,0.25,40,118,7833,TRUE,1985-1991,-0.02797630051519594,0.10766122721585801
903,0.25,40,118,7833,TRUE,1992-2001,0.014939156714920247,0.3381736486838181
903,0.25,40,118,7833,TRUE,2002-2007,0.12645711848074212,1.7379609734338587e-13
903,0.25,40,118,7833,TRUE,2008-2015,0.05325898670447156,0.001067726714728877
904,0.25,40,118,7914,TRUE,1985-1991,-0.0072978185921852255,0.6852717146850877
904,0.25,40,118,7914,TRUE,1992-2001,0.033085007261459035,0.043510159815048285
904,0.25,40,118,7914,TRUE,2002-2007,0.13214525349161993,2.4915541512106036e-13
904,0.25,40,118,7914,TRUE,2008-2015,0.06198322803127747,3.08380571815928e-4
905,0.25,40,118,7853,TRUE,1985-1991,-0.028330486496573493,0.10456866250943263
905,0.25,40,118,7853,TRUE,1992-2001,0.016329018017443152,0.2989131017801715
905,0.25,40,118,7853,TRUE,2002-2007,0.12820326407695337,2.2570562164680816e-13
905,0.25,40,118,7853,TRUE,2008-2015,0.0617795381224384,1.7070453056707057e-4
906,0.25,40,118,7775,TRUE,1985-1991,-0.020350571265083772,0.24717247053346794
906,0.25,40,118,7775,TRUE,1992-2001,0.010880073163690343,0.49489984342653187
906,0.25,40,118,7775,TRUE,2002-2007,0.12352043103435884,1.3200233361684553e-12
906,0.25,40,118,7775,TRUE,2008-2015,0.05700288546659163,5.500882920632861e-4
907,0.25,40,118,7802,TRUE,1985-1991,-0.016148684289964535,0.36473682301471416
907,0.25,40,118,7802,TRUE,1992-2001,0.00945993946421712,0.5666222682680202
907,0.25,40,118,7802,TRUE,2002-2007,0.10683532370732307,2.56139419249873e-9
907,0.25,40,118,7802,TRUE,2008-2015,0.03558957247873806,0.03504249078095416
908,0.25,40,118,7819,TRUE,1985-1991,-0.01995923697992276,0.2893709105810692
908,0.25,40,118,7819,TRUE,1992-2001,0.007960552322719815,0.6459763035390536
908,0.25,40,118,7819,TRUE,2002-2007,0.10798135062420404,7.85388369392322e-9
908,0.25,40,118,7819,TRUE,2008-2015,0.03952698077623392,0.026715392932571653
909,0.25,40,118,7807,TRUE,1985-1991,-0.01479907162912908,0.4111173575056878
909,0.25,40,118,7807,TRUE,1992-2001,0.0086087427582225845,0.6030963471057396
909,0.25,40,118,7807,TRUE,2002-2007,0.11323816181800656,3.725877885634014e-10
909,0.25,40,118,7807,TRUE,2008-2015,0.047766276664111595,0.005294805634206113
910,0.25,40,118,7708,TRUE,1985-1991,-0.02068884208552453,0.2943734861555825
910,0.25,40,118,7708,TRUE,1992-2001,0.013816262095451969,0.44451939131465995
910,0.25,40,118,7708,TRUE,2002-2007,0.12967517113757177,2.86660270751693e-11
910,0.25,40,118,7708,TRUE,2008-2015,0.05506778174638566,0.0033333695597438794
911,0.25,40,118,7829,TRUE,1985-1991,-0.03217011766524345,0.07712305769817945
911,0.25,40,118,7829,TRUE,1992-2001,0.010318884812541944,0.5329361642621742
911,0.25,40,118,7829,TRUE,2002-2007,0.11502211579410887,2.0940951175071913e-10
911,0.25,40,118,7829,TRUE,2008-2015,0.054459026857909494,0.0014668355276461014
912,0.25,40,118,7891,TRUE,1985-1991,-0.024114123250088382,0.16797877692143526
912,0.25,40,118,7891,TRUE,1992-2001,0.018044641543408013,0.255397071695833
912,0.25,40,118,7891,TRUE,2002-2007,0.13922709150956866,1.3719302372028928e-15
912,0.25,40,118,7891,TRUE,2008-2015,0.06839255994336674,2.8698772777007833e-5
913,0.25,40,118,7857,TRUE,1985-1991,-0.02529100914184633,0.17843892662421224
913,0.25,40,118,7857,TRUE,1992-2001,0.014732367170199039,0.38830947493994145
913,0.25,40,118,7857,TRUE,2002-2007,0.11887099802790614,1.944534200532609e-10
913,0.25,40,118,7857,TRUE,2008-2015,0.04366734466998663,0.01426025058088131
914,0.25,40,118,7788,TRUE,1985-1991,-0.02993916446017775,0.07452582188466343
914,0.25,40,118,7788,TRUE,1992-2001,0.005755371008163559,0.7070110186277445
914,0.25,40,118,7788,TRUE,2002-2007,0.11946356607199196,1.1844554187651219e-12
914,0.25,40,118,7788,TRUE,2008-2015,0.05712171672170606,2.998298576222283e-4
915,0.25,40,118,7795,TRUE,1985-1991,-0.028197463304414284,0.1301617774026907
915,0.25,40,118,7795,TRUE,1992-2001,0.019024842475923454,0.2637659605961991
915,0.25,40,118,7795,TRUE,2002-2007,0.14388897285905047,1.1580967890530822e-14
915,0.25,40,118,7795,TRUE,2008-2015,0.05932656561789331,8.137242682147762e-4
916,0.25,40,118,7809,TRUE,1985-1991,-0.025488180041993293,0.1883159580268606
916,0.25,40,118,7809,TRUE,1992-2001,0.014379968022372226,0.4183225491908681
916,0.25,40,118,7809,TRUE,2002-2007,0.1210759537657411,5.362535977949569e-10
916,0.25,40,118,7809,TRUE,2008-2015,0.05557872167302745,0.002815758302710602
917,0.25,40,118,7988,TRUE,1985-1991,-0.012793828102931133,0.47212210245137753
917,0.25,40,118,7988,TRUE,1992-2001,0.017700533814739648,0.2704279455011383
917,0.25,40,118,7988,TRUE,2002-2007,0.13411522071524146,3.005883031787559e-14
917,0.25,40,118,7988,TRUE,2008-2015,0.07217641766977849,1.9379434518669474e-5
918,0.25,40,118,7809,TRUE,1985-1991,-0.01985536027817235,0.3001563775897286
918,0.25,40,118,7809,TRUE,1992-2001,0.011532275276449254,0.5111379718513662
918,0.25,40,118,7809,TRUE,2002-2007,0.11089984747086694,5.821440691232336e-9
918,0.25,40,118,7809,TRUE,2008-2015,0.048353545001561415,0.007504266859975562
919,0.25,40,118,7701,TRUE,1985-1991,-0.03632915963660255,0.04235677955241245
919,0.25,40,118,7701,TRUE,1992-2001,0.004550970705307564,0.7814305739204501
919,0.25,40,118,7701,TRUE,2002-2007,0.11989805837705952,1.530822715756595e-11
919,0.25,40,118,7701,TRUE,2008-2015,0.04817060536643793,0.004181139380239645
920,0.25,40,118,7868,TRUE,1985-1991,-0.05624560217783947,0.002016244371749105
920,0.25,40,118,7868,TRUE,1992-2001,0.0011469100087247441,0.9451817759680874
920,0.25,40,118,7868,TRUE,2002-2007,0.13638063334085065,5.3100558000366615e-14
920,0.25,40,118,7868,TRUE,2008-2015,0.058400055839058995,6.089160877016584e-4
921,0.25,40,118,7772,TRUE,1985-1991,-0.03306048099487326,0.05353254745715765
921,0.25,40,118,7772,TRUE,1992-2001,0.013963339501371082,0.3749551473904723
921,0.25,40,118,7772,TRUE,2002-2007,0.12231002438413616,9.953703278707637e-13
921,0.25,40,118,7772,TRUE,2008-2015,0.05167993882232672,0.0014182582214616998
922,0.25,40,118,7682,TRUE,1985-1991,-0.021655716610492905,0.21162176864497725
922,0.25,40,118,7682,TRUE,1992-2001,0.016847142078050846,0.2846149083705706
922,0.25,40,118,7682,TRUE,2002-2007,0.11764063210225262,8.884670409284862e-12
922,0.25,40,118,7682,TRUE,2008-2015,0.044477668778178346,0.0062612327774699385
923,0.25,40,118,7978,TRUE,1985-1991,-0.02922001515273379,0.0847831702895145
923,0.25,40,118,7978,TRUE,1992-2001,0.014410907855049667,0.35032468297852587
923,0.25,40,118,7978,TRUE,2002-2007,0.1293234261137617,2.163659309863523e-14
923,0.25,40,118,7978,TRUE,2008-2015,0.05592086352792591,4.79796096454627e-4
924,0.25,40,118,7855,TRUE,1985-1991,-0.03596044334516203,0.05957410887692104
924,0.25,40,118,7855,TRUE,1992-2001,0.014402763384455466,0.4074868338065275
924,0.25,40,118,7855,TRUE,2002-2007,0.12011331335996576,3.589572979770336e-10
924,0.25,40,118,7855,TRUE,2008-2015,0.04670034320960491,0.01020153181687032
925,0.25,40,118,7879,TRUE,1985-1991,-0.028203863765685254,0.13471067720224106
925,0.25,40,118,7879,TRUE,1992-2001,0.006413487634806918,0.7098994758509483
925,0.25,40,118,7879,TRUE,2002-2007,0.11557315271683313,5.339576648473832e-10
925,0.25,40,118,7879,TRUE,2008-2015,0.05088609368149471,0.004406072666261956
926,0.25,40,118,8021,TRUE,1985-1991,-0.023770794439447063,0.17057361840408675
926,0.25,40,118,8021,TRUE,1992-2001,0.009881597321152357,0.5373286678089138
926,0.25,40,118,8021,TRUE,2002-2007,0.11491511946238818,6.429001336266567e-11
926,0.25,40,118,8021,TRUE,2008-2015,0.04449133029934804,0.00679635914075912
927,0.25,40,118,7763,TRUE,1985-1991,-0.033617553757939726,0.0628684498719585
927,0.25,40,118,7763,TRUE,1992-2001,0.011381760539157612,0.4936852903910491
927,0.25,40,118,7763,TRUE,2002-2007,0.12449650598679413,6.4445791332233824e-12
927,0.25,40,118,7763,TRUE,2008-2015,0.05143802159296235,0.002716488957736304
928,0.25,40,118,7867,TRUE,1985-1991,-0.0191434843402667,0.31137501068248946
928,0.25,40,118,7867,TRUE,1992-2001,0.016997714513236152,0.3250774816713438
928,0.25,40,118,7867,TRUE,2002-2007,0.12019689092290048,1.7581602151927676e-10
928,0.25,40,118,7867,TRUE,2008-2015,0.05847791961230351,0.0011847776490358122
929,0.25,40,118,7980,TRUE,1985-1991,-0.02420465035270653,0.1654825227101926
929,0.25,40,118,7980,TRUE,1992-2001,0.010842742703782594,0.4889068588462407
929,0.25,40,118,7980,TRUE,2002-2007,0.1289566073745036,7.072854964586348e-14
929,0.25,40,118,7980,TRUE,2008-2015,0.058542880155434324,3.852066496167783e-4
930,0.25,40,118,7726,TRUE,1985-1991,-0.03040260033844907,0.10030472055618352
930,0.25,40,118,7726,TRUE,1992-2001,0.007105900471873053,0.6727808915435198
930,0.25,40,118,7726,TRUE,2002-2007,0.12287370765878058,2.208055941417569e-11
930,0.25,40,118,7726,TRUE,2008-2015,0.05200844721873963,0.00272891736939476
931,0.25,40,118,7825,TRUE,1985-1991,-0.03446400819214829,0.05664277880948991
931,0.25,40,118,7825,TRUE,1992-2001,8.990049952140103e-4,0.956303112843412
931,0.25,40,118,7825,TRUE,2002-2007,0.12101957669959154,1.348309615773614e-11
931,0.25,40,118,7825,TRUE,2008-2015,0.04326058309545529,0.011819037436608431
932,0.25,40,118,7610,TRUE,1985-1991,-0.028063940899182453,0.10374502868862641
932,0.25,40,118,7610,TRUE,1992-2001,0.022551622951877466,0.15010789085575982
932,0.25,40,118,7610,TRUE,2002-2007,0.11963626024603591,2.605705667080423e-12
932,0.25,40,118,7610,TRUE,2008-2015,0.048135571649745766,0.002852895851025899
933,0.25,40,118,7927,TRUE,1985-1991,-0.019330905267450058,0.26273845868961576
933,0.25,40,118,7927,TRUE,1992-2001,0.026432814825887704,0.08763209085726077
933,0.25,40,118,7927,TRUE,2002-2007,0.13904780613586037,7.050309619052654e-16
933,0.25,40,118,7927,TRUE,2008-2015,0.07021110984413538,1.580908337302503e-5
934,0.25,40,118,7809,TRUE,1985-1991,-0.0273323195338796,0.128310000227465
934,0.25,40,118,7809,TRUE,1992-2001,0.010958554538627777,0.5044230756398016
934,0.25,40,118,7809,TRUE,2002-2007,0.11404829508334838,1.8112583468418723e-10
934,0.25,40,118,7809,TRUE,2008-2015,0.042428386461488804,0.011972877588363406
935,0.25,40,118,7805,TRUE,1985-1991,-0.02787485732517624,0.1252820282765382
935,0.25,40,118,7805,TRUE,1992-2001,0.015921171862302592,0.3399679682542852
935,0.25,40,118,7805,TRUE,2002-2007,0.13755739094787764,5.2420237480760507e-14
935,0.25,40,118,7805,TRUE,2008-2015,0.06056868464206992,4.5684394157463533e-4
936,0.25,40,118,7788,TRUE,1985-1991,-0.010888593612580657,0.5497252683364003
936,0.25,40,118,7788,TRUE,1992-2001,0.01429161811225456,0.38571836939014287
936,0.25,40,118,7788,TRUE,2002-2007,0.10002818239729551,2.803254468505579e-8
936,0.25,40,118,7788,TRUE,2008-2015,0.04355747877070337,0.010305298711052017
937,0.25,40,118,7939,TRUE,1985-1991,-0.020285287258219844,0.2718931559215445
937,0.25,40,118,7939,TRUE,1992-2001,0.0013672894811638699,0.935005839892173
937,0.25,40,118,7939,TRUE,2002-2007,0.11905183495084293,9.593457579740291e-11
937,0.25,40,118,7939,TRUE,2008-2015,0.051617602726755835,0.003085354712207865
938,0.25,40,118,7842,TRUE,1985-1991,-0.022688707544827467,0.2139727335499439
938,0.25,40,118,7842,TRUE,1992-2001,0.017086245283788968,0.3051848760983016
938,0.25,40,118,7842,TRUE,2002-2007,0.13474972478619932,1.7628627242400869e-13
938,0.25,40,118,7842,TRUE,2008-2015,0.0585914871731438,6.45467248858297e-4
939,0.25,40,118,7839,TRUE,1985-1991,-0.020882996559114533,0.27993077233745944
939,0.25,40,118,7839,TRUE,1992-2001,0.017729062493471268,0.31210219012107565
939,0.25,40,118,7839,TRUE,2002-2007,0.11608894644987179,1.3504364574787813e-9
939,0.25,40,118,7839,TRUE,2008-2015,0.05969175337805219,9.031389453650727e-4
940,0.25,40,118,7795,TRUE,1985-1991,-0.014258579065666147,0.4439841714345699
940,0.25,40,118,7795,TRUE,1992-2001,0.024641962092062562,0.14690363655704544
940,0.25,40,118,7795,TRUE,2002-2007,0.11032929241774342,2.5387223397613507e-9
940,0.25,40,118,7795,TRUE,2008-2015,0.056034329239037645,0.0015447315802418512
941,0.25,40,118,7652,TRUE,1985-1991,-0.024874477305464642,0.2030142936348645
941,0.25,40,118,7652,TRUE,1992-2001,0.01941566346129946,0.27905165437384044
941,0.25,40,118,7652,TRUE,2002-2007,0.11228478095437817,6.489240750230067e-9
941,0.25,40,118,7652,TRUE,2008-2015,0.04216890709830118,0.021785430622738106
942,0.25,40,118,7663,TRUE,1985-1991,-0.03098503954998482,0.07231746492560757
942,0.25,40,118,7663,TRUE,1992-2001,0.024359149232678283,0.11852487901390124
942,0.25,40,118,7663,TRUE,2002-2007,0.13364815456210224,5.972304479526688e-15
942,0.25,40,118,7663,TRUE,2008-2015,0.0617384947785316,1.2798487237756175e-4
943,0.25,40,118,7686,TRUE,1985-1991,-0.02365408308032988,0.21119123511763568
943,0.25,40,118,7686,TRUE,1992-2001,0.02391089228984062,0.17049131699070824
943,0.25,40,118,7686,TRUE,2002-2007,0.1324539381813574,2.2980727667339657e-12
943,0.25,40,118,7686,TRUE,2008-2015,0.05475868827522779,0.002272866341147275
944,0.25,40,118,7809,TRUE,1985-1991,-0.021500528865419383,0.2263877204623925
944,0.25,40,118,7809,TRUE,1992-2001,0.011345410584955775,0.48249437768745435
944,0.25,40,118,7809,TRUE,2002-2007,0.1215020951425569,1.0216903146474511e-11
944,0.25,40,118,7809,TRUE,2008-2015,0.05370402910458269,0.0012824222834072387
945,0.25,40,118,7910,TRUE,1985-1991,-0.009493646032636605,0.5877777108000466
945,0.25,40,118,7910,TRUE,1992-2001,0.01693837819588613,0.2870469487762138
945,0.25,40,118,7910,TRUE,2002-2007,0.11657864568599305,2.808290114528921e-11
945,0.25,40,118,7910,TRUE,2008-2015,0.05148829473323593,0.0018595613493814552
946,0.25,40,118,7844,TRUE,1985-1991,-0.03890831794078418,0.03407826766471435
946,0.25,40,118,7844,TRUE,1992-2001,0.01735535264251712,0.29640234537080523
946,0.25,40,118,7844,TRUE,2002-2007,0.13653108828064503,6.763247617399015e-14
946,0.25,40,118,7844,TRUE,2008-2015,0.06386029275634966,1.8455405426525743e-4
947,0.25,40,118,7800,TRUE,1985-1991,-0.03992380683104713,0.025095436862832995
947,0.25,40,118,7800,TRUE,1992-2001,0.014337820001123922,0.3709062453985295
947,0.25,40,118,7800,TRUE,2002-2007,0.12669222242103206,6.888044318222344e-13
947,0.25,40,118,7800,TRUE,2008-2015,0.04849177581232001,0.0035421812147878656
948,0.25,40,118,7771,TRUE,1985-1991,-0.032830478792108056,0.08076555512384448
948,0.25,40,118,7771,TRUE,1992-2001,0.0159610785770756,0.3569363638163915
948,0.25,40,118,7771,TRUE,2002-2007,0.12121019132888002,1.2247782156135356e-10
948,0.25,40,118,7771,TRUE,2008-2015,0.05311459870293639,0.002691755827970354
949,0.25,40,118,7809,TRUE,1985-1991,-0.018909719297748456,0.2952805547022258
949,0.25,40,118,7809,TRUE,1992-2001,0.016198955073060843,0.32598985959844046
949,0.25,40,118,7809,TRUE,2002-2007,0.13064253733742046,4.108866093435464e-13
949,0.25,40,118,7809,TRUE,2008-2015,0.062175199851321805,3.2818438221253276e-4
950,0.25,40,118,7687,TRUE,1985-1991,-0.035199118097476965,0.05525671658520308
950,0.25,40,118,7687,TRUE,1992-2001,0.011282762184961263,0.5047383941292434
950,0.25,40,118,7687,TRUE,2002-2007,0.11869645782190899,9.375702645163344e-11
950,0.25,40,118,7687,TRUE,2008-2015,0.05836317537769057,7.889439335169477e-4
951,0.25,40,118,7901,TRUE,1985-1991,-0.022176147432251297,0.21494161922259303
951,0.25,40,118,7901,TRUE,1992-2001,0.025859467023401035,0.11229218153228436
951,0.25,40,118,7901,TRUE,2002-2007,0.13506447551497897,3.4859416461756677e-14
951,0.25,40,118,7901,TRUE,2008-2015,0.06070286860095371,3.6741039768378427e-4
952,0.25,40,118,7801,TRUE,1985-1991,-0.03270044787835548,0.06849761168703485
952,0.25,40,118,7801,TRUE,1992-2001,0.01934545647677302,0.23976844681061074
952,0.25,40,118,7801,TRUE,2002-2007,0.13065140283880194,3.34308037676601e-13
952,0.25,40,118,7801,TRUE,2008-2015,0.05440612333278373,0.0015517472716432858
953,0.25,40,118,7746,TRUE,1985-1991,-0.02052119879629581,0.2610005808573325
953,0.25,40,118,7746,TRUE,1992-2001,0.012269999342724922,0.4546678897521898
953,0.25,40,118,7746,TRUE,2002-2007,0.12916041424603825,7.923131544706514e-13
953,0.25,40,118,7746,TRUE,2008-2015,0.06063190978693572,3.3950242622104223e-4
954,0.25,40,118,7708,TRUE,1985-1991,-0.028305241178859072,0.12192447032819637
954,0.25,40,118,7708,TRUE,1992-2001,0.020262088088254877,0.2182397977701945
954,0.25,40,118,7708,TRUE,2002-2007,0.13457711604338965,3.8846751775002535e-14
954,0.25,40,118,7708,TRUE,2008-2015,0.05380922497983101,0.001624961360424043
955,0.25,40,118,7758,TRUE,1985-1991,-0.021555331720084305,0.21634199362978443
955,0.25,40,118,7758,TRUE,1992-2001,0.019965593056599156,0.21363633693611614
955,0.25,40,118,7758,TRUE,2002-2007,0.12580485049294096,5.753697975172673e-13
955,0.25,40,118,7758,TRUE,2008-2015,0.04785186457329858,0.0036948778769503522
956,0.25,40,118,7822,TRUE,1985-1991,-0.022440475633600993,0.22767216415454547
956,0.25,40,118,7822,TRUE,1992-2001,0.0065481716024931545,0.6968666354276685
956,0.25,40,118,7822,TRUE,2002-2007,0.10856175507395285,4.0552214072351396e-9
956,0.25,40,118,7822,TRUE,2008-2015,0.0433286500951683,0.013430102896432268
957,0.25,40,118,7760,TRUE,1985-1991,-0.030551271497291022,0.07541711676694597
957,0.25,40,118,7760,TRUE,1992-2001,-0.006275956312947875,0.6865328178594012
957,0.25,40,118,7760,TRUE,2002-2007,0.10763517851703035,2.963798741170098e-10
957,0.25,40,118,7760,TRUE,2008-2015,0.03483109627824296,0.03072357487928914
958,0.25,40,118,7960,TRUE,1985-1991,-0.02730160220574499,0.14133451224362117
958,0.25,40,118,7960,TRUE,1992-2001,0.015255014131056677,0.3716322371127253
958,0.25,40,118,7960,TRUE,2002-2007,0.12455377885703231,2.5873315521665732e-11
958,0.25,40,118,7960,TRUE,2008-2015,0.05749196020199079,0.0013171781319366185
959,0.25,40,118,7824,TRUE,1985-1991,-0.017176121229442273,0.3264798964346356
959,0.25,40,118,7824,TRUE,1992-2001,0.015907622391295596,0.31559428560127795
959,0.25,40,118,7824,TRUE,2002-2007,0.11878783776997824,9.357081744893363e-12
959,0.25,40,118,7824,TRUE,2008-2015,0.04765409396176927,0.003837038672065501
960,0.25,40,118,7761,TRUE,1985-1991,-0.018007301199739048,0.3510533391836787
960,0.25,40,118,7761,TRUE,1992-2001,0.009436290949525413,0.5923583080122499
960,0.25,40,118,7761,TRUE,2002-2007,0.11387169864332168,4.019633878903589e-9
960,0.25,40,118,7761,TRUE,2008-2015,0.05678963614728384,0.0018154223497880307
961,0.25,40,118,7895,TRUE,1985-1991,-0.027710176112309907,0.1250900919404681
961,0.25,40,118,7895,TRUE,1992-2001,0.008170563306784132,0.6194113942592119
961,0.25,40,118,7895,TRUE,2002-2007,0.10714749642793822,2.8854006253268565e-9
961,0.25,40,118,7895,TRUE,2008-2015,0.04317890115712714,0.011708131407769787
962,0.25,40,118,7801,TRUE,1985-1991,-0.034188893126286736,0.04097016287225295
962,0.25,40,118,7801,TRUE,1992-2001,0.0010546969767071396,0.9450199679067829
962,0.25,40,118,7801,TRUE,2002-2007,0.11002416636746534,5.6444455399357753e-11
962,0.25,40,118,7801,TRUE,2008-2015,0.04202070361405414,0.007448455357861957
963,0.25,40,118,7797,TRUE,1985-1991,-0.03359198017071573,0.06552908233432853
963,0.25,40,118,7797,TRUE,1992-2001,-5.6974099163936e-4,0.9727344672535868
963,0.25,40,118,7797,TRUE,2002-2007,0.10420077999557052,9.231497910006477e-9
963,0.25,40,118,7797,TRUE,2008-2015,0.04346738929945167,0.011060695011794243
964,0.25,40,118,7709,TRUE,1985-1991,-0.016340124309033765,0.36636057649585596
964,0.25,40,118,7709,TRUE,1992-2001,0.009534312069037702,0.563446221761946
964,0.25,40,118,7709,TRUE,2002-2007,0.10733009534708762,2.3806356981330964e-9
964,0.25,40,118,7709,TRUE,2008-2015,0.039184702675504016,0.02076413789180925
965,0.25,40,118,7711,TRUE,1985-1991,-0.026562811493933445,0.16078572565526633
965,0.25,40,118,7711,TRUE,1992-2001,0.030559080184198614,0.0791980655906332
965,0.25,40,118,7711,TRUE,2002-2007,0.13408150157691487,2.1056116453992005e-12
965,0.25,40,118,7711,TRUE,2008-2015,0.07081877705948394,7.814553950533596e-5
966,0.25,40,118,7814,TRUE,1985-1991,-0.026567242018620832,0.16202007097417953
966,0.25,40,118,7814,TRUE,1992-2001,0.0019497226708269089,0.9100128421377696
966,0.25,40,118,7814,TRUE,2002-2007,0.11795674692457885,3.5428644313775444e-10
966,0.25,40,118,7814,TRUE,2008-2015,0.04449458873204555,0.013430237252304003
967,0.25,40,118,7758,TRUE,1985-1991,-0.044526707494248405,0.015958326456898143
967,0.25,40,118,7758,TRUE,1992-2001,0.010387236411312277,0.5384841509725742
967,0.25,40,118,7758,TRUE,2002-2007,0.1368974104456348,1.7592325598639243e-13
967,0.25,40,118,7758,TRUE,2008-2015,0.059751148371331955,5.781325436677366e-4
968,0.25,40,118,7860,TRUE,1985-1991,-0.018518586651691777,0.30980607363295837
968,0.25,40,118,7860,TRUE,1992-2001,0.01066837579545496,0.5196870072616306
968,0.25,40,118,7860,TRUE,2002-2007,0.12742451053603052,2.294159591893672e-12
968,0.25,40,118,7860,TRUE,2008-2015,0.05351841531575603,0.0017300859569204985
969,0.25,40,118,7854,TRUE,1985-1991,-0.020241015806970502,0.2770875341797798
969,0.25,40,118,7854,TRUE,1992-2001,0.006015995331540035,0.7239915013542664
969,0.25,40,118,7854,TRUE,2002-2007,0.123717218744278,2.5155535192128053e-11
969,0.25,40,118,7854,TRUE,2008-2015,0.06036185669766743,5.963640765170313e-4
970,0.25,40,118,7796,TRUE,1985-1991,-0.020868205991778133,0.22698809766424236
970,0.25,40,118,7796,TRUE,1992-2001,0.013575440801987054,0.3823776309175115
970,0.25,40,118,7796,TRUE,2002-2007,0.12270121846709423,7.087900880530162e-13
970,0.25,40,118,7796,TRUE,2008-2015,0.06410618603905993,9.009040491717311e-5
971,0.25,40,118,8026,TRUE,1985-1991,-0.03243124583783838,0.0647079014126428
971,0.25,40,118,8026,TRUE,1992-2001,0.022824343232301633,0.14918973754274775
971,0.25,40,118,8026,TRUE,2002-2007,0.15929259391598258,2.682953445182481e-19
971,0.25,40,118,8026,TRUE,2008-2015,0.07202955657347684,1.2481377906145538e-5
972,0.25,40,118,7964,TRUE,1985-1991,-0.030496469664335266,0.09329877435478993
972,0.25,40,118,7964,TRUE,1992-2001,0.006219923280295317,0.7048259852126931
972,0.25,40,118,7964,TRUE,2002-2007,0.12188426222065142,1.1308418511878074e-11
972,0.25,40,118,7964,TRUE,2008-2015,0.054519117635871264,0.0013158199350607723
973,0.25,40,118,7879,TRUE,1985-1991,-0.01924194265557127,0.2730224619740236
973,0.25,40,118,7879,TRUE,1992-2001,0.016730678730336387,0.2960859804194542
973,0.25,40,118,7879,TRUE,2002-2007,0.13348635486602628,2.5639156530120403e-14
973,0.25,40,118,7879,TRUE,2008-2015,0.05232715047270519,0.0016807165036884198
974,0.25,40,118,7736,TRUE,1985-1991,-0.01537811395055519,0.39190942082935276
974,0.25,40,118,7736,TRUE,1992-2001,0.022213300975991862,0.17597624881089607
974,0.25,40,118,7736,TRUE,2002-2007,0.11764048176114802,4.7931196279482824e-11
974,0.25,40,118,7736,TRUE,2008-2015,0.05149747567765943,0.002620129927330511
975,0.25,40,118,7841,TRUE,1985-1991,-0.01739219089495857,0.328924993225134
975,0.25,40,118,7841,TRUE,1992-2001,3.9027732587790936e-4,0.9811017688104675
975,0.25,40,118,7841,TRUE,2002-2007,0.09665508002322297,7.573654447772564e-8
975,0.25,40,118,7841,TRUE,2008-2015,0.033551077663041495,0.04771349085341517
976,0.25,40,118,7915,TRUE,1985-1991,-0.014860528601925462,0.4272970294057051
976,0.25,40,118,7915,TRUE,1992-2001,0.005510255744289986,0.7479232213774618
976,0.25,40,118,7915,TRUE,2002-2007,0.10074675733167224,7.630890308828544e-8
976,0.25,40,118,7915,TRUE,2008-2015,0.027639749625971526,0.11925809329615279
977,0.25,40,118,7739,TRUE,1985-1991,-0.022398010708123497,0.20790977192223659
977,0.25,40,118,7739,TRUE,1992-2001,0.012233807330643793,0.4495760803808051
977,0.25,40,118,7739,TRUE,2002-2007,0.11946717982939803,1.4186703927126261e-11
977,0.25,40,118,7739,TRUE,2008-2015,0.049285104103103355,0.0033128744050062676
978,0.25,40,118,7842,TRUE,1985-1991,-0.024294602681880398,0.18345180104314693
978,0.25,40,118,7842,TRUE,1992-2001,0.017168477455833282,0.3048627295076581
978,0.25,40,118,7842,TRUE,2002-2007,0.1296591391347804,1.198489451848523e-12
978,0.25,40,118,7842,TRUE,2008-2015,0.05631533822378783,9.629493119254812e-4
979,0.25,40,118,7706,TRUE,1985-1991,-0.014975174002679325,0.3998940912325305
979,0.25,40,118,7706,TRUE,1992-2001,0.01638037336800352,0.31852928667696706
979,0.25,40,118,7706,TRUE,2002-2007,0.1211147870968763,1.3453512456503295e-11
979,0.25,40,118,7706,TRUE,2008-2015,0.06554171029984826,1.0901079019066231e-4
980,0.25,40,118,7791,TRUE,1985-1991,-0.025697875143034135,0.16979097308422078
980,0.25,40,118,7791,TRUE,1992-2001,0.020559315986408484,0.23069044823684876
980,0.25,40,118,7791,TRUE,2002-2007,0.12121388483492622,7.723766176216362e-11
980,0.25,40,118,7791,TRUE,2008-2015,0.050936084188750286,0.004537809631210316
981,0.25,40,118,7915,TRUE,1985-1991,-0.03377818606433582,0.04816028712320035
981,0.25,40,118,7915,TRUE,1992-2001,0.011642401450652866,0.4530535787166842
981,0.25,40,118,7915,TRUE,2002-2007,0.1506802040081206,2.8916819751387313e-18
981,0.25,40,118,7915,TRUE,2008-2015,0.07325557968038224,4.732726866110654e-6
982,0.25,40,118,7812,TRUE,1985-1991,-0.011552067034441855,0.5085791896471961
982,0.25,40,118,7812,TRUE,1992-2001,0.019400777056499667,0.22163459607012273
982,0.25,40,118,7812,TRUE,2002-2007,0.12519958840603795,5.033527081915977e-13
982,0.25,40,118,7812,TRUE,2008-2015,0.05686053963408556,5.204338072211749e-4
983,0.25,40,118,8011,TRUE,1985-1991,-0.014234923102958456,0.40175515541621953
983,0.25,40,118,8011,TRUE,1992-2001,0.027625488526144493,0.0716803151499466
983,0.25,40,118,8011,TRUE,2002-2007,0.12279375248640922,4.87179412284636e-13
983,0.25,40,118,8011,TRUE,2008-2015,0.05703034857569175,3.541272613313325e-4
984,0.25,40,118,7691,TRUE,1985-1991,-0.0017206187516881828,0.9261321296823852
984,0.25,40,118,7691,TRUE,1992-2001,0.03237853626908371,0.056442846051330854
984,0.25,40,118,7691,TRUE,2002-2007,0.129870307545943,1.7056507905673737e-12
984,0.25,40,118,7691,TRUE,2008-2015,0.06527225439760982,1.8934820445782935e-4
985,0.25,40,118,7791,TRUE,1985-1991,-0.03609315548783945,0.032666744850099426
985,0.25,40,118,7791,TRUE,1992-2001,0.008702766659945745,0.5637612702506041
985,0.25,40,118,7791,TRUE,2002-2007,0.1240647509533683,6.489701650171374e-14
985,0.25,40,118,7791,TRUE,2008-2015,0.04530260236700173,0.003696729910646014
986,0.25,40,118,7791,TRUE,1985-1991,-0.018783366153140777,0.29442536837867567
986,0.25,40,118,7791,TRUE,1992-2001,0.02107457584735716,0.19271859220506257
986,0.25,40,118,7791,TRUE,2002-2007,0.1328219760214129,6.064720568268147e-14
986,0.25,40,118,7791,TRUE,2008-2015,0.05251830995753555,0.0017417618282262585
987,0.25,40,118,7716,TRUE,1985-1991,-0.020105389618360708,0.2806224869277223
987,0.25,40,118,7716,TRUE,1992-2001,0.023283890152413177,0.17328164754495506
987,0.25,40,118,7716,TRUE,2002-2007,0.13532319501614126,3.6636775077523247e-13
987,0.25,40,118,7716,TRUE,2008-2015,0.06465171043873559,2.6132439115815795e-4
988,0.25,40,118,7740,TRUE,1985-1991,-0.02733878301399667,0.1466818413210796
988,0.25,40,118,7740,TRUE,1992-2001,0.015034947273796388,0.3844409827162882
988,0.25,40,118,7740,TRUE,2002-2007,0.1276187477039071,8.817622080212456e-12
988,0.25,40,118,7740,TRUE,2008-2015,0.04943623256741518,0.005365210710568955
989,0.25,40,118,7824,TRUE,1985-1991,-0.024005791255349608,0.17205013067744318
989,0.25,40,118,7824,TRUE,1992-2001,0.0149164926286759,0.35083684462663756
989,0.25,40,118,7824,TRUE,2002-2007,0.1313810618948403,5.4499116242618024e-14
989,0.25,40,118,7824,TRUE,2008-2015,0.05527453027019668,8.186458663631737e-4
990,0.25,40,118,7935,TRUE,1985-1991,-0.03604620332678231,0.041952093136501827
990,0.25,40,118,7935,TRUE,1992-2001,-0.0020674548077380256,0.8977892929701807
990,0.25,40,118,7935,TRUE,2002-2007,0.1275563143055879,4.846456220391985e-13
990,0.25,40,118,7935,TRUE,2008-2015,0.05399384914649681,0.0012377366575451155
991,0.25,40,118,7725,TRUE,1985-1991,-0.015942896207584416,0.3745604207940867
991,0.25,40,118,7725,TRUE,1992-2001,0.025027110469513367,0.13074823077605352
991,0.25,40,118,7725,TRUE,2002-2007,0.11844984213926159,6.993289172365429e-11
991,0.25,40,118,7725,TRUE,2008-2015,0.04835409247484233,0.004560008953332402
992,0.25,40,118,7815,TRUE,1985-1991,-0.042851183125600344,0.01508760754943919
992,0.25,40,118,7815,TRUE,1992-2001,0.011067113209397385,0.484170789248148
992,0.25,40,118,7815,TRUE,2002-2007,0.13389487435692476,1.4610619444367625e-14
992,0.25,40,118,7815,TRUE,2008-2015,0.05703225395863456,5.528864855091141e-4
993,0.25,40,118,7884,TRUE,1985-1991,-0.04084929931884616,0.03092930823058193
993,0.25,40,118,7884,TRUE,1992-2001,0.026788826650536335,0.11690814810735911
993,0.25,40,118,7884,TRUE,2002-2007,0.14115307465120303,4.512806284009442e-14
993,0.25,40,118,7884,TRUE,2008-2015,0.06756299065685398,1.5889926984035812e-4
994,0.25,40,118,7855,TRUE,1985-1991,-0.022494618187572722,0.19865382520345398
994,0.25,40,118,7855,TRUE,1992-2001,0.016290725606440848,0.3087713841024913
994,0.25,40,118,7855,TRUE,2002-2007,0.12268209846031347,3.3856788430756225e-12
994,0.25,40,118,7855,TRUE,2008-2015,0.054020004024720146,0.0011264643285176135
995,0.25,40,118,7888,TRUE,1985-1991,-0.025989173470906523,0.14549249214441484
995,0.25,40,118,7888,TRUE,1992-2001,0.022799903563579863,0.16586979790613304
995,0.25,40,118,7888,TRUE,2002-2007,0.12864964817935423,8.835705167751284e-13
995,0.25,40,118,7888,TRUE,2008-2015,0.05080760993407395,0.0026056197116605343
996,0.25,40,118,7814,TRUE,1985-1991,-0.019046722019151096,0.2926726297502264
996,0.25,40,118,7814,TRUE,1992-2001,0.010130759406541456,0.5372866874053919
996,0.25,40,118,7814,TRUE,2002-2007,0.10747562493795206,2.7047623639844685e-9
996,0.25,40,118,7814,TRUE,2008-2015,0.03846514347477735,0.02396400110482863
997,0.25,40,118,7831,TRUE,1985-1991,-0.025448836693312438,0.16450173692063105
997,0.25,40,118,7831,TRUE,1992-2001,0.014076764534934491,0.402554935698254
997,0.25,40,118,7831,TRUE,2002-2007,0.13127970074720946,1.150687286239182e-12
997,0.25,40,118,7831,TRUE,2008-2015,0.05496407700901834,0.001483657267124837
998,0.25,40,118,7861,TRUE,1985-1991,-0.0365148026128469,0.02713271102931154
998,0.25,40,118,7861,TRUE,1992-2001,0.016782201952495836,0.26159416108588274
998,0.25,40,118,7861,TRUE,2002-2007,0.1317750393138915,1.3226536261506253e-15
998,0.25,40,118,7861,TRUE,2008-2015,0.05694571069341453,2.3791184883322373e-4
999,0.25,40,118,7719,TRUE,1985-1991,-0.019081512592599777,0.2551168534266286
999,0.25,40,118,7719,TRUE,1992-2001,0.027521646745216927,0.06989881560477945
999,0.25,40,118,7719,TRUE,2002-2007,0.1371071706895942,2.1128159156446408e-16
999,0.25,40,118,7719,TRUE,2008-2015,0.0621004440609108,7.139021964723129e-5
1000,0.25,40,118,7834,TRUE,1985-1991,-0.03651263726002558,0.03915676995753075
1000,0.25,40,118,7834,TRUE,1992-2001,0.00578100972950632,0.7209763084843663
1000,0.25,40,118,7834,TRUE,2002-2007,0.10625277390188567,1.7174921627038825e-9
1000,0.25,40,118,7834,TRUE,2008-2015,0.0438314881067829,0.008538742595202228
1001,0.25,40,118,7851,TRUE,1985-1991,-0.018898483449570347,0.2941897768762524
1001,0.25,40,118,7851,TRUE,1992-2001,0.00571059993507551,0.7241462449732821
1001,0.25,40,118,7851,TRUE,2002-2007,0.1091202369935998,7.642577221901216e-10
1001,0.25,40,118,7851,TRUE,2008-2015,0.04023336069969388,0.01577540965304738
1002,0.25,40,118,7732,TRUE,1985-1991,-0.03455725131941593,0.058535815347670814
1002,0.25,40,118,7732,TRUE,1992-2001,0.006518920424728306,0.6986277905580414
1002,0.25,40,118,7732,TRUE,2002-2007,0.12476166725227231,7.1698692359949e-12
1002,0.25,40,118,7732,TRUE,2008-2015,0.05276035995581926,0.002326668760007567
1003,0.25,40,118,7738,TRUE,1985-1991,-0.014680746401536207,0.4137166193287413
1003,0.25,40,118,7738,TRUE,1992-2001,0.008215886523741724,0.6160420285344965
1003,0.25,40,118,7738,TRUE,2002-2007,0.10798835644881113,1.4756737178709704e-9
1003,0.25,40,118,7738,TRUE,2008-2015,0.04066338625436046,0.016185955933560023
1004,0.25,40,118,7935,TRUE,1985-1991,-0.038491332244853786,0.03690371182540149
1004,0.25,40,118,7935,TRUE,1992-2001,0.006080179397499656,0.7223020609118587
1004,0.25,40,118,7935,TRUE,2002-2007,0.12263038047461955,4.2784235135880056e-11
1004,0.25,40,118,7935,TRUE,2008-2015,0.052435204349070265,0.0029506224446014307
1005,0.25,40,118,7789,TRUE,1985-1991,-0.0299631046188978,0.09150644035262041
1005,0.25,40,118,7789,TRUE,1992-2001,0.01277683466992243,0.4298920374563515
1005,0.25,40,118,7789,TRUE,2002-2007,0.11541516011492746,9.525387527866792e-11
1005,0.25,40,118,7789,TRUE,2008-2015,0.04245315558035913,0.01096421165279583
1006,0.25,40,118,7785,TRUE,1985-1991,-0.001112334323401343,0.9525132316758643
1006,0.25,40,118,7785,TRUE,1992-2001,0.025983338491878907,0.12632958599444805
1006,0.25,40,118,7785,TRUE,2002-2007,0.13511880241390903,3.6123738889368876e-13
1006,0.25,40,118,7785,TRUE,2008-2015,0.07003370660531284,6.91950524948009e-5
1007,0.25,40,118,7716,TRUE,1985-1991,-0.03606627951009257,0.0513787204525763
1007,0.25,40,118,7716,TRUE,1992-2001,0.011046333863615074,0.5146666450876309
1007,0.25,40,118,7716,TRUE,2002-2007,0.11678193109488573,2.7298428106638647e-10
1007,0.25,40,118,7716,TRUE,2008-2015,0.055649399015899534,0.0013923132264223458
1008,0.25,40,118,7904,TRUE,1985-1991,-0.044422532177346645,0.01780551156002384
1008,0.25,40,118,7904,TRUE,1992-2001,-0.00986802824282565,0.5685717970767014
1008,0.25,40,118,7904,TRUE,2002-2007,0.1075718778303987,8.770713335098194e-9
1008,0.25,40,118,7904,TRUE,2008-2015,0.028203467787787172,0.11218216463640657
1009,0.25,40,118,7830,TRUE,1985-1991,-0.032073169383580305,0.09224217817546743
1009,0.25,40,118,7830,TRUE,1992-2001,0.007668772687640213,0.6583371260818958
1009,0.25,40,118,7830,TRUE,2002-2007,0.11085184022854276,6.214386825602706e-9
1009,0.25,40,118,7830,TRUE,2008-2015,0.05173142630783838,0.003597292670920973
1010,0.25,40,118,7825,TRUE,1985-1991,-0.021980857106940546,0.21660473245760417
1010,0.25,40,118,7825,TRUE,1992-2001,0.008712378609387863,0.5910814355375904
1010,0.25,40,118,7825,TRUE,2002-2007,0.11265859897890719,2.775726822752397e-10
1010,0.25,40,118,7825,TRUE,2008-2015,0.053015115790761555,0.0014521749069181225
1011,0.25,40,118,7893,TRUE,1985-1991,-0.004612825740705881,0.7965521463497891
1011,0.25,40,118,7893,TRUE,1992-2001,0.029152257471082278,0.07276363332420382
1011,0.25,40,118,7893,TRUE,2002-2007,0.1294296515739522,3.598109468815053e-13
1011,0.25,40,118,7893,TRUE,2008-2015,0.06629500364677712,8.452817228931082e-5
1012,0.25,40,118,7770,TRUE,1985-1991,-0.0042819515075111295,0.8113984228588204
1012,0.25,40,118,7770,TRUE,1992-2001,0.01983083537396671,0.2208618118502008
1012,0.25,40,118,7770,TRUE,2002-2007,0.12014846074826172,1.333365076000858e-11
1012,0.25,40,118,7770,TRUE,2008-2015,0.05157126001999439,0.0022250641162898017
1013,0.25,40,118,7857,TRUE,1985-1991,-0.010555933983855894,0.5677905866465347
1013,0.25,40,118,7857,TRUE,1992-2001,0.019829541970887272,0.24525524866323556
1013,0.25,40,118,7857,TRUE,2002-2007,0.11146416134715607,1.8579169865520274e-9
1013,0.25,40,118,7857,TRUE,2008-2015,0.04899593055547632,0.005615356986301835
1014,0.25,40,118,7884,TRUE,1985-1991,-0.03501476451066649,0.048814138096467105
1014,0.25,40,118,7884,TRUE,1992-2001,0.011459019595302454,0.4786611907701736
1014,0.25,40,118,7884,TRUE,2002-2007,0.12489974454308508,1.750907223974934e-12
1014,0.25,40,118,7884,TRUE,2008-2015,0.0446887418338499,0.007405337443369869
1015,0.25,40,118,7898,TRUE,1985-1991,-0.022509084928620873,0.21148450488439074
1015,0.25,40,118,7898,TRUE,1992-2001,0.01812801893220415,0.2683345463338733
1015,0.25,40,118,7898,TRUE,2002-2007,0.12025638992457323,4.1630873837759706e-11
1015,0.25,40,118,7898,TRUE,2008-2015,0.058064656752323904,5.780336550715596e-4
1016,0.25,40,118,7845,TRUE,1985-1991,-0.029240106506532842,0.11173692141248284
1016,0.25,40,118,7845,TRUE,1992-2001,0.008679531928071037,0.6037751363242536
1016,0.25,40,118,7845,TRUE,2002-2007,0.11731231365347221,1.1666063194831395e-10
1016,0.25,40,118,7845,TRUE,2008-2015,0.04811351247106195,0.005709985583378593
1017,0.25,40,118,7856,TRUE,1985-1991,-0.016418240528148623,0.3400998896627749
1017,0.25,40,118,7856,TRUE,1992-2001,0.024623147575113406,0.11460725679982482
1017,0.25,40,118,7856,TRUE,2002-2007,0.13291358468017178,8.827391167832136e-15
1017,0.25,40,118,7856,TRUE,2008-2015,0.05696264936481213,3.96476300017037e-4
1018,0.25,40,118,7982,TRUE,1985-1991,-0.02805450297761868,0.11989962450438783
1018,0.25,40,118,7982,TRUE,1992-2001,0.015152518343657283,0.36397366341397563
1018,0.25,40,118,7982,TRUE,2002-2007,0.11608123219110776,1.6607679638334879e-10
1018,0.25,40,118,7982,TRUE,2008-2015,0.04434812519112283,0.009716107381119502
1019,0.25,40,118,7907,TRUE,1985-1991,-0.018222575048440274,0.2746700333759464
1019,0.25,40,118,7907,TRUE,1992-2001,0.02882540989759259,0.056521203024670494
1019,0.25,40,118,7907,TRUE,2002-2007,0.13818916445666443,1.7693533766849376e-16
1019,0.25,40,118,7907,TRUE,2008-2015,0.06177475507972052,1.1118586176224904e-4
1020,0.25,40,118,7808,TRUE,1985-1991,-0.02408079909214656,0.18549366540812584
1020,0.25,40,118,7808,TRUE,1992-2001,-0.0022786937156997443,0.8901242996968155
1020,0.25,40,118,7808,TRUE,2002-2007,0.10687669524029378,2.624939618280962e-9
1020,0.25,40,118,7808,TRUE,2008-2015,0.036046317896432166,0.03356080382202068
1021,0.25,40,118,7884,TRUE,1985-1991,-0.03785982732746017,0.03949060262152928
1021,0.25,40,118,7884,TRUE,1992-2001,0.006918258674855994,0.6789330315801003
1021,0.25,40,118,7884,TRUE,2002-2007,0.11067324030388924,1.1668700291915764e-9
1021,0.25,40,118,7884,TRUE,2008-2015,0.04526369129076342,0.0086328125299633
1022,0.25,40,118,7815,TRUE,1985-1991,-0.026276573134964225,0.11788412198464705
1022,0.25,40,118,7815,TRUE,1992-2001,0.00892636800140028,0.5597619148778783
1022,0.25,40,118,7815,TRUE,2002-2007,0.11376564403892642,1.4546383725327783e-11
1022,0.25,40,118,7815,TRUE,2008-2015,0.05113413580529822,0.0011952356092835288
1023,0.25,40,118,7929,TRUE,1985-1991,-0.03595938548997458,0.03525361315958459
1023,0.25,40,118,7929,TRUE,1992-2001,0.009110400368590739,0.5621572956973637
1023,0.25,40,118,7929,TRUE,2002-2007,0.11523253359231175,2.147003255021192e-11
1023,0.25,40,118,7929,TRUE,2008-2015,0.040050285802937784,0.013074704927587699
1024,0.25,40,118,7794,TRUE,1985-1991,-0.017174320760408757,0.35223893153654956
1024,0.25,40,118,7794,TRUE,1992-2001,0.009528584365399106,0.5656541999514136
1024,0.25,40,118,7794,TRUE,2002-2007,0.12355644365891172,2.0918594325933547e-11
1024,0.25,40,118,7794,TRUE,2008-2015,0.05823792180732888,8.156580083634929e-4
1025,0.25,40,118,7864,TRUE,1985-1991,-0.01351887659032423,0.48716811292577467
1025,0.25,40,118,7864,TRUE,1992-2001,0.013126332417449548,0.45814920107773716
1025,0.25,40,118,7864,TRUE,2002-2007,0.1352587274362061,2.0636465449241443e-12
1025,0.25,40,118,7864,TRUE,2008-2015,0.0653511694967321,4.2004398702387446e-4
1026,0.25,40,118,7914,TRUE,1985-1991,-0.0349593170259405,0.04568468392088853
1026,0.25,40,118,7914,TRUE,1992-2001,0.005047559469237482,0.7530180386214698
1026,0.25,40,118,7914,TRUE,2002-2007,0.11014881308095574,3.626189448614054e-10
1026,0.25,40,118,7914,TRUE,2008-2015,0.050895421658978104,0.00215077469100407
1027,0.25,40,118,7805,TRUE,1985-1991,-0.02569917409385938,0.14018954920446486
1027,0.25,40,118,7805,TRUE,1992-2001,0.005166423658248296,0.7432317932490902
1027,0.25,40,118,7805,TRUE,2002-2007,0.11584842030934006,1.5002817954934995e-11
1027,0.25,40,118,7805,TRUE,2008-2015,0.04709067689537881,0.003714355535090564
1028,0.25,40,118,7857,TRUE,1985-1991,-0.025924296420136415,0.14193816022068007
1028,0.25,40,118,7857,TRUE,1992-2001,0.025860501996733735,0.10951584713814323
1028,0.25,40,118,7857,TRUE,2002-2007,0.13721021634947503,1.0662149487261427e-14
1028,0.25,40,118,7857,TRUE,2008-2015,0.060938061025734055,2.84255838001738e-4
1029,0.25,40,118,7764,TRUE,1985-1991,-0.02460981662628744,0.16972571124694613
1029,0.25,40,118,7764,TRUE,1992-2001,0.0013362206079223851,0.9353901632869281
1029,0.25,40,118,7764,TRUE,2002-2007,0.10212132567977669,1.1235214939833584e-8
1029,0.25,40,118,7764,TRUE,2008-2015,0.039069187228461894,0.021854277247857178
1030,0.25,40,118,7741,TRUE,1985-1991,-0.051391268127480176,0.004772547043335482
1030,0.25,40,118,7741,TRUE,1992-2001,0.00776862784053553,0.6411757359951871
1030,0.25,40,118,7741,TRUE,2002-2007,0.13058003416114103,5.66002701350214e-13
1030,0.25,40,118,7741,TRUE,2008-2015,0.050133492216804805,0.003392003155582417
1031,0.25,40,118,7765,TRUE,1985-1991,-0.029682737452017206,0.10165497481548358
1031,0.25,40,118,7765,TRUE,1992-2001,0.014742944706950378,0.37304542207795377
1031,0.25,40,118,7765,TRUE,2002-2007,0.11439627835924522,2.7670904589090186e-10
1031,0.25,40,118,7765,TRUE,2008-2015,0.04193802074633157,0.01598614000525863
1032,0.25,40,118,7762,TRUE,1985-1991,-0.025826684572845295,0.12889104776990332
1032,0.25,40,118,7762,TRUE,1992-2001,0.013144094816742113,0.3986345279127408
1032,0.25,40,118,7762,TRUE,2002-2007,0.12384478230429419,3.1952838867424456e-13
1032,0.25,40,118,7762,TRUE,2008-2015,0.04683634508543993,0.0035453214033061564
1033,0.25,40,118,7634,TRUE,1985-1991,-0.019562314837895778,0.26938031282575603
1033,0.25,40,118,7634,TRUE,1992-2001,0.019475549776547897,0.2234143276896778
1033,0.25,40,118,7634,TRUE,2002-2007,0.12008491862334805,7.527400822624698e-12
1033,0.25,40,118,7634,TRUE,2008-2015,0.06068024244578127,2.796218922159288e-4
1034,0.25,40,118,7661,TRUE,1985-1991,-0.021992354177251375,0.24680551811337337
1034,0.25,40,118,7661,TRUE,1992-2001,0.021409689225239354,0.215891754357879
1034,0.25,40,118,7661,TRUE,2002-2007,0.13314044548723786,1.1090395358345375e-12
1034,0.25,40,118,7661,TRUE,2008-2015,0.06160732629258982,5.634301886586473e-4
1035,0.25,40,118,7865,TRUE,1985-1991,-0.01974696998597902,0.29224379898504543
1035,0.25,40,118,7865,TRUE,1992-2001,0.031296384008018416,0.0676432514018147
1035,0.25,40,118,7865,TRUE,2002-2007,0.14092534025521872,5.580944337250548e-14
1035,0.25,40,118,7865,TRUE,2008-2015,0.06347966073749328,3.885040630871931e-4
1036,0.25,40,118,7894,TRUE,1985-1991,-0.01784216387728899,0.30218203888998924
1036,0.25,40,118,7894,TRUE,1992-2001,0.021834465156164228,0.16280718073665154
1036,0.25,40,118,7894,TRUE,2002-2007,0.1256379778564897,2.370315656997649e-13
1036,0.25,40,118,7894,TRUE,2008-2015,0.06023401136744384,2.1846225275621523e-4
1037,0.25,40,118,7768,TRUE,1985-1991,-0.022837261929836393,0.18723367857616025
1037,0.25,40,118,7768,TRUE,1992-2001,0.012120960260053722,0.44691788461505333
1037,0.25,40,118,7768,TRUE,2002-2007,0.10432579247616444,1.840445608716873e-9
1037,0.25,40,118,7768,TRUE,2008-2015,0.034057338460691165,0.037474093530923035
1038,0.25,40,118,7874,TRUE,1985-1991,-0.03942245704733306,0.023023133934208333
1038,0.25,40,118,7874,TRUE,1992-2001,0.003086432787910577,0.8413402776999357
1038,0.25,40,118,7874,TRUE,2002-2007,0.1435164979912269,4.284175755947651e-17
1038,0.25,40,118,7874,TRUE,2008-2015,0.06544467649709658,4.629669452149434e-5
1039,0.25,40,118,7706,TRUE,1985-1991,-0.026073768082567304,0.14017414912736728
1039,0.25,40,118,7706,TRUE,1992-2001,0.016772331494878084,0.3037575261637117
1039,0.25,40,118,7706,TRUE,2002-2007,0.11426556260277457,8.74203069601505e-11
1039,0.25,40,118,7706,TRUE,2008-2015,0.04965724786344582,0.0030226843046187424
1040,0.25,40,118,7835,TRUE,1985-1991,-0.03233784725972494,0.08452283601455327
1040,0.25,40,118,7835,TRUE,1992-2001,0.008743350661535823,0.6089464042946282
1040,0.25,40,118,7835,TRUE,2002-2007,0.11350596926000767,1.2331931056829954e-9
1040,0.25,40,118,7835,TRUE,2008-2015,0.04577857528788354,0.009463857734782356
1041,0.25,40,118,7816,TRUE,1985-1991,-0.016094774425673964,0.36468424368666874
1041,0.25,40,118,7816,TRUE,1992-2001,0.018130654452148096,0.265918594809997
1041,0.25,40,118,7816,TRUE,2002-2007,0.12195366762246017,6.7595490111989e-12
1041,0.25,40,118,7816,TRUE,2008-2015,0.049705485961321655,0.003131298773470383
1042,0.25,40,118,7719,TRUE,1985-1991,-0.01285187209166117,0.49505533593626394
1042,0.25,40,118,7719,TRUE,1992-2001,0.023839203350319055,0.1651661622443348
1042,0.25,40,118,7719,TRUE,2002-2007,0.11586026886376055,7.271586715435524e-10
1042,0.25,40,118,7719,TRUE,2008-2015,0.05086650550963682,0.0039499877780011195
