record_type,perm_id,converged,phase_scheme,phase_col,phases,n_boot,n_failed,n_ok,seed,runtime_sec,n_cores,FP_between,slope_1985_1991,slope_1992_2001,slope_2002_2007,slope_2008_2015
metadata,NA,NA,phase_v2,phase_v2,1985-1991|1992-2001|2002-2007|2008-2015,1000,0,1000,42,335.308,1,NA,NA,NA,NA,NA
permutation,1,TRUE,NA,NA,NA,NA,NA,NA,NA,NA,NA,0.0020115472911685505,0.0020115472911685505,-0.012504173709142967,-0.01590469194746794,-0.01542882267496461
permutation,2,TRUE,NA,NA,NA,NA,NA,NA,NA,NA,NA,0.004892899904983876,0.004892899904983876,0.007505854796846397,-0.011025098632585963,0.009489534314147789
permutation,3,TRUE,NA,NA,NA,NA,NA,NA,NA,NA,NA,-0.002309495525558457,-0.002309495525558457,-0.014811965112954576,-0.03441752286362643,-0.029144288679946517
permutation,4,TRUE,NA,NA,NA,NA,NA,NA,NA,NA,NA,0.016780992880542696,0.016780992880542696,0.00612528929256567,-0.00919755475959027,0.005201219164424065
permutation,5,TRUE,NA,NA,NA,NA,NA,NA,NA,NA,NA,0.011528389242133959,0.011528389242133959,0.023422089213349664,0.01918650155208272,0.030235874832611
permutation,6,TRUE,NA,NA,NA,NA,NA,NA,NA,NA,NA,-0.008088255429232185,-0.008088255429232185,-0.016963879078336068,-0.0011004909154662054,-0.007635596119324127
permutation,7,TRUE,NA,NA,NA,NA,NA,NA,NA,NA,NA,-0.003413493139382152,-0.003413493139382152,0.00813486862605445,-0.014592956881676267,-0.0012368620951045536
permutation,8,TRUE,NA,NA,NA,NA,NA,NA,NA,NA,NA,-0.007000595666973676,-0.007000595666973676,0.0032531865907173916,-0.0016979964299535383,-0.002897610830976345
permutation,9,TRUE,NA,NA,NA,NA,NA,NA,NA,NA,NA,0.031618297857845916,0.031618297857845916,0.005827645970660322,-0.002169757266495591,0.0030799312867001195
permutation,10,TRUE,NA,NA,NA,NA,NA,NA,NA,NA,NA,-0.008418427717878672,-0.008418427717878672,-0.0054047240031294555,0.0180631400778607,0.006976496992411235
permutation,11,TRUE,NA,NA,NA,NA,NA,NA,NA,NA,NA,0.008774359713512939,0.008774359713512939,-0.003110452036842154,-0.010655716146485965,-0.013728332284105364
permutation,12,TRUE,NA,NA,NA,NA,NA,NA,NA,NA,NA,0.012805515546921598,0.012805515546921598,9.177048896259511e-4,-0.002555007588882441,0.017783828836792914
permutation,13,TRUE,NA,NA,NA,NA,NA,NA,NA,NA,NA,0.017276874991535584,0.017276874991535584,-0.009607734845395639,0.0019399491139100895,-0.0023151119257424566
permutation,14,TRUE,NA,NA,NA,NA,NA,NA,NA,NA,NA,-0.022607691721916,-0.022607691721916,-0.017070347430225744,0.013013798679112787,-0.008026464419974207
permutation,15,TRUE,NA,NA,NA,NA,NA,NA,NA,NA,NA,0.010947152323713532,0.010947152323713532,0.004054406023791259,0.015176726754743639,0.005881112497751425
permutation,16,TRUE,NA,NA,NA,NA,NA,NA,NA,NA,NA,-0.02092986278853762,-0.02092986278853762,-0.022378602470419947,0.01271044784153937,0.0107001837364047
permutation,17,TRUE,NA,NA,NA,NA,NA,NA,NA,NA,NA,0.022205786477129997,0.022205786477129997,0.01928433856022551,0.015814433363046842,0.01760050500486406
permutation,18,TRUE,NA,NA,NA,NA,NA,NA,NA,NA,NA,-0.0162013899035642,-0.0162013899035642,-3.104531999439733e-4,-0.01438820139667661,-0.022780127599751454
permutation,19,TRUE,NA,NA,NA,NA,NA,NA,NA,NA,NA,0.005440269148271918,0.005440269148271918,0.0027196739463174234,-0.015217653882642903,0.003679458447350528
permutation,20,TRUE,NA,NA,NA,NA,NA,NA,NA,NA,NA,-0.001022457925659999,-0.001022457925659999,0.019813089144445746,0.011934308094809032,0.03421415247374578
permutation,21,TRUE,NA,NA,NA,NA,NA,NA,NA,NA,NA,-0.004045756588558289,-0.004045756588558289,6.344522067414588e-4,0.0050449376648060975,-0.004098956213563791
permutation,22,TRUE,NA,NA,NA,NA,NA,NA,NA,NA,NA,0.0021605474723694665,0.0021605474723694665,-0.0030461628411045404,-0.007926020119703997,0.01485446872263929
permutation,23,TRUE,NA,NA,NA,NA,NA,NA,NA,NA,NA,0.03420799976790786,0.03420799976790786,0.03323541488603564,0.0034630789193722256,0.01630834553955746
permutation,24,TRUE,NA,NA,NA,NA,NA,NA,NA,NA,NA,0.0029121775444675016,0.0029121775444675016,0.01762291176495948,0.003510116439655807,0.01742618182744815
permutation,25,TRUE,NA,NA,NA,NA,NA,NA,NA,NA,NA,-0.01676861367226224,-0.01676861367226224,-0.029742998761290045,-0.028045764514005585,-0.02988878436366436
permutation,26,TRUE,NA,NA,NA,NA,NA,NA,NA,NA,NA,-0.007066005175580515,-0.007066005175580515,-0.004206148687346469,-0.008914293365207306,-0.008492747747512835
permutation,27,TRUE,NA,NA,NA,NA,NA,NA,NA,NA,NA,0.014150233084543384,0.014150233084543384,0.009818567027271982,0.023837284236231597,-0.0012069805631145236
permutation,28,TRUE,NA,NA,NA,NA,NA,NA,NA,NA,NA,0.031875126646890746,0.031875126646890746,0.035927280695288166,0.032396212472034086,0.021428311971175354
permutation,29,TRUE,NA,NA,NA,NA,NA,NA,NA,NA,NA,0.001012639843868617,0.001012639843868617,0.008280629142539058,0.008988914341852875,0.017455730410363978
permutation,30,TRUE,NA,NA,NA,NA,NA,NA,NA,NA,NA,0.0021654107402837375,0.0021654107402837375,0.011239059624398431,-0.0019495193907099447,-0.0023045271365116247
permutation,31,TRUE,NA,NA,NA,NA,NA,NA,NA,NA,NA,0.0066721110969806775,0.0066721110969806775,-0.006304623117769516,-0.006033916891014194,-0.020282193248904193
permutation,32,TRUE,NA,NA,NA,NA,NA,NA,NA,NA,NA,0.023241634642291394,0.023241634642291394,0.004911701518085038,0.021251883723714934,-0.0012300253842058503
permutation,33,TRUE,NA,NA,NA,NA,NA,NA,NA,NA,NA,-0.01142095473422722,-0.01142095473422722,0.008876802745687818,0.009687203158050826,0.0042754751092134325
permutation,34,TRUE,NA,NA,NA,NA,NA,NA,NA,NA,NA,-0.029056358117342196,-0.029056358117342196,-0.0162325514041652,0.012716754319496329,0.009411475632252232
permutation,35,TRUE,NA,NA,NA,NA,NA,NA,NA,NA,NA,-0.008437287312530026,-0.008437287312530026,0.004034690520419002,0.01619837466772356,0.019042434610407805
permutation,36,TRUE,NA,NA,NA,NA,NA,NA,NA,NA,NA,-0.03197782407078265,-0.03197782407078265,-0.016841575936554828,0.020138872103496894,7.19734763586867e-4
permutation,37,TRUE,NA,NA,NA,NA,NA,NA,NA,NA,NA,-0.010529392103451628,-0.010529392103451628,-0.0036809318524873968,0.001258260085880862,0.001659439674901857
permutation,38,TRUE,NA,NA,NA,NA,NA,NA,NA,NA,NA,-0.024553347847621598,-0.024553347847621598,-0.002281596010626819,-0.01680473259158627,-0.0028721829145489375
permutation,39,TRUE,NA,NA,NA,NA,NA,NA,NA,NA,NA,-3.4382072505418455e-4,-3.4382072505418455e-4,-0.005796506359794621,0.007224623086104828,0.004693313397747707
permutation,40,TRUE,NA,NA,NA,NA,NA,NA,NA,NA,NA,-0.007760685203514862,-0.007760685203514862,-0.02901749003916388,-0.0012966145155693751,-0.004274679696073777
permutation,41,TRUE,NA,NA,NA,NA,NA,NA,NA,NA,NA,0.010980367237894997,0.010980367237894997,0.013664920357657732,-0.0052860898581964695,-0.002717444762453485
permutation,42,TRUE,NA,NA,NA,NA,NA,NA,NA,NA,NA,0.009554755856853513,0.009554755856853513,0.03139185451130032,0.030608726144837523,0.03698596377236685
permutation,43,TRUE,NA,NA,NA,NA,NA,NA,NA,NA,NA,-0.00891511914711867,-0.00891511914711867,-0.006139828426672329,-0.015352939689490972,0.002540938356467619
permutation,44,TRUE,NA,NA,NA,NA,NA,NA,NA,NA,NA,-0.00954179565588051,-0.00954179565588051,-0.028125893770096423,-0.01986228789680199,-0.023007892558232802
permutation,45,TRUE,NA,NA,NA,NA,NA,NA,NA,NA,NA,-0.011784533780737077,-0.011784533780737077,-0.006053173489321817,0.011647503627952015,0.0057988674191291455
permutation,46,TRUE,NA,NA,NA,NA,NA,NA,NA,NA,NA,-0.0019047628566302179,-0.0019047628566302179,-0.01491153106820238,-0.006626310408307794,0.010532119241973852
permutation,47,TRUE,NA,NA,NA,NA,NA,NA,NA,NA,NA,-0.018391804790865895,-0.018391804790865895,-0.008838600299763298,0.009407382364807319,-0.009914938865724985
permutation,48,TRUE,NA,NA,NA,NA,NA,NA,NA,NA,NA,0.01759256617800914,0.01759256617800914,0.0024170451476103125,0.016824640374473454,0.028519653748398505
permutation,49,TRUE,NA,NA,NA,NA,NA,NA,NA,NA,NA,0.01206808111173044,0.01206808111173044,7.777970055608888e-4,-0.00989642798744725,-0.0144938610225909
permutation,50,TRUE,NA,NA,NA,NA,NA,NA,NA,NA,NA,0.01853796545684746,0.01853796545684746,-0.010826937459291197,0.006039883730097697,4.5340673707003343e-4
permutation,51,TRUE,NA,NA,NA,NA,NA,NA,NA,NA,NA,-0.008279815628799635,-0.008279815628799635,-0.003467748906203442,0.0025058483198883014,0.00452253576054339
permutation,52,TRUE,NA,NA,NA,NA,NA,NA,NA,NA,NA,0.011498889137959312,0.011498889137959312,0.011813730498620851,0.05393008051845956,0.028608747043239787
permutation,53,TRUE,NA,NA,NA,NA,NA,NA,NA,NA,NA,-0.02133081550434112,-0.02133081550434112,-0.010383182332916371,-0.039665798393216024,-0.026913592223719036
permutation,54,TRUE,NA,NA,NA,NA,NA,NA,NA,NA,NA,0.0037634245543100068,0.0037634245543100068,0.005125378670520315,0.023799917966618758,0.030477605288639163
permutation,55,TRUE,NA,NA,NA,NA,NA,NA,NA,NA,NA,0.012359660026768162,0.012359660026768162,0.018804540995575846,-0.013213397834945056,-0.005170792411714621
permutation,56,TRUE,NA,NA,NA,NA,NA,NA,NA,NA,NA,0.013990115775311267,0.013990115775311267,0.015843830645519356,-0.009262714933646221,-0.011330032953317228
permutation,57,TRUE,NA,NA,NA,NA,NA,NA,NA,NA,NA,-0.007863664912101914,-0.007863664912101914,0.0075581687082657105,0.02937684838777025,0.0391270145866151
permutation,58,TRUE,NA,NA,NA,NA,NA,NA,NA,NA,NA,-0.011181266161715279,-0.011181266161715279,0.005122965173339995,0.018285767349535617,0.004881003677756783
permutation,59,TRUE,NA,NA,NA,NA,NA,NA,NA,NA,NA,0.012533512520927163,0.012533512520927163,0.0025401247089277823,0.04456248790045318,0.02978909283843899
permutation,60,TRUE,NA,NA,NA,NA,NA,NA,NA,NA,NA,9.06500733997483e-5,9.06500733997483e-5,-0.012171533837386244,0.03365217556643393,0.021362240953811073
permutation,61,TRUE,NA,NA,NA,NA,NA,NA,NA,NA,NA,2.6746118752890075e-4,2.6746118752890075e-4,0.0017767971995789951,-0.03204192002882757,-0.012516555770759896
permutation,62,TRUE,NA,NA,NA,NA,NA,NA,NA,NA,NA,0.0064217987060637485,0.0064217987060637485,-0.0029571690208789556,0.021237530318058875,3.0599120859396874e-4
permutation,63,TRUE,NA,NA,NA,NA,NA,NA,NA,NA,NA,-0.013607724388574523,-0.013607724388574523,-0.012185822055289263,-0.029255144284211727,-0.03129907472408824
permutation,64,TRUE,NA,NA,NA,NA,NA,NA,NA,NA,NA,-0.010783188591460333,-0.010783188591460333,0.005312704038849944,0.02005530561998698,0.014078070780137527
permutation,65,TRUE,NA,NA,NA,NA,NA,NA,NA,NA,NA,0.004172753512275271,0.004172753512275271,0.021056010380162637,0.026761959754060025,0.019104813330987704
permutation,66,TRUE,NA,NA,NA,NA,NA,NA,NA,NA,NA,0.010870539813901875,0.010870539813901875,0.027763808899159297,0.04455852233560716,0.05854950226570091
permutation,67,TRUE,NA,NA,NA,NA,NA,NA,NA,NA,NA,-0.02408458078216108,-0.02408458078216108,-0.007129213433386503,-0.020635046250451133,-0.029173844881397567
permutation,68,TRUE,NA,NA,NA,NA,NA,NA,NA,NA,NA,-0.0032978918729194887,-0.0032978918729194887,-3.1661454548591317e-4,-0.020541160240158653,-0.013342834346849963
permutation,69,TRUE,NA,NA,NA,NA,NA,NA,NA,NA,NA,0.006802026061409153,0.006802026061409153,0.005721438632485216,-0.027208801587207447,-0.025343182138169912
permutation,70,TRUE,NA,NA,NA,NA,NA,NA,NA,NA,NA,-0.020893748171223296,-0.020893748171223296,-0.03088923823980291,-0.036589532758140794,-0.018764006556977478
permutation,71,TRUE,NA,NA,NA,NA,NA,NA,NA,NA,NA,-0.015513544888203753,-0.015513544888203753,-0.03314674975657788,-0.022786493242333075,-0.020385742074937378
permutation,72,TRUE,NA,NA,NA,NA,NA,NA,NA,NA,NA,0.014766446808623296,0.014766446808623296,0.026422161282721755,0.02473888389139767,0.027079531162962814
permutation,73,TRUE,NA,NA,NA,NA,NA,NA,NA,NA,NA,-0.0039946223635861115,-0.0039946223635861115,-0.007012406051915233,-0.005748988551471323,-0.00683348585711646
permutation,74,TRUE,NA,NA,NA,NA,NA,NA,NA,NA,NA,-0.011046260386000586,-0.011046260386000586,-0.008722762045761804,-0.009087284090788015,-0.00465807715183344
permutation,75,TRUE,NA,NA,NA,NA,NA,NA,NA,NA,NA,-0.011255878072967579,-0.011255878072967579,-0.013046594741112557,-0.027711544081425774,-0.03287041957221842
permutation,76,TRUE,NA,NA,NA,NA,NA,NA,NA,NA,NA,-0.0019745629263141144,-0.0019745629263141144,-0.0019264262369457046,0.01073204023755188,-0.00524220028907364
permutation,77,TRUE,NA,NA,NA,NA,NA,NA,NA,NA,NA,0.007262337219577962,0.007262337219577962,0.012083330623892956,0.0031695255915198377,0.017052738563205522
permutation,78,TRUE,NA,NA,NA,NA,NA,NA,NA,NA,NA,0.010378591908735347,0.010378591908735347,0.0037852350112000796,-0.013090517581229102,3.3924768745751364e-4
permutation,79,TRUE,NA,NA,NA,NA,NA,NA,NA,NA,NA,0.013651670516381728,0.013651670516381728,0.029563790790734137,0.027025873519379,0.03023936672748062
permutation,80,TRUE,NA,NA,NA,NA,NA,NA,NA,NA,NA,-0.004586506710550331,-0.004586506710550331,-0.014527405214612004,0.008800920779760841,-0.008494977202752444
permutation,81,TRUE,NA,NA,NA,NA,NA,NA,NA,NA,NA,0.011310085051052474,0.011310085051052474,0.012627673601243183,-0.0027941659313983017,0.008743785881314213
permutation,82,TRUE,NA,NA,NA,NA,NA,NA,NA,NA,NA,0.03152273634684237,0.03152273634684237,0.005969279154770701,-0.014369449564960987,-0.012527246022078026
permutation,83,TRUE,NA,NA,NA,NA,NA,NA,NA,NA,NA,0.008734966661966784,0.008734966661966784,0.02559433204298423,-0.007795192037164583,0.02578306886831411
permutation,84,TRUE,NA,NA,NA,NA,NA,NA,NA,NA,NA,-0.0077101055392434685,-0.0077101055392434685,0.011175941175287422,-0.007103556895112424,0.0036304839166566493
permutation,85,TRUE,NA,NA,NA,NA,NA,NA,NA,NA,NA,0.008738591266558592,0.008738591266558592,-0.0019540235079740457,-0.014235611639895191,-0.010227955682296817
permutation,86,TRUE,NA,NA,NA,NA,NA,NA,NA,NA,NA,-0.0021704249997905305,-0.0021704249997905305,-0.002024230032273291,-0.009774936722180567,-0.008409077978284617
permutation,87,TRUE,NA,NA,NA,NA,NA,NA,NA,NA,NA,-0.013387677255073166,-0.013387677255073166,-0.01847194413163661,-0.01272179625825893,-0.024496036169464067
permutation,88,TRUE,NA,NA,NA,NA,NA,NA,NA,NA,NA,0.02081247408738749,0.02081247408738749,0.012801444346642534,0.0019176842539764885,0.004375228325054197
permutation,89,TRUE,NA,NA,NA,NA,NA,NA,NA,NA,NA,0.02489812480602508,0.02489812480602508,0.023673100378238637,0.015225691531209944,0.025956812813059373
permutation,90,TRUE,NA,NA,NA,NA,NA,NA,NA,NA,NA,0.009058889663678214,0.009058889663678214,0.0012059486709551648,0.0011068846512595869,6.015948758914605e-4
permutation,91,TRUE,NA,NA,NA,NA,NA,NA,NA,NA,NA,0.020014183316095287,0.020014183316095287,0.01097969777402258,0.03662630515111047,0.02807105276236855
permutation,92,TRUE,NA,NA,NA,NA,NA,NA,NA,NA,NA,-0.020301333266537415,-0.020301333266537415,-0.016154596459904413,-0.04157442985920452,-0.0312068627730014
permutation,93,TRUE,NA,NA,NA,NA,NA,NA,NA,NA,NA,-0.012703529776262412,-0.012703529776262412,-0.0073470594089221335,-0.015316525028195156,-0.019143340382530585
permutation,94,TRUE,NA,NA,NA,NA,NA,NA,NA,NA,NA,-0.012770907056128511,-0.012770907056128511,0.0018860863350448585,0.013897509366815568,-0.016164200553049173
permutation,95,TRUE,NA,NA,NA,NA,NA,NA,NA,NA,NA,-0.0011656323179433847,-0.0011656323179433847,-0.001759951631440032,-0.001960087866337945,0.0029538942536509235
permutation,96,TRUE,NA,NA,NA,NA,NA,NA,NA,NA,NA,-0.006127088829303182,-0.006127088829303182,-0.012244045023612576,0.0021604141745933175,0.0012949482981316814
permutation,97,TRUE,NA,NA,NA,NA,NA,NA,NA,NA,NA,0.009400136473801723,0.009400136473801723,0.03178855242732123,0.02088153114019578,0.03447191106146233
permutation,98,TRUE,NA,NA,NA,NA,NA,NA,NA,NA,NA,0.015925712239649243,0.015925712239649243,0.0064599532458197995,-0.01943802010289306,-0.016028654818693793
permutation,99,TRUE,NA,NA,NA,NA,NA,NA,NA,NA,NA,-0.006873904068708905,-0.006873904068708905,0.016466698315798736,0.016259462059640725,0.01372130586671671
permutation,100,TRUE,NA,NA,NA,NA,NA,NA,NA,NA,NA,-0.0074741175191849266,-0.0074741175191849266,0.005577402974784984,0.038001588909455604,0.022568907077294306
permutation,101,TRUE,NA,NA,NA,NA,NA,NA,NA,NA,NA,0.008005567249651855,0.008005567249651855,0.009935544457575806,0.05107320704058289,0.034169618779529044
permutation,102,TRUE,NA,NA,NA,NA,NA,NA,NA,NA,NA,0.016955442022080103,0.016955442022080103,0.023432307530315583,0.015911391888693532,0.017297659625427897
permutation,103,TRUE,NA,NA,NA,NA,NA,NA,NA,NA,NA,0.006482583860737728,0.006482583860737728,0.005624333271150997,0.013324480537275377,0.016641515081976425
permutation,104,TRUE,NA,NA,NA,NA,NA,NA,NA,NA,NA,0.02513744224101723,0.02513744224101723,-2.1801589932364876e-4,-0.01957843182290603,0.001339004980339245
permutation,105,TRUE,NA,NA,NA,NA,NA,NA,NA,NA,NA,0.031688982657311314,0.031688982657311314,0.014391403130702328,-0.008498454103246088,-0.009591723611932994
permutation,106,TRUE,NA,NA,NA,NA,NA,NA,NA,NA,NA,-0.003973680423402799,-0.003973680423402799,0.008435468585829397,0.0013129203246556058,0.021207291154096343
permutation,107,TRUE,NA,NA,NA,NA,NA,NA,NA,NA,NA,-0.009281269606371163,-0.009281269606371163,0.011822926520785718,-0.006421163424035255,-0.001868960387162718
permutation,108,TRUE,NA,NA,NA,NA,NA,NA,NA,NA,NA,0.0031405557117439617,0.0031405557117439617,0.015150436182267399,0.011262393325662404,0.014240408436555963
permutation,109,TRUE,NA,NA,NA,NA,NA,NA,NA,NA,NA,0.011722054712194351,0.011722054712194351,-0.006732923661327248,0.0023432084860783783,0.010759886656733305
permutation,110,TRUE,NA,NA,NA,NA,NA,NA,NA,NA,NA,1.712002831495272e-4,1.712002831495272e-4,-0.005736044342849087,-0.02600605151215515,-0.016272192814985258
permutation,111,TRUE,NA,NA,NA,NA,NA,NA,NA,NA,NA,-0.02118834688487775,-0.02118834688487775,-0.014044570184222695,-0.018876322236362438,-0.013173534242692044
permutation,112,TRUE,NA,NA,NA,NA,NA,NA,NA,NA,NA,-0.014342255466218225,-0.014342255466218225,0.004609372571939389,0.03929261158430289,0.02358609124744167
permutation,113,TRUE,NA,NA,NA,NA,NA,NA,NA,NA,NA,0.004888649991529423,0.004888649991529423,-0.00129484719954544,0.01663961899995632,-0.0018261790567009667
permutation,114,TRUE,NA,NA,NA,NA,NA,NA,NA,NA,NA,-0.010242298568382149,-0.010242298568382149,0.002744234001870941,0.007007801321037956,0.008647132800056577
permutation,115,TRUE,NA,NA,NA,NA,NA,NA,NA,NA,NA,-0.016498582202704105,-0.016498582202704105,-0.003962114171299066,-0.01789985983091468,-0.023990326754789675
permutation,116,TRUE,NA,NA,NA,NA,NA,NA,NA,NA,NA,0.007500898163512258,0.007500898163512258,0.005792617986893716,2.2605479058115593e-4,-0.006064074329064683
permutation,117,TRUE,NA,NA,NA,NA,NA,NA,NA,NA,NA,0.018836469163117833,0.018836469163117833,-0.015675453935735197,-0.0184915990408231,-0.02763240439256024
permutation,118,TRUE,NA,NA,NA,NA,NA,NA,NA,NA,NA,0.01625480113667122,0.01625480113667122,0.007788686544544546,0.0020205748684731153,0.015851551558906277
permutation,119,TRUE,NA,NA,NA,NA,NA,NA,NA,NA,NA,-0.015019287612557526,-0.015019287612557526,-0.014533646480104075,0.002564613205846193,0.0018547967120521019
permutation,120,TRUE,NA,NA,NA,NA,NA,NA,NA,NA,NA,-0.016268519738813356,-0.016268519738813356,0.007709122405655137,0.015684906416081366,0.005139960383221884
permutation,121,TRUE,NA,NA,NA,NA,NA,NA,NA,NA,NA,-0.022948919402041065,-0.022948919402041065,-0.007617191075047006,0.012524167627338517,0.01322678357320288
permutation,122,TRUE,NA,NA,NA,NA,NA,NA,NA,NA,NA,-0.009275375369291475,-0.009275375369291475,-0.007115908218441103,0.008584060975005737,0.023675054040593536
permutation,123,TRUE,NA,NA,NA,NA,NA,NA,NA,NA,NA,0.005454721096349303,0.005454721096349303,-0.0016568810755420646,-0.002201075763502128,-0.006723901330054485
permutation,124,TRUE,NA,NA,NA,NA,NA,NA,NA,NA,NA,-0.0294503132538596,-0.0294503132538596,-0.009341044802211616,-0.0055197873926978655,-0.013653726139302103
permutation,125,TRUE,NA,NA,NA,NA,NA,NA,NA,NA,NA,-0.017707635077470925,-0.017707635077470925,-0.01674969583124513,-0.01579047750888166,0.004561627905584037
permutation,126,TRUE,NA,NA,NA,NA,NA,NA,NA,NA,NA,8.988860033067755e-4,8.988860033067755e-4,-0.014301437617500825,-0.033190879998810846,-0.017650889873123552
permutation,127,TRUE,NA,NA,NA,NA,NA,NA,NA,NA,NA,-0.01622121536900172,-0.01622121536900172,-0.008054633579751691,0.004629268056355704,0.012125878998284843
permutation,128,TRUE,NA,NA,NA,NA,NA,NA,NA,NA,NA,-0.00550838798905489,-0.00550838798905489,-5.740789473739323e-4,-0.011437778068052604,0.003789110270985597
permutation,129,TRUE,NA,NA,NA,NA,NA,NA,NA,NA,NA,0.010729542264226996,0.010729542264226996,0.005884568072465449,-0.009558152177272228,-0.010798243600266724
permutation,130,TRUE,NA,NA,NA,NA,NA,NA,NA,NA,NA,-0.013188830345451407,-0.013188830345451407,-0.009709795714845766,0.009561005032467486,-0.002799426440930267
permutation,131,TRUE,NA,NA,NA,NA,NA,NA,NA,NA,NA,0.025259747826067904,0.025259747826067904,0.016778449690180212,-0.0028084895072421553,-0.003810288257267782
permutation,132,TRUE,NA,NA,NA,NA,NA,NA,NA,NA,NA,6.639562734950805e-4,6.639562734950805e-4,-0.01539911132387365,-0.0348180292353242,-0.017398338581316737
permutation,133,TRUE,NA,NA,NA,NA,NA,NA,NA,NA,NA,-0.0182008254911974,-0.0182008254911974,-0.006661836580859148,0.004376617757427221,0.015614060425239433
permutation,134,TRUE,NA,NA,NA,NA,NA,NA,NA,NA,NA,0.011790623158840483,0.011790623158840483,-1.2398816523868407e-4,0.009490002290122168,0.005690420997402962
permutation,135,TRUE,NA,NA,NA,NA,NA,NA,NA,NA,NA,0.026330282618313838,0.026330282618313838,0.006109202709739272,0.002961876482225758,0.003158960738265798
permutation,136,TRUE,NA,NA,NA,NA,NA,NA,NA,NA,NA,-0.010495421768931625,-0.010495421768931625,0.0024763586008848676,6.475490000910061e-4,0.001986025949153928
permutation,137,TRUE,NA,NA,NA,NA,NA,NA,NA,NA,NA,-0.020815868634780802,-0.020815868634780802,-0.018582500142581164,-0.008174482861139433,-0.001873791658714423
permutation,138,TRUE,NA,NA,NA,NA,NA,NA,NA,NA,NA,-0.01806691005325421,-0.01806691005325421,-0.012693735027158478,-0.011240974265354345,-0.02279582315702326
permutation,139,TRUE,NA,NA,NA,NA,NA,NA,NA,NA,NA,0.021095988931711395,0.021095988931711395,0.014001717490865364,-0.005301366395707399,0.007752862198632016
permutation,140,TRUE,NA,NA,NA,NA,NA,NA,NA,NA,NA,0.009290022419547048,0.009290022419547048,-0.0016805368564558262,-0.0013368829909320094,-0.009670406964802727
permutation,141,TRUE,NA,NA,NA,NA,NA,NA,NA,NA,NA,-0.010987701210925575,-0.010987701210925575,-5.196875048912621e-4,0.005891433300694342,-0.0059236555250510355
permutation,142,TRUE,NA,NA,NA,NA,NA,NA,NA,NA,NA,0.002106593772446721,0.002106593772446721,-7.057091462058366e-4,-0.00834746114677319,8.873650582706854e-4
permutation,143,TRUE,NA,NA,NA,NA,NA,NA,NA,NA,NA,0.0023949022539655807,0.0023949022539655807,0.014507463968264255,0.009842743745469822,0.0016696680219548065
permutation,144,TRUE,NA,NA,NA,NA,NA,NA,NA,NA,NA,-0.028276286064000216,-0.028276286064000216,-0.004023947148932713,0.016921962357920605,0.00589186317016201
permutation,145,TRUE,NA,NA,NA,NA,NA,NA,NA,NA,NA,0.004815515122901555,0.004815515122901555,0.012321755769560998,-0.007883999733585884,-0.011881258799062771
permutation,146,TRUE,NA,NA,NA,NA,NA,NA,NA,NA,NA,0.0017440802976012716,0.0017440802976012716,0.006836647467846417,0.014403058344238202,0.006745679803876751
permutation,147,TRUE,NA,NA,NA,NA,NA,NA,NA,NA,NA,0.005942605422707864,0.005942605422707864,0.015284695363022112,-0.02751214626130217,-0.020312801813588757
permutation,148,TRUE,NA,NA,NA,NA,NA,NA,NA,NA,NA,-0.006412331658855952,-0.006412331658855952,-0.02339077772860714,0.009290552144112736,-0.0010277442400938941
permutation,149,TRUE,NA,NA,NA,NA,NA,NA,NA,NA,NA,-0.007098285936012488,-0.007098285936012488,0.009546388947847758,0.02393332293805461,0.013595523820753116
permutation,150,TRUE,NA,NA,NA,NA,NA,NA,NA,NA,NA,-0.008971702340764887,-0.008971702340764887,-0.024507849817453804,-0.010250828272087323,-0.0052274522559797205
permutation,151,TRUE,NA,NA,NA,NA,NA,NA,NA,NA,NA,0.01960423293028566,0.01960423293028566,0.008515522555607048,0.011043323648808232,0.015405976044956981
permutation,152,TRUE,NA,NA,NA,NA,NA,NA,NA,NA,NA,-0.006801871529176708,-0.006801871529176708,-0.016496553087288736,0.015724021280762723,0.023576152455960907
permutation,153,TRUE,NA,NA,NA,NA,NA,NA,NA,NA,NA,0.015473227547308935,0.015473227547308935,-0.0033549163598660583,0.020868173311999656,0.01332094268404224
permutation,154,TRUE,NA,NA,NA,NA,NA,NA,NA,NA,NA,0.01749049930406748,0.01749049930406748,0.02931507749638116,0.02430018204817045,0.019824765744565945
permutation,155,TRUE,NA,NA,NA,NA,NA,NA,NA,NA,NA,0.01845946657671628,0.01845946657671628,0.015976964471824933,0.005793737278049152,0.019626716727409527
permutation,156,TRUE,NA,NA,NA,NA,NA,NA,NA,NA,NA,-0.009758480703422223,-0.009758480703422223,-0.002034165388021222,0.019896591087147367,0.008540757041822063
permutation,157,TRUE,NA,NA,NA,NA,NA,NA,NA,NA,NA,-0.00870203254700753,-0.00870203254700753,0.0013600841555824385,-0.001159000750990469,0.011923281337199018
permutation,158,TRUE,NA,NA,NA,NA,NA,NA,NA,NA,NA,-0.012986489788474038,-0.012986489788474038,-0.01303892348217261,-0.004773915953009838,-0.013932932040648447
permutation,159,TRUE,NA,NA,NA,NA,NA,NA,NA,NA,NA,0.0029709124967654756,0.0029709124967654756,1.1131751401604077e-4,0.013600202683920294,0.016874250683870873
permutation,160,TRUE,NA,NA,NA,NA,NA,NA,NA,NA,NA,-0.00847793580743847,-0.00847793580743847,0.007205668835473182,0.01662942573377473,0.008775011396958226
permutation,161,TRUE,NA,NA,NA,NA,NA,NA,NA,NA,NA,-0.007226104053225582,-0.007226104053225582,-0.018533326730273695,0.010859313933040793,0.001224689663116803
permutation,162,TRUE,NA,NA,NA,NA,NA,NA,NA,NA,NA,-0.014837426805880174,-0.014837426805880174,-0.007886384254410772,0.03570023411752869,0.011645656503590276
permutation,163,TRUE,NA,NA,NA,NA,NA,NA,NA,NA,NA,-0.005429928810816853,-0.005429928810816853,-0.0025245349305708306,0.0029976055903041567,0.01543396215411665
permutation,164,TRUE,NA,NA,NA,NA,NA,NA,NA,NA,NA,4.986377275767767e-4,4.986377275767767e-4,5.436850911627383e-4,0.010548454269714779,-9.244818355488484e-4
permutation,165,TRUE,NA,NA,NA,NA,NA,NA,NA,NA,NA,0.005445368558326779,0.005445368558326779,0.01322009453904553,0.031515311206299475,0.024204919070771096
permutation,166,TRUE,NA,NA,NA,NA,NA,NA,NA,NA,NA,0.005511024715756937,0.005511024715756937,0.021060339430032608,0.013141392018317736,0.017361671306099894
permutation,167,TRUE,NA,NA,NA,NA,NA,NA,NA,NA,NA,0.014020604305895207,0.014020604305895207,-0.004591768733243774,-0.025436502475145787,-0.02572105321318009
permutation,168,TRUE,NA,NA,NA,NA,NA,NA,NA,NA,NA,0.014926737641328385,0.014926737641328385,0.019221372081693937,0.002781659979616536,0.014736914829939543
permutation,169,TRUE,NA,NA,NA,NA,NA,NA,NA,NA,NA,-0.01734870370499792,-0.01734870370499792,-0.006911358365983273,-0.007940586225571516,-0.01789225533148357
permutation,170,TRUE,NA,NA,NA,NA,NA,NA,NA,NA,NA,-0.009583594478573862,-0.009583594478573862,-0.001735895707576941,-0.012572293764790549,-0.004712347011314197
permutation,171,TRUE,NA,NA,NA,NA,NA,NA,NA,NA,NA,0.0056906961056777,0.0056906961056777,-0.008846238704694118,-8.053322834802989e-4,-0.0029055245694643546
permutation,172,TRUE,NA,NA,NA,NA,NA,NA,NA,NA,NA,0.0065721612443081015,0.0065721612443081015,-0.028081945942285892,-0.027643817788262692,-0.026870075318009
permutation,173,TRUE,NA,NA,NA,NA,NA,NA,NA,NA,NA,-0.0026494480312414435,-0.0026494480312414435,0.002035620725394553,0.006078026009564927,0.003379709843998487
permutation,174,TRUE,NA,NA,NA,NA,NA,NA,NA,NA,NA,-0.011649429481929253,-0.011649429481929253,0.004462460323128258,0.008578138033663588,-0.01726192759316236
permutation,175,TRUE,NA,NA,NA,NA,NA,NA,NA,NA,NA,0.010743146725627983,0.010743146725627983,0.01982551594320939,0.04265129199652108,0.019452343917305482
permutation,176,TRUE,NA,NA,NA,NA,NA,NA,NA,NA,NA,-0.018808090357516256,-0.018808090357516256,-0.028450308646413704,-0.04881999155769523,-0.04078425424383527
permutation,177,TRUE,NA,NA,NA,NA,NA,NA,NA,NA,NA,-0.011198981447747874,-0.011198981447747874,-0.022784212724573424,-0.016161314266294517,-0.025695570415069917
permutation,178,TRUE,NA,NA,NA,NA,NA,NA,NA,NA,NA,-0.009593958615292376,-0.009593958615292376,-0.00284667525092202,-0.0017378228442370518,-0.0022956031722546136
permutation,179,TRUE,NA,NA,NA,NA,NA,NA,NA,NA,NA,-0.009373453114576226,-0.009373453114576226,0.013191446432156284,-0.003228018811335941,0.002723508172795255
permutation,180,TRUE,NA,NA,NA,NA,NA,NA,NA,NA,NA,0.010655401654862265,0.010655401654862265,0.005532875224200359,0.02179240184520903,0.014086481753712049
permutation,181,TRUE,NA,NA,NA,NA,NA,NA,NA,NA,NA,-0.023030609357659854,-0.023030609357659854,-0.0056722351539467315,-0.03400525442609417,-0.014476635497145276
permutation,182,TRUE,NA,NA,NA,NA,NA,NA,NA,NA,NA,6.49093988298825e-4,6.49093988298825e-4,-0.0051540670956595255,-6.915980444596151e-4,-0.020657713381121278
permutation,183,TRUE,NA,NA,NA,NA,NA,NA,NA,NA,NA,-0.028062058886895006,-0.028062058886895006,-0.013981937559779589,0.008587908160036014,0.010043009641726285
permutation,184,TRUE,NA,NA,NA,NA,NA,NA,NA,NA,NA,-0.006968009771237648,-0.006968009771237648,-0.007123876601816245,-0.025585879884501606,-0.020017932976452702
permutation,185,TRUE,NA,NA,NA,NA,NA,NA,NA,NA,NA,0.01180708164557014,0.01180708164557014,-0.013974210494807533,-0.030742899459204654,-0.02446596942240199
permutation,186,TRUE,NA,NA,NA,NA,NA,NA,NA,NA,NA,0.012966332137742875,0.012966332137742875,0.035901234413508426,0.03211009058882344,0.02040561073250556
permutation,187,TRUE,NA,NA,NA,NA,NA,NA,NA,NA,NA,0.016583943421622678,0.016583943421622678,0.020494630414055623,-0.02191333556850244,0.0013609810097346773
permutation,188,TRUE,NA,NA,NA,NA,NA,NA,NA,NA,NA,0.013882973216930307,0.013882973216930307,0.012574956331530336,-0.017121419544530204,0.0201927793376499
permutation,189,TRUE,NA,NA,NA,NA,NA,NA,NA,NA,NA,-0.003979593527987172,-0.003979593527987172,0.009645399003985238,0.03785093284354925,0.02472798324579876
permutation,190,TRUE,NA,NA,NA,NA,NA,NA,NA,NA,NA,-0.004736180316961496,-0.004736180316961496,7.657507344275734e-4,0.008448963595217067,0.0025364684055805744
permutation,191,TRUE,NA,NA,NA,NA,NA,NA,NA,NA,NA,0.022654868783672847,0.022654868783672847,0.005889896353716242,1.601636309075949e-4,-0.014625957788312941
permutation,192,TRUE,NA,NA,NA,NA,NA,NA,NA,NA,NA,-0.023642460786496095,-0.023642460786496095,-0.006934723931133608,0.013258324632979102,0.005084721275478321
permutation,193,TRUE,NA,NA,NA,NA,NA,NA,NA,NA,NA,-0.01150697614081849,-0.01150697614081849,-0.001204445178620537,0.003464208437588656,-0.00740971165118321
permutation,194,TRUE,NA,NA,NA,NA,NA,NA,NA,NA,NA,0.002392750968095301,0.002392750968095301,0.0051482296392768735,-0.010224851459110762,-0.019214091176886647
permutation,195,TRUE,NA,NA,NA,NA,NA,NA,NA,NA,NA,-0.0036259616888492585,-0.0036259616888492585,0.008607767252792446,0.029189293676875692,0.014555525928820388
permutation,196,TRUE,NA,NA,NA,NA,NA,NA,NA,NA,NA,-0.01757942299898653,-0.01757942299898653,-0.008486494175969878,0.03577902769196181,0.030904714556998787
permutation,197,TRUE,NA,NA,NA,NA,NA,NA,NA,NA,NA,3.0152235294645643e-4,3.0152235294645643e-4,-0.0011464062022090672,-0.002178155355301894,0.01325171563425222
permutation,198,TRUE,NA,NA,NA,NA,NA,NA,NA,NA,NA,-0.01105413205082882,-0.01105413205082882,-0.02404568094369833,-0.02615328937111964,-0.017978681820733314
permutation,199,TRUE,NA,NA,NA,NA,NA,NA,NA,NA,NA,0.0023258806829295326,0.0023258806829295326,0.009319134815147978,0.03052800806457924,0.03212801630016976
permutation,200,TRUE,NA,NA,NA,NA,NA,NA,NA,NA,NA,0.013869906367556606,0.013869906367556606,0.01060040449180485,0.02293268214527784,0.00657944085945684
permutation,201,TRUE,NA,NA,NA,NA,NA,NA,NA,NA,NA,-0.01047457099511227,-0.01047457099511227,-0.01983458798420932,-0.016135682305225902,-0.021853259031162954
permutation,202,TRUE,NA,NA,NA,NA,NA,NA,NA,NA,NA,0.007933853500168873,0.007933853500168873,0.003866702118942182,0.024938020324056565,0.013721803224601606
permutation,203,TRUE,NA,NA,NA,NA,NA,NA,NA,NA,NA,0.013361659022814918,0.013361659022814918,0.01056079214219139,-0.0023354334796487526,0.006408228134214045
permutation,204,TRUE,NA,NA,NA,NA,NA,NA,NA,NA,NA,-0.010140502930984967,-0.010140502930984967,0.02436887517620826,0.013846254655856241,0.02247984861705902
permutation,205,TRUE,NA,NA,NA,NA,NA,NA,NA,NA,NA,-0.014276648629066096,-0.014276648629066096,-0.0057368031691778214,0.001059070250821862,-0.006967813204425399
permutation,206,TRUE,NA,NA,NA,NA,NA,NA,NA,NA,NA,0.003927775739087935,0.003927775739087935,0.01652801214522019,0.006849301890170716,0.005537426866900489
permutation,207,TRUE,NA,NA,NA,NA,NA,NA,NA,NA,NA,-0.029929516218836567,-0.029929516218836567,-0.032052109462246535,-0.04567287508998383,-0.03760101485987887
permutation,208,TRUE,NA,NA,NA,NA,NA,NA,NA,NA,NA,0.006873210643482767,0.006873210643482767,0.034000742966942374,0.0723365205466383,0.04724852348431882
permutation,209,TRUE,NA,NA,NA,NA,NA,NA,NA,NA,NA,0.019159440360552074,0.019159440360552074,0.0025674501076873683,0.008888460129768908,-0.00646748075136731
permutation,210,TRUE,NA,NA,NA,NA,NA,NA,NA,NA,NA,0.007331907959623543,0.007331907959623543,-0.001661167747143197,0.0042531937777610905,0.0039022928798122577
permutation,211,TRUE,NA,NA,NA,NA,NA,NA,NA,NA,NA,0.009493878006980802,0.009493878006980802,0.009233363398778166,0.01572543438357761,0.0033008709287924865
permutation,212,TRUE,NA,NA,NA,NA,NA,NA,NA,NA,NA,0.031415880243670154,0.031415880243670154,0.015113958178743975,0.0036065189521818745,0.009195703415293036
permutation,213,TRUE,NA,NA,NA,NA,NA,NA,NA,NA,NA,0.02289464582209955,0.02289464582209955,-0.002012698746416297,0.012290758843343833,0.009300232536034247
permutation,214,TRUE,NA,NA,NA,NA,NA,NA,NA,NA,NA,-0.024925481681512682,-0.024925481681512682,-0.032292503312553206,-0.03283794275403239,-0.027453359719590162
permutation,215,TRUE,NA,NA,NA,NA,NA,NA,NA,NA,NA,-0.0015922267319343432,-0.0015922267319343432,0.0044791402881635975,0.0025217974027773203,0.013832402216024022
permutation,216,TRUE,NA,NA,NA,NA,NA,NA,NA,NA,NA,0.012421447925870941,0.012421447925870941,0.008539933968843085,-0.0030922966356643662,-0.009001510695861945
permutation,217,TRUE,NA,NA,NA,NA,NA,NA,NA,NA,NA,0.0029065740894810193,0.0029065740894810193,-7.177630698953744e-4,5.416804462374681e-4,0.005412652961953472
permutation,218,TRUE,NA,NA,NA,NA,NA,NA,NA,NA,NA,0.004754790141168947,0.004754790141168947,0.0040399607994619224,0.012674754310774972,0.028281524770977454
permutation,219,TRUE,NA,NA,NA,NA,NA,NA,NA,NA,NA,0.020061454088248783,0.020061454088248783,-0.003284636823086256,0.005462766546974531,0.001387984784902884
permutation,220,TRUE,NA,NA,NA,NA,NA,NA,NA,NA,NA,-0.005063525056512424,-0.005063525056512424,-0.005508684680965602,0.002853289632645464,-0.0271572332370539
permutation,221,TRUE,NA,NA,NA,NA,NA,NA,NA,NA,NA,0.0038442701358501856,0.0038442701358501856,0.020217375238859806,-0.02616365016655859,-0.006517702039762846
permutation,222,TRUE,NA,NA,NA,NA,NA,NA,NA,NA,NA,2.628428356362321e-4,2.628428356362321e-4,-0.015593841233418141,0.0010004846868281892,-0.010141740938391694
permutation,223,TRUE,NA,NA,NA,NA,NA,NA,NA,NA,NA,0.02847305910296966,0.02847305910296966,0.02315072922192493,0.011060308034781984,0.010714388828600301
permutation,224,TRUE,NA,NA,NA,NA,NA,NA,NA,NA,NA,-0.00205125734029812,-0.00205125734029812,-0.019568260096591836,-0.015433760533797749,-0.017255804740820065
permutation,225,TRUE,NA,NA,NA,NA,NA,NA,NA,NA,NA,-0.0027784872205948346,-0.0027784872205948346,0.009225038846219422,0.01974440319574297,0.03010277073694093
permutation,226,TRUE,NA,NA,NA,NA,NA,NA,NA,NA,NA,0.011499800984270083,0.011499800984270083,0.038770371315091916,0.003352316140908692,0.005394332623955995
permutation,227,TRUE,NA,NA,NA,NA,NA,NA,NA,NA,NA,-0.0199226601553444,-0.0199226601553444,-0.0026798637284249187,0.03556276443404718,0.024201284857644903
permutation,228,TRUE,NA,NA,NA,NA,NA,NA,NA,NA,NA,-0.014332356108654003,-0.014332356108654003,-0.006883699619113132,0.007773008301985393,0.006076026243474197
permutation,229,TRUE,NA,NA,NA,NA,NA,NA,NA,NA,NA,6.071017230142482e-4,6.071017230142482e-4,0.010064305468010792,-0.02885321133483837,-0.03593834205969377
permutation,230,TRUE,NA,NA,NA,NA,NA,NA,NA,NA,NA,0.032496647294750595,0.032496647294750595,0.021591765348503635,0.045949471891423246,0.03593185475851456
permutation,231,TRUE,NA,NA,NA,NA,NA,NA,NA,NA,NA,-0.029956959941053716,-0.029956959941053716,-0.02624771446541082,0.01055411587608118,-0.006998953702207256
permutation,232,TRUE,NA,NA,NA,NA,NA,NA,NA,NA,NA,0.007842648381603904,0.007842648381603904,-0.007463280359076951,-0.014138532457937452,-0.014851732444882913
permutation,233,TRUE,NA,NA,NA,NA,NA,NA,NA,NA,NA,-0.008357579016880863,-0.008357579016880863,7.957783138987408e-4,-0.004253990954837813,0.004676438837184927
permutation,234,TRUE,NA,NA,NA,NA,NA,NA,NA,NA,NA,-0.030758571465960956,-0.030758571465960956,-0.02890810403694844,0.015314947018746639,0.008693343987655769
permutation,235,TRUE,NA,NA,NA,NA,NA,NA,NA,NA,NA,-0.04343769179244852,-0.04343769179244852,-0.027051119535582948,-0.027656908081787994,-0.013296265386422295
permutation,236,TRUE,NA,NA,NA,NA,NA,NA,NA,NA,NA,-0.0012163510916811597,-0.0012163510916811597,0.0017966460157283234,0.011748555695209575,-0.0010970005225438156
permutation,237,TRUE,NA,NA,NA,NA,NA,NA,NA,NA,NA,-0.022813776925799317,-0.022813776925799317,-0.005176328596833927,-0.008890141020803242,-0.014132959483478064
permutation,238,TRUE,NA,NA,NA,NA,NA,NA,NA,NA,NA,-0.0011719330818465476,-0.0011719330818465476,0.019951936762117924,0.04754865197352039,0.04231437571106304
permutation,239,TRUE,NA,NA,NA,NA,NA,NA,NA,NA,NA,0.011648747183449208,0.011648747183449208,0.008454117385294026,-0.02740534879770002,-0.007449649949118797
permutation,240,TRUE,NA,NA,NA,NA,NA,NA,NA,NA,NA,-0.0022844797453957177,-0.0022844797453957177,-0.011252927051283905,-0.04059498802618842,-0.02706432292856566
permutation,241,TRUE,NA,NA,NA,NA,NA,NA,NA,NA,NA,0.010994779922244511,0.010994779922244511,0.004235748960984073,0.025321679157984264,0.007266987976009429
permutation,242,TRUE,NA,NA,NA,NA,NA,NA,NA,NA,NA,0.009614343066137768,0.009614343066137768,0.012964753274845689,-0.03749465878203499,-0.010400074020054896
permutation,243,TRUE,NA,NA,NA,NA,NA,NA,NA,NA,NA,0.00818329701119761,0.00818329701119761,0.021743727219887776,0.019209820839822082,0.01909766205749327
permutation,244,TRUE,NA,NA,NA,NA,NA,NA,NA,NA,NA,0.006317312177435024,0.006317312177435024,-0.0036854095558647377,-0.011735914492841327,-0.0022177364996072485
permutation,245,TRUE,NA,NA,NA,NA,NA,NA,NA,NA,NA,0.019915455314480798,0.019915455314480798,0.0191640025141869,-0.007325620820105457,0.0021211429974065943
permutation,246,TRUE,NA,NA,NA,NA,NA,NA,NA,NA,NA,0.011126602510251783,0.011126602510251783,-9.8497656665693e-4,0.03382076382652632,0.02610576854754768
permutation,247,TRUE,NA,NA,NA,NA,NA,NA,NA,NA,NA,-0.009977332266443635,-0.009977332266443635,-0.0015938785929667347,-0.006679357960675886,0.008191702053123891
permutation,248,TRUE,NA,NA,NA,NA,NA,NA,NA,NA,NA,0.010001272445653483,0.010001272445653483,8.338253254959321e-4,0.008502015950574555,0.015097544334653386
permutation,249,TRUE,NA,NA,NA,NA,NA,NA,NA,NA,NA,0.022236882433968787,0.022236882433968787,0.011608546398655476,0.004366936822577921,0.0030745480632699378
permutation,250,TRUE,NA,NA,NA,NA,NA,NA,NA,NA,NA,0.0023966922259242174,0.0023966922259242174,-0.0011298680822369837,-0.004884309042036451,-0.02045504409742996
permutation,251,TRUE,NA,NA,NA,NA,NA,NA,NA,NA,NA,0.008417168190470134,0.008417168190470134,-0.005506989237480815,-0.01973259390878001,-0.018721651465008968
permutation,252,TRUE,NA,NA,NA,NA,NA,NA,NA,NA,NA,-0.004097921728810992,-0.004097921728810992,-0.006926893936262432,0.03471126592530052,0.001512465322470278
permutation,253,TRUE,NA,NA,NA,NA,NA,NA,NA,NA,NA,-0.006282124472504335,-0.006282124472504335,-5.36518528812098e-4,-0.013079794253614944,-0.01119636583726849
permutation,254,TRUE,NA,NA,NA,NA,NA,NA,NA,NA,NA,-0.004421119683723908,-0.004421119683723908,-0.007350800976994046,-0.007382958219602648,-0.013019902390075316
permutation,255,TRUE,NA,NA,NA,NA,NA,NA,NA,NA,NA,-0.005692710171440658,-0.005692710171440658,-0.029349092654878086,-0.018427417752443113,-0.024653517125223012
permutation,256,TRUE,NA,NA,NA,NA,NA,NA,NA,NA,NA,-0.00398594718936647,-0.00398594718936647,0.01721310506242097,0.021680940030760407,0.019438001496537016
permutation,257,TRUE,NA,NA,NA,NA,NA,NA,NA,NA,NA,0.010801941712904906,0.010801941712904906,0.006857696695343219,0.005386713376115327,-0.006156477138830484
permutation,258,TRUE,NA,NA,NA,NA,NA,NA,NA,NA,NA,0.008462713354434603,0.008462713354434603,5.56108414726331e-4,-0.02406240073240199,-0.02888048572133175
permutation,259,TRUE,NA,NA,NA,NA,NA,NA,NA,NA,NA,-0.011673569857535112,-0.011673569857535112,-0.017362177232003707,-0.054359016134197094,-0.024991666411322635
permutation,260,TRUE,NA,NA,NA,NA,NA,NA,NA,NA,NA,0.020880888187022474,0.020880888187022474,0.013930041846641691,-0.004851543583438454,0.0062267155353041385
permutation,261,TRUE,NA,NA,NA,NA,NA,NA,NA,NA,NA,-2.375968077849066e-4,-2.375968077849066e-4,7.637321601378877e-5,0.009292589200805812,0.031006966322999138
permutation,262,TRUE,NA,NA,NA,NA,NA,NA,NA,NA,NA,0.0036764025675546257,0.0036764025675546257,0.015844403606257256,0.02772314246521578,0.014286549245052316
permutation,263,TRUE,NA,NA,NA,NA,NA,NA,NA,NA,NA,0.02130678353573434,0.02130678353573434,-0.001095893373658119,0.041758239701538025,0.024781038988005422
permutation,264,TRUE,NA,NA,NA,NA,NA,NA,NA,NA,NA,0.02179682927958662,0.02179682927958662,0.023285918231942034,0.01960551022329293,0.01899299037533706
permutation,265,TRUE,NA,NA,NA,NA,NA,NA,NA,NA,NA,-0.028372807703926164,-0.028372807703926164,-0.03251827096639324,0.009311710477697372,-0.00818550718532365
permutation,266,TRUE,NA,NA,NA,NA,NA,NA,NA,NA,NA,-0.011773461929839918,-0.011773461929839918,0.0029792975116732113,0.005433026854881095,0.005070479008586778
permutation,267,TRUE,NA,NA,NA,NA,NA,NA,NA,NA,NA,-6.827523121003705e-4,-6.827523121003705e-4,-0.015008051487187602,-0.0478107623626948,-0.025618926026032586
permutation,268,TRUE,NA,NA,NA,NA,NA,NA,NA,NA,NA,0.033105184626811904,0.033105184626811904,0.04228119918627655,0.03696830015291087,0.03797584283319672
permutation,269,TRUE,NA,NA,NA,NA,NA,NA,NA,NA,NA,0.002521476104904852,0.002521476104904852,0.016040777496283923,-9.393318670930803e-4,-0.006346250521344311
permutation,270,TRUE,NA,NA,NA,NA,NA,NA,NA,NA,NA,-0.007532662002633064,-0.007532662002633064,-0.038294821910595626,0.0036861550174401908,0.009794904368817508
permutation,271,TRUE,NA,NA,NA,NA,NA,NA,NA,NA,NA,0.003797496188766816,0.003797496188766816,-0.013172431015873329,-0.01927259613874214,-0.013022374820370494
permutation,272,TRUE,NA,NA,NA,NA,NA,NA,NA,NA,NA,0.03451499132863797,0.03451499132863797,0.011088256905609519,-0.038469682279698575,-0.02825620523300719
permutation,273,TRUE,NA,NA,NA,NA,NA,NA,NA,NA,NA,0.006178658036659455,0.006178658036659455,-0.004915998044756394,-0.012599770217442697,-0.0078116717583516845
permutation,274,TRUE,NA,NA,NA,NA,NA,NA,NA,NA,NA,-0.0034984106082808536,-0.0034984106082808536,0.016670444599776676,-0.006512299420245661,-0.0064343513943575245
permutation,275,TRUE,NA,NA,NA,NA,NA,NA,NA,NA,NA,-0.02294864079957911,-0.02294864079957911,-0.005426721851146683,0.024314217029974397,0.01391873641964085
permutation,276,TRUE,NA,NA,NA,NA,NA,NA,NA,NA,NA,-0.008586104149747588,-0.008586104149747588,-0.0036797918673238932,-0.03322809489159738,-0.025694521096835718
permutation,277,TRUE,NA,NA,NA,NA,NA,NA,NA,NA,NA,-0.022924843559304485,-0.022924843559304485,-7.740577618214686e-4,-0.008148490449950424,0.010864167522489754
permutation,278,TRUE,NA,NA,NA,NA,NA,NA,NA,NA,NA,-0.009806416081849878,-0.009806416081849878,-0.00655087276684734,0.003973834208873409,-0.0030646221198106886
permutation,279,TRUE,NA,NA,NA,NA,NA,NA,NA,NA,NA,-0.009088783937217706,-0.009088783937217706,-0.013477964793722985,-0.011231681972948625,-0.010335182346288945
permutation,280,TRUE,NA,NA,NA,NA,NA,NA,NA,NA,NA,-0.008797637731948754,-0.008797637731948754,-0.011838136145347691,-0.0076714125054220435,0.009350078167530576
permutation,281,TRUE,NA,NA,NA,NA,NA,NA,NA,NA,NA,-0.02706291581408954,-0.02706291581408954,-0.012230443119635163,-0.007711632838959349,0.0020522644958906495
permutation,282,TRUE,NA,NA,NA,NA,NA,NA,NA,NA,NA,0.010544640910840722,0.010544640910840722,0.011146246363032578,0.017750011058928154,0.007459703654841688
permutation,283,TRUE,NA,NA,NA,NA,NA,NA,NA,NA,NA,-0.01571393293003226,-0.01571393293003226,-6.073660614538106e-4,0.021996441959620562,0.01752929386704946
permutation,284,TRUE,NA,NA,NA,NA,NA,NA,NA,NA,NA,0.020510539605115688,0.020510539605115688,0.00879201078427836,-0.031285229211242965,-0.014287076864919361
permutation,285,TRUE,NA,NA,NA,NA,NA,NA,NA,NA,NA,-2.2208509171117821e-4,-2.2208509171117821e-4,-0.008767788219100393,-0.023318305886811875,-0.01284781839528891
permutation,286,TRUE,NA,NA,NA,NA,NA,NA,NA,NA,NA,-0.030869262634851513,-0.030869262634851513,-0.03577728357410046,-0.01795939617424562,-0.020416925227105483
permutation,287,TRUE,NA,NA,NA,NA,NA,NA,NA,NA,NA,0.016511535142384955,0.016511535142384955,0.012999668563079107,0.02239602704519028,0.018117698398371105
permutation,288,TRUE,NA,NA,NA,NA,NA,NA,NA,NA,NA,0.020841155385641078,0.020841155385641078,0.004731665063897838,-0.04048421107499618,-0.034085619492140645
permutation,289,TRUE,NA,NA,NA,NA,NA,NA,NA,NA,NA,0.028002627296534265,0.028002627296534265,0.02430864272179715,8.206006378153399e-5,-0.0016595953735440948
permutation,290,TRUE,NA,NA,NA,NA,NA,NA,NA,NA,NA,-0.018503289636660196,-0.018503289636660196,-0.004179013309869041,0.0236952867674331,0.011414816360637882
permutation,291,TRUE,NA,NA,NA,NA,NA,NA,NA,NA,NA,-0.009093150857469258,-0.009093150857469258,-0.01871413087973023,-0.004328205888554395,-0.004052947038898857
permutation,292,TRUE,NA,NA,NA,NA,NA,NA,NA,NA,NA,0.029082536009591722,0.029082536009591722,0.01953080682487625,-0.008063073977614764,-0.010731566192910956
permutation,293,TRUE,NA,NA,NA,NA,NA,NA,NA,NA,NA,-0.018788140778698042,-0.018788140778698042,-0.016631072851167238,0.004123276593303048,0.008061941826845206
permutation,294,TRUE,NA,NA,NA,NA,NA,NA,NA,NA,NA,0.012040262088321891,0.012040262088321891,-0.012277338519647577,-0.03803973036795645,-0.03252337714010789
permutation,295,TRUE,NA,NA,NA,NA,NA,NA,NA,NA,NA,0.004512132196886585,0.004512132196886585,0.02416906161878202,0.010048034692750764,0.0035493388116637358
permutation,296,TRUE,NA,NA,NA,NA,NA,NA,NA,NA,NA,-0.010038856015127176,-0.010038856015127176,0.0021770501209872287,0.0013742393708696555,-0.0015348910502766752
permutation,297,TRUE,NA,NA,NA,NA,NA,NA,NA,NA,NA,0.010082651350755527,0.010082651350755527,0.0054907020149614185,-0.01778723991143155,-0.008116126378005618
permutation,298,TRUE,NA,NA,NA,NA,NA,NA,NA,NA,NA,-0.007036367231622751,-0.007036367231622751,0.005353785013074568,0.03413454322395393,0.015476694760932188
permutation,299,TRUE,NA,NA,NA,NA,NA,NA,NA,NA,NA,-0.006520310664385794,-0.006520310664385794,-0.014370308887781564,-0.0034121488169348317,-0.014548166478662847
permutation,300,TRUE,NA,NA,NA,NA,NA,NA,NA,NA,NA,-0.032319833681857806,-0.032319833681857806,-0.023668692641513323,-0.0025319567363910646,-0.012107782832009088
permutation,301,TRUE,NA,NA,NA,NA,NA,NA,NA,NA,NA,0.020037878464776473,0.020037878464776473,0.002098251361164479,0.005405948620453403,0.0023719517568596797
permutation,302,TRUE,NA,NA,NA,NA,NA,NA,NA,NA,NA,0.015193237161778735,0.015193237161778735,0.016358629514342006,0.01375142418180412,-0.0027898664802444607
permutation,303,TRUE,NA,NA,NA,NA,NA,NA,NA,NA,NA,-0.029319905493688618,-0.029319905493688618,-0.019957407435245232,0.01583292573837792,-0.0037307042378252227
permutation,304,TRUE,NA,NA,NA,NA,NA,NA,NA,NA,NA,-0.02625902298539204,-0.02625902298539204,-0.04188850611798943,-0.03402800630373515,-0.027978730269465544
permutation,305,TRUE,NA,NA,NA,NA,NA,NA,NA,NA,NA,0.00654552061454867,0.00654552061454867,0.002512962193140518,-0.0020610361797964542,-0.006535518303869222
permutation,306,TRUE,NA,NA,NA,NA,NA,NA,NA,NA,NA,0.016381387991164037,0.016381387991164037,0.027500758958463857,0.06268265912990464,0.04192509046595637
permutation,307,TRUE,NA,NA,NA,NA,NA,NA,NA,NA,NA,0.02199701273835975,0.02199701273835975,0.02594029068455007,0.025404548944878497,0.016298188565261763
permutation,308,TRUE,NA,NA,NA,NA,NA,NA,NA,NA,NA,-0.012529001414547002,-0.012529001414547002,-0.022292912144002697,-0.00127247865899883,-0.0081608800475686
permutation,309,TRUE,NA,NA,NA,NA,NA,NA,NA,NA,NA,0.009740075929211235,0.009740075929211235,-0.0024183375616079177,-0.025058571236648487,-0.012224771335998337
permutation,310,TRUE,NA,NA,NA,NA,NA,NA,NA,NA,NA,-0.026640938790952175,-0.026640938790952175,-0.028864150075967453,-0.0064614489823068035,-0.008553907257747788
permutation,311,TRUE,NA,NA,NA,NA,NA,NA,NA,NA,NA,0.005639327829703174,0.005639327829703174,0.01784733323339226,0.025775939214612024,0.022038657234852474
permutation,312,TRUE,NA,NA,NA,NA,NA,NA,NA,NA,NA,0.022041659688106275,0.022041659688106275,0.036109770537113825,0.03444506269594852,0.026502607107457877
permutation,313,TRUE,NA,NA,NA,NA,NA,NA,NA,NA,NA,-0.011422908820503118,-0.011422908820503118,0.0017950209566591872,0.0013164544564482732,0.008944201083133112
permutation,314,TRUE,NA,NA,NA,NA,NA,NA,NA,NA,NA,-0.018299398426011693,-0.018299398426011693,-0.004218271373671242,-7.490328447792398e-4,7.960271136804448e-4
permutation,315,TRUE,NA,NA,NA,NA,NA,NA,NA,NA,NA,0.027790237464390716,0.027790237464390716,0.022017684054094832,-0.018764186227590657,-0.02723992851970513
permutation,316,TRUE,NA,NA,NA,NA,NA,NA,NA,NA,NA,0.022391838457256733,0.022391838457256733,0.02410704838606128,0.013811127436976545,0.027319055033270548
permutation,317,TRUE,NA,NA,NA,NA,NA,NA,NA,NA,NA,0.0023460604296854435,0.0023460604296854435,-0.003749997591211521,-0.006341758487354063,-0.0033668980537579214
permutation,318,TRUE,NA,NA,NA,NA,NA,NA,NA,NA,NA,0.00963562387765682,0.00963562387765682,0.0063095279643653225,0.014205915119768991,0.01560935268141015
permutation,319,TRUE,NA,NA,NA,NA,NA,NA,NA,NA,NA,-0.016294546112235263,-0.016294546112235263,-0.016638294172223234,0.015710190579049724,-2.2624526533277997e-4
permutation,320,TRUE,NA,NA,NA,NA,NA,NA,NA,NA,NA,0.0032135217918311926,0.0032135217918311926,-0.01014468481216248,0.0022259339995146033,0.0010680637778052375
permutation,321,TRUE,NA,NA,NA,NA,NA,NA,NA,NA,NA,0.006298965648576491,0.006298965648576491,-0.010598454536928127,-0.02956454498858577,-0.016726120816618062
permutation,322,TRUE,NA,NA,NA,NA,NA,NA,NA,NA,NA,0.0021799345102586484,0.0021799345102586484,-0.0033649706022797835,-0.007623593099025498,-0.008398846768779916
permutation,323,TRUE,NA,NA,NA,NA,NA,NA,NA,NA,NA,-0.009509329738784244,-0.009509329738784244,0.0013079256831604515,0.008811518034413808,-5.20855694336261e-4
permutation,324,TRUE,NA,NA,NA,NA,NA,NA,NA,NA,NA,-0.009726032835918613,-0.009726032835918613,0.011699378349294331,0.005639248441263928,0.009250631785606788
permutation,325,TRUE,NA,NA,NA,NA,NA,NA,NA,NA,NA,-0.008231796134437622,-0.008231796134437622,0.026177009093023076,-0.0033844455890042705,0.01199612680883467
permutation,326,TRUE,NA,NA,NA,NA,NA,NA,NA,NA,NA,0.017426755150119676,0.017426755150119676,-4.7365408875044146e-4,0.013879290834274173,-0.0011681275472652797
permutation,327,TRUE,NA,NA,NA,NA,NA,NA,NA,NA,NA,-0.0035722747100296144,-0.0035722747100296144,0.0012964132612958094,0.005465816667364285,0.012860094861240678
permutation,328,TRUE,NA,NA,NA,NA,NA,NA,NA,NA,NA,-0.003287402425122226,-0.003287402425122226,-0.02068901864148976,-0.02334902301454847,-0.02352848992166154
permutation,329,TRUE,NA,NA,NA,NA,NA,NA,NA,NA,NA,0.010213171870737897,0.010213171870737897,0.017597897643450683,0.027278165686468916,0.013438662123981223
permutation,330,TRUE,NA,NA,NA,NA,NA,NA,NA,NA,NA,-0.017381396727703727,-0.017381396727703727,-0.01927357144907174,0.03742917365928192,0.03469072967095829
permutation,331,TRUE,NA,NA,NA,NA,NA,NA,NA,NA,NA,-0.008948376022815344,-0.008948376022815344,-0.004451746602913578,0.01631548824420154,0.03350352997583714
permutation,332,TRUE,NA,NA,NA,NA,NA,NA,NA,NA,NA,0.003046494422355137,0.003046494422355137,0.00891902930659347,0.04134674880820282,0.030414814656811253
permutation,333,TRUE,NA,NA,NA,NA,NA,NA,NA,NA,NA,0.008136823103122666,0.008136823103122666,0.012056789477778312,0.01419676226842839,-0.0035016206172864446
permutation,334,TRUE,NA,NA,NA,NA,NA,NA,NA,NA,NA,-0.011080194802611597,-0.011080194802611597,0.0017346884678738229,-0.006385914333432189,0.015600627683352197
permutation,335,TRUE,NA,NA,NA,NA,NA,NA,NA,NA,NA,-0.015955867790777793,-0.015955867790777793,-0.017997199784048297,-0.027388634769763883,0.005256057430681256
permutation,336,TRUE,NA,NA,NA,NA,NA,NA,NA,NA,NA,0.03372574606074426,0.03372574606074426,0.011442227977934313,7.799911258998954e-4,-0.004204391572265785
permutation,337,TRUE,NA,NA,NA,NA,NA,NA,NA,NA,NA,-0.018351884415870403,-0.018351884415870403,-0.010433897722336273,-0.01874538360120731,0.0015761737066361178
permutation,338,TRUE,NA,NA,NA,NA,NA,NA,NA,NA,NA,0.015040856260255057,0.015040856260255057,0.01502569729232774,-0.017107589575508522,-0.004334755978350367
permutation,339,TRUE,NA,NA,NA,NA,NA,NA,NA,NA,NA,0.011871304806039186,0.011871304806039186,0.021362456028610553,0.0136306289023393,0.02551102390497262
permutation,340,TRUE,NA,NA,NA,NA,NA,NA,NA,NA,NA,-0.029242280649309702,-0.029242280649309702,0.0017795434812969586,0.00297613748343813,0.01468783680953428
permutation,341,TRUE,NA,NA,NA,NA,NA,NA,NA,NA,NA,0.005044716498193572,0.005044716498193572,-0.016159151011265874,0.014069326170593963,0.007256138933693122
permutation,342,TRUE,NA,NA,NA,NA,NA,NA,NA,NA,NA,-0.01316040172855013,-0.01316040172855013,-0.015811814487382274,-0.008889112931824893,-0.003416406904316204
permutation,343,TRUE,NA,NA,NA,NA,NA,NA,NA,NA,NA,0.009255403217508909,0.009255403217508909,7.058201739568361e-4,-0.017170278284622822,8.467241427366629e-4
permutation,344,TRUE,NA,NA,NA,NA,NA,NA,NA,NA,NA,0.004327688421224328,0.004327688421224328,-0.01739280742491109,-0.034589093695867004,-0.02779987991066766
permutation,345,TRUE,NA,NA,NA,NA,NA,NA,NA,NA,NA,-0.002818134984146584,-0.002818134984146584,0.005932960322529407,-0.018309917664642857,-0.01904310001595237
permutation,346,TRUE,NA,NA,NA,NA,NA,NA,NA,NA,NA,-0.0012681194496156072,-0.0012681194496156072,0.011157146367796768,0.029836654102322505,0.01586848522915181
permutation,347,TRUE,NA,NA,NA,NA,NA,NA,NA,NA,NA,-0.02614573693968678,-0.02614573693968678,-0.02631474715862297,-0.022489543449019624,-0.0040599217579874655
permutation,348,TRUE,NA,NA,NA,NA,NA,NA,NA,NA,NA,-0.014238254907577302,-0.014238254907577302,-0.010621271052315159,-0.0025849544007599187,-0.01617236446913639
permutation,349,TRUE,NA,NA,NA,NA,NA,NA,NA,NA,NA,0.008992214969671725,0.008992214969671725,-0.01247614299251698,-0.02895438981366011,-0.026083331601263596
permutation,350,TRUE,NA,NA,NA,NA,NA,NA,NA,NA,NA,-0.005936324630917286,-0.005936324630917286,0.004480543205604729,0.014453991664401013,0.027565494882619588
permutation,351,TRUE,NA,NA,NA,NA,NA,NA,NA,NA,NA,-0.009135337175527551,-0.009135337175527551,0.010281808021062964,0.002561106394789429,0.02205324905621952
permutation,352,TRUE,NA,NA,NA,NA,NA,NA,NA,NA,NA,-0.02321617244498824,-0.02321617244498824,-0.012067852501089148,-0.0054057454542732475,-0.003549261781589555
permutation,353,TRUE,NA,NA,NA,NA,NA,NA,NA,NA,NA,-0.02130805210324471,-0.02130805210324471,-0.022911849518259704,-0.010551111962516822,-0.018439539427003816
permutation,354,TRUE,NA,NA,NA,NA,NA,NA,NA,NA,NA,-0.0014965367438439555,-0.0014965367438439555,-0.00556352242316248,0.04223444319862427,0.03357265080930609
permutation,355,TRUE,NA,NA,NA,NA,NA,NA,NA,NA,NA,0.0109930725334436,0.0109930725334436,0.008063126200425564,0.011293419880064569,0.00787186446455816
permutation,356,TRUE,NA,NA,NA,NA,NA,NA,NA,NA,NA,0.019237407951329784,0.019237407951329784,0.035104326319867776,0.01957690558516246,0.01671528865540464
permutation,357,TRUE,NA,NA,NA,NA,NA,NA,NA,NA,NA,0.015364977292407302,0.015364977292407302,0.0016826974733698246,-0.02447573103109424,-0.012011455749620686
permutation,358,TRUE,NA,NA,NA,NA,NA,NA,NA,NA,NA,0.009458985978580572,0.009458985978580572,0.014450981166163255,0.00983794375896183,0.020607133313424994
permutation,359,TRUE,NA,NA,NA,NA,NA,NA,NA,NA,NA,-0.015589724578178017,-0.015589724578178017,-0.009333876422153312,0.008787056187895022,-5.965883747776467e-4
permutation,360,TRUE,NA,NA,NA,NA,NA,NA,NA,NA,NA,0.0074823382550505925,0.0074823382550505925,6.348810419065133e-5,0.04365613322915794,0.006035096092240291
permutation,361,TRUE,NA,NA,NA,NA,NA,NA,NA,NA,NA,-0.019209943276918044,-0.019209943276918044,-0.009939992302063416,0.007407877027781399,-0.00431404127076126
permutation,362,TRUE,NA,NA,NA,NA,NA,NA,NA,NA,NA,-0.015338280048750728,-0.015338280048750728,-0.01784434282727039,-0.02753131752447026,-0.0354686491196925
permutation,363,TRUE,NA,NA,NA,NA,NA,NA,NA,NA,NA,7.185695684459298e-5,7.185695684459298e-5,0.008920053873667153,-1.8843870197588524e-4,-0.006244972309178238
permutation,364,TRUE,NA,NA,NA,NA,NA,NA,NA,NA,NA,-0.034663435418504814,-0.034663435418504814,-0.020815671834882928,0.02235414060718939,0.008738267965111277
permutation,365,TRUE,NA,NA,NA,NA,NA,NA,NA,NA,NA,0.03814558487675379,0.03814558487675379,0.015564491009943969,-0.0017023128334158616,0.014066020248543216
permutation,366,TRUE,NA,NA,NA,NA,NA,NA,NA,NA,NA,-0.0260316173549615,-0.0260316173549615,-0.015581940677928122,0.01135584501334563,-0.0039060397144928746
permutation,367,TRUE,NA,NA,NA,NA,NA,NA,NA,NA,NA,-0.027503673949037223,-0.027503673949037223,-0.009728390174055357,-0.024747231183390953,-0.011591485486038399
permutation,368,TRUE,NA,NA,NA,NA,NA,NA,NA,NA,NA,0.0510020776852569,0.0510020776852569,0.020484572917539214,0.017442647135439887,0.025174480545340265
permutation,369,TRUE,NA,NA,NA,NA,NA,NA,NA,NA,NA,-0.01637640440613718,-0.01637640440613718,-0.004746396867351796,-0.020898559319706442,-0.007581589675804844
permutation,370,TRUE,NA,NA,NA,NA,NA,NA,NA,NA,NA,0.014396669813627765,0.014396669813627765,-0.007532246931849637,-0.003747088230877651,-0.008524353666298798
permutation,371,TRUE,NA,NA,NA,NA,NA,NA,NA,NA,NA,-0.03716005967844616,-0.03716005967844616,-0.025107650995885546,-0.012427340264296038,-0.008493138339633596
permutation,372,TRUE,NA,NA,NA,NA,NA,NA,NA,NA,NA,-0.022384657035278626,-0.022384657035278626,-0.0100338893438669,0.012824950445358346,0.004910094304074169
permutation,373,TRUE,NA,NA,NA,NA,NA,NA,NA,NA,NA,0.0034302034581453413,0.0034302034581453413,0.017310367906753662,0.0041732650258533175,-0.011047980761960488
permutation,374,TRUE,NA,NA,NA,NA,NA,NA,NA,NA,NA,-0.006100920718064335,-0.006100920718064335,-1.4300502560688454e-4,0.019045146907789558,0.010323524545497223
permutation,375,TRUE,NA,NA,NA,NA,NA,NA,NA,NA,NA,-0.017238569659290146,-0.017238569659290146,-3.785057298583694e-4,-0.00861190319122913,-0.005940028287648882
permutation,376,TRUE,NA,NA,NA,NA,NA,NA,NA,NA,NA,-2.6011564789735615e-4,-2.6011564789735615e-4,0.011273131922297591,-0.006243203136828463,0.008116297555907015
permutation,377,TRUE,NA,NA,NA,NA,NA,NA,NA,NA,NA,-0.01545668810829972,-0.01545668810829972,0.0012636270160366302,0.034486231433206546,0.030251759571170135
permutation,378,TRUE,NA,NA,NA,NA,NA,NA,NA,NA,NA,0.02259165443045652,0.02259165443045652,0.0017545269152363166,0.00591539227596136,-0.009196686394402472
permutation,379,TRUE,NA,NA,NA,NA,NA,NA,NA,NA,NA,-0.005701237623195579,-0.005701237623195579,-0.0017109334222859653,-0.0035080906741938003,-0.01361450786045533
permutation,380,TRUE,NA,NA,NA,NA,NA,NA,NA,NA,NA,0.01725491105730901,0.01725491105730901,0.0027353326795615373,3.122920055503228e-4,3.601285005918019e-4
permutation,381,TRUE,NA,NA,NA,NA,NA,NA,NA,NA,NA,0.009181307317056402,0.009181307317056402,0.01837699419327666,0.033194295529002826,0.026836159884054602
permutation,382,TRUE,NA,NA,NA,NA,NA,NA,NA,NA,NA,0.0021398911558062786,0.0021398911558062786,-0.001822657062265419,0.023755484051634346,0.015481253406693549
permutation,383,TRUE,NA,NA,NA,NA,NA,NA,NA,NA,NA,-8.75179062420271e-4,-8.75179062420271e-4,-0.021527043413256064,-0.009562279033142471,-0.008916352972807498
permutation,384,TRUE,NA,NA,NA,NA,NA,NA,NA,NA,NA,0.0430757597853134,0.0430757597853134,0.02895990338104404,0.02010451251662848,0.02214534254206863
permutation,385,TRUE,NA,NA,NA,NA,NA,NA,NA,NA,NA,0.023252684617914115,0.023252684617914115,-0.012153949389907399,-0.022035215345422795,-0.005973036772486333
permutation,386,TRUE,NA,NA,NA,NA,NA,NA,NA,NA,NA,-0.0016063816513933317,-0.0016063816513933317,0.006689610604994619,-0.024531896263765136,0.0055308956014751415
permutation,387,TRUE,NA,NA,NA,NA,NA,NA,NA,NA,NA,0.006106081819880177,0.006106081819880177,0.01833339070487401,0.005212698749532731,0.019513906553519193
permutation,388,TRUE,NA,NA,NA,NA,NA,NA,NA,NA,NA,0.004908180110826576,0.004908180110826576,-0.00809298499892604,-0.00601914323714614,-0.009928206149934303
permutation,389,TRUE,NA,NA,NA,NA,NA,NA,NA,NA,NA,0.0014320369250509835,0.0014320369250509835,-0.005386670389983982,-0.005461749542008683,-0.015099178163074994
permutation,390,TRUE,NA,NA,NA,NA,NA,NA,NA,NA,NA,0.00796393798295355,0.00796393798295355,0.0011759282638529513,-0.006841318603679919,-0.027044816261725606
permutation,391,TRUE,NA,NA,NA,NA,NA,NA,NA,NA,NA,0.010273312490479601,0.010273312490479601,0.0041451100059471165,9.523942522033247e-4,0.009126868426514804
permutation,392,TRUE,NA,NA,NA,NA,NA,NA,NA,NA,NA,0.005217429299033189,0.005217429299033189,0.003193579505143428,0.020143221377804676,0.00641167338433944
permutation,393,TRUE,NA,NA,NA,NA,NA,NA,NA,NA,NA,0.004105996051531165,0.004105996051531165,6.282998929821862e-4,-0.0042551837367757975,5.296032641653667e-4
permutation,394,TRUE,NA,NA,NA,NA,NA,NA,NA,NA,NA,0.004489517629018504,0.004489517629018504,0.011140474653196085,0.02512169877311357,0.01719917333051569
permutation,395,TRUE,NA,NA,NA,NA,NA,NA,NA,NA,NA,-0.02819656556695424,-0.02819656556695424,-0.012522144527915606,0.01643301901022353,-0.001235833223053092
permutation,396,TRUE,NA,NA,NA,NA,NA,NA,NA,NA,NA,0.011777518945586048,0.011777518945586048,-9.752348658431907e-4,-0.02415274313418119,-0.023421611490260626
permutation,397,TRUE,NA,NA,NA,NA,NA,NA,NA,NA,NA,-0.0192497087972611,-0.0192497087972611,-0.016018897602898666,-0.0020820924042275653,8.605680824493277e-4
permutation,398,TRUE,NA,NA,NA,NA,NA,NA,NA,NA,NA,-0.014456322928163156,-0.014456322928163156,0.0017497815447431678,0.011955903516144362,0.012522611409849295
permutation,399,TRUE,NA,NA,NA,NA,NA,NA,NA,NA,NA,-0.013669265930598279,-0.013669265930598279,-0.02330207029765169,-0.008510854923543813,-0.011543662586557679
permutation,400,TRUE,NA,NA,NA,NA,NA,NA,NA,NA,NA,-0.007159795764803068,-0.007159795764803068,-0.008775650087829571,0.017053088814430406,0.011743686363677099
permutation,401,TRUE,NA,NA,NA,NA,NA,NA,NA,NA,NA,0.01837306269617598,0.01837306269617598,0.02607905216465203,0.031377921617130225,0.014523612480478582
permutation,402,TRUE,NA,NA,NA,NA,NA,NA,NA,NA,NA,0.02187647795320952,0.02187647795320952,0.003406647942400705,-0.01612799915355149,-0.03083537869734718
permutation,403,TRUE,NA,NA,NA,NA,NA,NA,NA,NA,NA,0.006190072479590351,0.006190072479590351,-0.004333910358696208,-0.02951695593931778,-0.007544994174148207
permutation,404,TRUE,NA,NA,NA,NA,NA,NA,NA,NA,NA,0.020582356437843077,0.020582356437843077,0.014479715572457679,-0.010041297613620905,0.0019995005428080394
permutation,405,TRUE,NA,NA,NA,NA,NA,NA,NA,NA,NA,0.004417764326823768,0.004417764326823768,0.009212157407099561,-0.002821792431040352,0.010421068728880701
permutation,406,TRUE,NA,NA,NA,NA,NA,NA,NA,NA,NA,-0.005071275093013879,-0.005071275093013879,-0.0202118781079961,-0.03354041434899979,-0.013912813383566949
permutation,407,TRUE,NA,NA,NA,NA,NA,NA,NA,NA,NA,0.025015204674650793,0.025015204674650793,0.023486076187031527,-0.018504482070207662,0.005888954932878925
permutation,408,TRUE,NA,NA,NA,NA,NA,NA,NA,NA,NA,-0.0030229999294033075,-0.0030229999294033075,-0.005052561942313851,0.002874546400946243,-0.0029125138639738896
permutation,409,TRUE,NA,NA,NA,NA,NA,NA,NA,NA,NA,0.0036287798491117457,0.0036287798491117457,0.0014930577442517252,0.009852146221944198,0.001763508535653591
permutation,410,TRUE,NA,NA,NA,NA,NA,NA,NA,NA,NA,0.018673041346124394,0.018673041346124394,-0.006165009208940728,-0.025687842266746357,-0.0362972186763908
permutation,411,TRUE,NA,NA,NA,NA,NA,NA,NA,NA,NA,-0.016114945203817076,-0.016114945203817076,-0.01237989471870149,-0.017907888067778228,-0.0030988712153961727
permutation,412,TRUE,NA,NA,NA,NA,NA,NA,NA,NA,NA,0.031619643372233865,0.031619643372233865,0.04847470637833324,0.024794722808417553,0.014199168542424284
permutation,413,TRUE,NA,NA,NA,NA,NA,NA,NA,NA,NA,-0.02176125336024514,-0.02176125336024514,-0.011389362857873534,-0.007970909068408555,-0.012129305116690317
permutation,414,TRUE,NA,NA,NA,NA,NA,NA,NA,NA,NA,0.001540397070526457,0.001540397070526457,-0.004052623844016416,-0.013804285951124708,-0.012153105456412173
permutation,415,TRUE,NA,NA,NA,NA,NA,NA,NA,NA,NA,0.008610989273350649,0.008610989273350649,0.00490128000002446,0.008331222037011638,-0.004728184433507291
permutation,416,TRUE,NA,NA,NA,NA,NA,NA,NA,NA,NA,0.009610599132182563,0.009610599132182563,0.013968101613327719,7.579166621403954e-4,0.0033044094091355175
permutation,417,TRUE,NA,NA,NA,NA,NA,NA,NA,NA,NA,0.017352302700563697,0.017352302700563697,-0.013031954404005244,-0.013372336513620499,-0.01891643737721177
permutation,418,TRUE,NA,NA,NA,NA,NA,NA,NA,NA,NA,-0.003344918998684292,-0.003344918998684292,-0.00806458503538451,-0.019659553661449378,-0.022757858438800835
permutation,419,TRUE,NA,NA,NA,NA,NA,NA,NA,NA,NA,8.050740637109929e-4,8.050740637109929e-4,-0.01125773393746371,-0.011193489873376601,-0.024337947146924773
permutation,420,TRUE,NA,NA,NA,NA,NA,NA,NA,NA,NA,-0.018325951299776138,-0.018325951299776138,-0.01932226982006075,0.00828774013095017,-0.017439223065247866
permutation,421,TRUE,NA,NA,NA,NA,NA,NA,NA,NA,NA,-0.015421824425587689,-0.015421824425587689,-0.007206652462960145,-0.0075260864650513945,-0.0023056927332192802
permutation,422,TRUE,NA,NA,NA,NA,NA,NA,NA,NA,NA,0.033791866577318225,0.033791866577318225,0.0023658729751031282,-0.009798308862285353,-0.01201333102947582
permutation,423,TRUE,NA,NA,NA,NA,NA,NA,NA,NA,NA,0.007411964413073137,0.007411964413073137,-0.017876783547232225,-0.03896833835130623,-0.023927638240186365
permutation,424,TRUE,NA,NA,NA,NA,NA,NA,NA,NA,NA,-0.030763798065205173,-0.030763798065205173,-0.010642278732011536,-0.012012595873015838,0.00272559826687992
permutation,425,TRUE,NA,NA,NA,NA,NA,NA,NA,NA,NA,-0.012858391515845486,-0.012858391515845486,-0.02769411788391788,0.020924112245815286,0.011503982121875296
permutation,426,TRUE,NA,NA,NA,NA,NA,NA,NA,NA,NA,0.029535598104110886,0.029535598104110886,0.01737362650535182,0.023501424496465303,4.661442293561434e-4
permutation,427,TRUE,NA,NA,NA,NA,NA,NA,NA,NA,NA,0.014520217795745017,0.014520217795745017,0.002812928687695322,-0.009096370349795522,-0.01191252328632007
permutation,428,TRUE,NA,NA,NA,NA,NA,NA,NA,NA,NA,0.030243526208007836,0.030243526208007836,0.018182775949179365,-0.02114958324648832,-3.515176417339706e-4
permutation,429,TRUE,NA,NA,NA,NA,NA,NA,NA,NA,NA,0.02061617422388517,0.02061617422388517,0.011914232182249783,-0.0205318761409524,-0.0074385401081393555
permutation,430,TRUE,NA,NA,NA,NA,NA,NA,NA,NA,NA,-0.012025569586724868,-0.012025569586724868,-0.0022423183155245024,0.019769555397575155,-0.008585057009106672
permutation,431,TRUE,NA,NA,NA,NA,NA,NA,NA,NA,NA,0.008970971956891942,0.008970971956891942,0.032347976126317096,0.015968636841768868,0.011462578210220177
permutation,432,TRUE,NA,NA,NA,NA,NA,NA,NA,NA,NA,-0.0016575029065440817,-0.0016575029065440817,0.006884491536442571,0.008585856683329387,0.008931563804944056
permutation,433,TRUE,NA,NA,NA,NA,NA,NA,NA,NA,NA,0.016360281648765095,0.016360281648765095,0.007108302929414341,0.0240194292311001,0.013733411550016785
permutation,434,TRUE,NA,NA,NA,NA,NA,NA,NA,NA,NA,0.024640130386758743,0.024640130386758743,0.011687847117098842,-0.0018689964106191129,-0.010058763194502631
permutation,435,TRUE,NA,NA,NA,NA,NA,NA,NA,NA,NA,-0.03124210636668451,-0.03124210636668451,-0.020062490478446042,-0.004412041120310677,0.01367631122377964
permutation,436,TRUE,NA,NA,NA,NA,NA,NA,NA,NA,NA,-0.007212372066774014,-0.007212372066774014,-5.190362177725444e-4,0.005210093023801716,0.013618577981450837
permutation,437,TRUE,NA,NA,NA,NA,NA,NA,NA,NA,NA,0.0365012020322561,0.0365012020322561,0.017648871172861364,0.011934442236530545,0.01942396048043121
permutation,438,TRUE,NA,NA,NA,NA,NA,NA,NA,NA,NA,-0.020212360030911588,-0.020212360030911588,-0.01337668094618467,-0.018966242924161436,-0.012094530848110975
permutation,439,TRUE,NA,NA,NA,NA,NA,NA,NA,NA,NA,0.0015240351463373825,0.0015240351463373825,0.0033222812808675556,0.002838278749964275,0.0031487031667579834
permutation,440,TRUE,NA,NA,NA,NA,NA,NA,NA,NA,NA,0.02668716263350802,0.02668716263350802,0.02220784156277123,0.022765396196128558,0.021277642392542803
permutation,441,TRUE,NA,NA,NA,NA,NA,NA,NA,NA,NA,-0.023568276863165292,-0.023568276863165292,-1.547804187343356e-4,-0.010257866059209086,-0.01125604683043746
permutation,442,TRUE,NA,NA,NA,NA,NA,NA,NA,NA,NA,-0.01582861450394532,-0.01582861450394532,-0.023336346427280344,-0.0011901697874398542,0.003989145785466972
permutation,443,TRUE,NA,NA,NA,NA,NA,NA,NA,NA,NA,0.02062002235546231,0.02062002235546231,0.00257189772587621,-0.006788705884078188,0.020269133050190114
permutation,444,TRUE,NA,NA,NA,NA,NA,NA,NA,NA,NA,0.03267849029130339,0.03267849029130339,0.01639257525858357,0.01623948991613081,0.013622201021701835
permutation,445,TRUE,NA,NA,NA,NA,NA,NA,NA,NA,NA,-0.012910728598718788,-0.012910728598718788,-0.008385957568864708,-0.022294764769717076,-0.02833505822259639
permutation,446,TRUE,NA,NA,NA,NA,NA,NA,NA,NA,NA,0.010253921297378498,0.010253921297378498,-0.008202936942568318,-0.014240677994499523,-0.0112032588910703
permutation,447,TRUE,NA,NA,NA,NA,NA,NA,NA,NA,NA,-0.009030398703626291,-0.009030398703626291,-0.028964860444594842,-0.030552118681816766,-0.014306202874045208
permutation,448,TRUE,NA,NA,NA,NA,NA,NA,NA,NA,NA,7.966234547763755e-4,7.966234547763755e-4,0.003087996547223163,0.02915585971764383,0.011153763962441108
permutation,449,TRUE,NA,NA,NA,NA,NA,NA,NA,NA,NA,-0.014080851940241232,-0.014080851940241232,-0.0075548142816918825,0.03531127082470029,0.009612112574998421
permutation,450,TRUE,NA,NA,NA,NA,NA,NA,NA,NA,NA,-0.003060330805740438,-0.003060330805740438,0.021243887358589217,0.0452086419646493,0.0169985390743679
permutation,451,TRUE,NA,NA,NA,NA,NA,NA,NA,NA,NA,0.011765466974530769,0.011765466974530769,0.01624337553154275,0.003190697704434588,3.330519531890407e-4
permutation,452,TRUE,NA,NA,NA,NA,NA,NA,NA,NA,NA,7.339758622044601e-4,7.339758622044601e-4,-0.02677855055237884,-0.005933038093201622,-0.0031189510536380875
permutation,453,TRUE,NA,NA,NA,NA,NA,NA,NA,NA,NA,-0.03855357571007845,-0.03855357571007845,-0.0356233597023258,-0.0032583499684969847,-0.017911131467028087
permutation,454,TRUE,NA,NA,NA,NA,NA,NA,NA,NA,NA,-0.0029690435041409224,-0.0029690435041409224,0.0041411867854546335,0.027601251704111183,0.022898981219192014
permutation,455,TRUE,NA,NA,NA,NA,NA,NA,NA,NA,NA,-0.010084126957009325,-0.010084126957009325,-0.012362631315900097,-0.029821574992829364,-0.025643655398410285
permutation,456,TRUE,NA,NA,NA,NA,NA,NA,NA,NA,NA,0.0036600853448305,0.0036600853448305,-0.004793416869120687,-0.029335757994885716,-0.04056064798269052
permutation,457,TRUE,NA,NA,NA,NA,NA,NA,NA,NA,NA,-0.02867532890905691,-0.02867532890905691,7.175982816251675e-4,0.01173876488841653,0.004431998288712265
permutation,458,TRUE,NA,NA,NA,NA,NA,NA,NA,NA,NA,0.02090365485248117,0.02090365485248117,0.008086373779896716,-0.010081959256865242,-0.012536534031739398
permutation,459,TRUE,NA,NA,NA,NA,NA,NA,NA,NA,NA,0.011729633755571305,0.011729633755571305,-0.008933602947501966,-0.014386396012016993,-0.012270378749434421
permutation,460,TRUE,NA,NA,NA,NA,NA,NA,NA,NA,NA,0.01429076598619484,0.01429076598619484,0.02028603371571416,0.04039665904883118,0.025539618910716072
permutation,461,TRUE,NA,NA,NA,NA,NA,NA,NA,NA,NA,-0.01669375529481672,-0.01669375529481672,-0.005795342270875031,0.024542178999979108,0.018040200699039406
permutation,462,TRUE,NA,NA,NA,NA,NA,NA,NA,NA,NA,-0.0025270722551428188,-0.0025270722551428188,0.022122208588588564,0.004617465059630548,0.017651540266142934
permutation,463,TRUE,NA,NA,NA,NA,NA,NA,NA,NA,NA,-0.019944464097003976,-0.019944464097003976,-0.021001810125832604,-0.0261838456093724,-0.01917421743479758
permutation,464,TRUE,NA,NA,NA,NA,NA,NA,NA,NA,NA,0.014774297871808194,0.014774297871808194,0.035445673328520805,0.0344876528929173,0.021660151902752615
permutation,465,TRUE,NA,NA,NA,NA,NA,NA,NA,NA,NA,-0.04002328583525655,-0.04002328583525655,-0.004259942811202608,0.01213185055725629,-0.0012506812783544402
permutation,466,TRUE,NA,NA,NA,NA,NA,NA,NA,NA,NA,0.023005711589019578,0.023005711589019578,0.019750082682287604,-5.374273672466567e-4,-0.007759126907243192
permutation,467,TRUE,NA,NA,NA,NA,NA,NA,NA,NA,NA,-0.011270993580441748,-0.011270993580441748,0.026279609824941742,-0.0063738465658304344,0.02571062427445943
permutation,468,TRUE,NA,NA,NA,NA,NA,NA,NA,NA,NA,0.00666325839927055,0.00666325839927055,0.0023285366592692936,-0.032239115763056984,-0.022689576642006663
permutation,469,TRUE,NA,NA,NA,NA,NA,NA,NA,NA,NA,-8.817818055835306e-4,-8.817818055835306e-4,-0.012656107155493283,-0.011244461035677061,0.0037498741550677484
permutation,470,TRUE,NA,NA,NA,NA,NA,NA,NA,NA,NA,7.195351390800115e-4,7.195351390800115e-4,-0.007436584410630893,0.0038718665376666784,-0.007445583778647515
permutation,471,TRUE,NA,NA,NA,NA,NA,NA,NA,NA,NA,-0.007957731316513667,-0.007957731316513667,-0.0040319936543891455,0.0031565785487655904,0.0017772739602853662
permutation,472,TRUE,NA,NA,NA,NA,NA,NA,NA,NA,NA,0.0031344598347513818,0.0031344598347513818,-0.009462301935395092,-0.03362639988907015,-0.027478029130052272
permutation,473,TRUE,NA,NA,NA,NA,NA,NA,NA,NA,NA,-0.009196553481700839,-0.009196553481700839,-0.014011211678589007,-0.002322054050119317,-0.00766379979023722
permutation,474,TRUE,NA,NA,NA,NA,NA,NA,NA,NA,NA,0.00923039470646667,0.00923039470646667,0.02153065081230077,0.02658018883715048,0.011174089917137947
permutation,475,TRUE,NA,NA,NA,NA,NA,NA,NA,NA,NA,0.015283138447456796,0.015283138447456796,0.014299179875829977,0.009787679527455437,0.007814315205731875
permutation,476,TRUE,NA,NA,NA,NA,NA,NA,NA,NA,NA,0.024081183358885757,0.024081183358885757,0.01785539705683941,0.021729845748021212,0.014057839027240143
permutation,477,TRUE,NA,NA,NA,NA,NA,NA,NA,NA,NA,-0.019778586536802062,-0.019778586536802062,0.0014171156241602652,0.012892043820312296,0.01805216916951312
permutation,478,TRUE,NA,NA,NA,NA,NA,NA,NA,NA,NA,-0.014322903912787597,-0.014322903912787597,-0.004663373056480208,0.023825772760165568,0.005961810742567509
permutation,479,TRUE,NA,NA,NA,NA,NA,NA,NA,NA,NA,0.013117946363457674,0.013117946363457674,0.017612637946943944,0.046201793816373016,0.02272103084037521
permutation,480,TRUE,NA,NA,NA,NA,NA,NA,NA,NA,NA,-0.00807236747817149,-0.00807236747817149,0.0017379379715299417,0.024376871069463922,0.017869994550946233
permutation,481,TRUE,NA,NA,NA,NA,NA,NA,NA,NA,NA,-0.0018056537777410458,-0.0018056537777410458,-0.009130592738657154,-0.028665060096239866,-0.026048805385828974
permutation,482,TRUE,NA,NA,NA,NA,NA,NA,NA,NA,NA,-0.024406638643428204,-0.024406638643428204,-0.012737587234208134,0.003268302330668646,0.013425554455440847
permutation,483,TRUE,NA,NA,NA,NA,NA,NA,NA,NA,NA,-0.01221836658632736,-0.01221836658632736,-0.041009362544410025,-0.012688817816272055,-0.018749166186701045
permutation,484,TRUE,NA,NA,NA,NA,NA,NA,NA,NA,NA,-0.002790604461044063,-0.002790604461044063,0.021550021939899862,0.015217019091521407,0.02720479007097254
permutation,485,TRUE,NA,NA,NA,NA,NA,NA,NA,NA,NA,0.004350375194223502,0.004350375194223502,0.007600505998495758,0.023820276798379173,0.023996592841714376
permutation,486,TRUE,NA,NA,NA,NA,NA,NA,NA,NA,NA,0.02060437728184765,0.02060437728184765,-1.728904203513945e-5,-0.00628289512243848,-0.011025419346438692
permutation,487,TRUE,NA,NA,NA,NA,NA,NA,NA,NA,NA,0.026749339553134164,0.026749339553134164,0.02053666435627696,0.017708592329619147,0.020886682477055343
permutation,488,TRUE,NA,NA,NA,NA,NA,NA,NA,NA,NA,0.021694603013073323,0.021694603013073323,0.021101587326357096,0.021864658190835374,0.011554171205826653
permutation,489,TRUE,NA,NA,NA,NA,NA,NA,NA,NA,NA,-1.6327657655828692e-5,-1.6327657655828692e-5,0.0015118012594385302,0.03162131264869899,0.020814904314187307
permutation,490,TRUE,NA,NA,NA,NA,NA,NA,NA,NA,NA,0.0070190960564319,0.0070190960564319,0.016446220971212983,0.025735159811612673,0.02381981772041044
permutation,491,TRUE,NA,NA,NA,NA,NA,NA,NA,NA,NA,-0.0015248475736313809,-0.0015248475736313809,-0.02034491542887175,-0.005620515960783499,-0.002775361691041535
permutation,492,TRUE,NA,NA,NA,NA,NA,NA,NA,NA,NA,0.005249796265351298,0.005249796265351298,0.014960539213265404,0.019617089051189095,0.023808146753384846
permutation,493,TRUE,NA,NA,NA,NA,NA,NA,NA,NA,NA,0.014504869506103427,0.014504869506103427,0.01505682916745238,-0.0035836872435299136,-0.010308441562623023
permutation,494,TRUE,NA,NA,NA,NA,NA,NA,NA,NA,NA,0.011089684172399595,0.011089684172399595,-0.004914697969459101,-0.023440101001255806,-0.016064335290022193
permutation,495,TRUE,NA,NA,NA,NA,NA,NA,NA,NA,NA,0.0041847164708010975,0.0041847164708010975,7.432154469246186e-4,0.002101457600347796,-0.008015783602171577
permutation,496,TRUE,NA,NA,NA,NA,NA,NA,NA,NA,NA,0.0012083875121954874,0.0012083875121954874,-0.020235768061983378,0.030370623307063124,0.004200054770091532
permutation,497,TRUE,NA,NA,NA,NA,NA,NA,NA,NA,NA,-0.0035715337650843297,-0.0035715337650843297,-0.042082873139024084,-0.026206804559077725,-0.02040734389501587
permutation,498,TRUE,NA,NA,NA,NA,NA,NA,NA,NA,NA,0.012290174291949311,0.012290174291949311,0.014934675628822343,0.028256366132187204,0.013223261133778832
permutation,499,TRUE,NA,NA,NA,NA,NA,NA,NA,NA,NA,-9.524463531251946e-4,-9.524463531251946e-4,-8.410038754086784e-4,0.013311397947759448,0.006594967820185687
permutation,500,TRUE,NA,NA,NA,NA,NA,NA,NA,NA,NA,-0.009424577953401072,-0.009424577953401072,1.7463536369561466e-4,-0.024160968790436665,-0.025923977931078722
permutation,501,TRUE,NA,NA,NA,NA,NA,NA,NA,NA,NA,-0.003632238156503,-0.003632238156503,-0.011205604689808697,6.007721732289098e-6,-0.01866868524084589
permutation,502,TRUE,NA,NA,NA,NA,NA,NA,NA,NA,NA,-0.014594222744524155,-0.014594222744524155,-0.0022474215307330073,0.008245646757029098,0.0023034510427224764
permutation,503,TRUE,NA,NA,NA,NA,NA,NA,NA,NA,NA,0.006102742929323017,0.006102742929323017,0.004564536326139916,0.007809067875320179,0.002454846803840324
permutation,504,TRUE,NA,NA,NA,NA,NA,NA,NA,NA,NA,-0.014375498640599981,-0.014375498640599981,-0.004329868583807697,0.007572735150933393,-0.010882888227975125
permutation,505,TRUE,NA,NA,NA,NA,NA,NA,NA,NA,NA,-0.0030614484531771378,-0.0030614484531771378,-0.009329781797900389,-0.0047538921559571986,-0.009938440170559976
permutation,506,TRUE,NA,NA,NA,NA,NA,NA,NA,NA,NA,-0.02778712526711072,-0.02778712526711072,-0.033716577117201406,-0.009865472789305784,-0.015914468123195337
permutation,507,TRUE,NA,NA,NA,NA,NA,NA,NA,NA,NA,0.007680419548850039,0.007680419548850039,0.006511547378887815,-0.007800885172987288,-0.0018190136257668615
permutation,508,TRUE,NA,NA,NA,NA,NA,NA,NA,NA,NA,0.004482205987035551,0.004482205987035551,0.006012125250298712,-0.0019629467570737268,0.020274426742000074
permutation,509,TRUE,NA,NA,NA,NA,NA,NA,NA,NA,NA,-0.002110002738720461,-0.002110002738720461,0.014368642203631635,0.02686453537218581,0.017184832763064577
permutation,510,TRUE,NA,NA,NA,NA,NA,NA,NA,NA,NA,0.01475061951241503,0.01475061951241503,-0.00411846399524874,-0.014290867387499823,-0.023111782466905723
permutation,511,TRUE,NA,NA,NA,NA,NA,NA,NA,NA,NA,-0.033754664439936674,-0.033754664439936674,-0.007200630218845965,-0.009666843720023181,-0.011889250270446287
permutation,512,TRUE,NA,NA,NA,NA,NA,NA,NA,NA,NA,0.025055378952036796,0.025055378952036796,0.017674383038234456,0.0034657930115356735,0.010202039009921568
permutation,513,TRUE,NA,NA,NA,NA,NA,NA,NA,NA,NA,-0.008734746959244493,-0.008734746959244493,0.007844165192444708,-0.004173573783375091,-0.008043530706593994
permutation,514,TRUE,NA,NA,NA,NA,NA,NA,NA,NA,NA,0.018385610453772315,0.018385610453772315,0.028286993713133257,0.021663932102519965,0.0017786876398867696
permutation,515,TRUE,NA,NA,NA,NA,NA,NA,NA,NA,NA,-0.009420037900898487,-0.009420037900898487,0.006559762954014781,0.01684373735419764,0.007300060565283633
permutation,516,TRUE,NA,NA,NA,NA,NA,NA,NA,NA,NA,0.010087176886086258,0.010087176886086258,-0.005036599672897582,-0.02059349697669787,-0.009285016057241668
permutation,517,TRUE,NA,NA,NA,NA,NA,NA,NA,NA,NA,0.004321711054385667,0.004321711054385667,0.012415398525901398,0.0015619802203409973,0.007215964117106366
permutation,518,TRUE,NA,NA,NA,NA,NA,NA,NA,NA,NA,6.596054409125196e-4,6.596054409125196e-4,-0.010574074855338128,0.01794151423178655,-0.006875622299575585
permutation,519,TRUE,NA,NA,NA,NA,NA,NA,NA,NA,NA,0.0029866342822242593,0.0029866342822242593,9.839236985247587e-4,-0.012967329535323098,0.016874036873677913
permutation,520,TRUE,NA,NA,NA,NA,NA,NA,NA,NA,NA,-0.013181806180389137,-0.013181806180389137,-0.010790373067099073,0.01034777244670927,-0.00762803111862598
permutation,521,TRUE,NA,NA,NA,NA,NA,NA,NA,NA,NA,-0.006120217245541691,-0.006120217245541691,-0.002605652529805625,-0.029578378111593324,-0.025308298546821085
permutation,522,TRUE,NA,NA,NA,NA,NA,NA,NA,NA,NA,-0.00674734199639597,-0.00674734199639597,-0.006847096862774346,0.003290616306503652,0.00502806000211797
permutation,523,TRUE,NA,NA,NA,NA,NA,NA,NA,NA,NA,-0.01047827075842225,-0.01047827075842225,-0.004784029999667016,0.02264336641353536,0.005266176848997068
permutation,524,TRUE,NA,NA,NA,NA,NA,NA,NA,NA,NA,0.0016011653627937938,0.0016011653627937938,0.017477769021918086,-0.008041937045373159,5.880939425437711e-4
permutation,525,TRUE,NA,NA,NA,NA,NA,NA,NA,NA,NA,0.004455333266376402,0.004455333266376402,0.008137900456367175,-0.009275824828874901,-0.0015846473192686556
permutation,526,TRUE,NA,NA,NA,NA,NA,NA,NA,NA,NA,-0.01203372580994045,-0.01203372580994045,5.500480234549038e-4,-0.007612730862666693,-0.014715234977569262
permutation,527,TRUE,NA,NA,NA,NA,NA,NA,NA,NA,NA,-0.002885128609801884,-0.002885128609801884,-0.002707400590979892,0.011275341537772338,-0.01039063400154928
permutation,528,TRUE,NA,NA,NA,NA,NA,NA,NA,NA,NA,-0.012192293366602087,-0.012192293366602087,0.003261666623118638,0.022624405816377584,0.004979894318957069
permutation,529,TRUE,NA,NA,NA,NA,NA,NA,NA,NA,NA,-0.006845145385405824,-0.006845145385405824,-0.014279173069101826,-0.014923462852412984,-0.020641145123432816
permutation,530,TRUE,NA,NA,NA,NA,NA,NA,NA,NA,NA,-0.01487683040141595,-0.01487683040141595,-0.03217175585478196,-0.020388934942325077,-0.024236818860377513
permutation,531,TRUE,NA,NA,NA,NA,NA,NA,NA,NA,NA,0.03086127596267673,0.03086127596267673,0.022052351010953892,0.0044427763040615735,0.018610109865552657
permutation,532,TRUE,NA,NA,NA,NA,NA,NA,NA,NA,NA,-0.006105830166418985,-0.006105830166418985,-0.014995791564906439,9.136884729557043e-4,-0.011887798817053917
permutation,533,TRUE,NA,NA,NA,NA,NA,NA,NA,NA,NA,0.013591231548336847,0.013591231548336847,-0.010716601405173089,-0.028720877711638195,-0.029297407320534406
permutation,534,TRUE,NA,NA,NA,NA,NA,NA,NA,NA,NA,0.0010324441459219392,0.0010324441459219392,-5.410913008739035e-4,0.0026070746424364964,-9.878982306762557e-4
permutation,535,TRUE,NA,NA,NA,NA,NA,NA,NA,NA,NA,-0.009092802431724858,-0.009092802431724858,0.010966238749158922,0.02115479166505869,0.024148630508708597
permutation,536,TRUE,NA,NA,NA,NA,NA,NA,NA,NA,NA,-0.02880247282715197,-0.02880247282715197,-0.016120115273022713,-0.017998945906754084,-0.01856260549548172
permutation,537,TRUE,NA,NA,NA,NA,NA,NA,NA,NA,NA,0.008239757874559444,0.008239757874559444,0.004873817615774387,-0.0036505497440596,0.008520104957001912
permutation,538,TRUE,NA,NA,NA,NA,NA,NA,NA,NA,NA,-0.0027195820637619323,-0.0027195820637619323,0.022857791863426725,0.01661978171119846,0.021890971948589095
permutation,539,TRUE,NA,NA,NA,NA,NA,NA,NA,NA,NA,0.0019722300680506057,0.0019722300680506057,-0.011716849682242578,-0.013544586383750877,-0.006130867066000002
permutation,540,TRUE,NA,NA,NA,NA,NA,NA,NA,NA,NA,-0.0023380455911476217,-0.0023380455911476217,-0.0022167561374926174,0.020126300797982763,0.009107437075055506
permutation,541,TRUE,NA,NA,NA,NA,NA,NA,NA,NA,NA,-0.0023766885360472804,-0.0023766885360472804,-0.0039888137364595035,-0.024110282188444937,-0.030979625158808304
permutation,542,TRUE,NA,NA,NA,NA,NA,NA,NA,NA,NA,-4.770256076070463e-4,-4.770256076070463e-4,0.01407769983429152,0.01586721637711944,0.007868282209649607
permutation,543,TRUE,NA,NA,NA,NA,NA,NA,NA,NA,NA,-0.019271071980148654,-0.019271071980148654,-0.005668595904421463,-0.0180302145322492,-0.03464182503628996
permutation,544,TRUE,NA,NA,NA,NA,NA,NA,NA,NA,NA,0.012432418549292425,0.012432418549292425,-0.016412810654195566,0.010975882110883002,-0.002865885701422679
permutation,545,TRUE,NA,NA,NA,NA,NA,NA,NA,NA,NA,-0.032085077798866435,-0.032085077798866435,-0.023149032193284475,0.007902661791319973,0.0018767902667450043
permutation,546,TRUE,NA,NA,NA,NA,NA,NA,NA,NA,NA,0.014817573536550551,0.014817573536550551,0.014807769164869866,-0.001198516386938655,0.021950620706421883
permutation,547,TRUE,NA,NA,NA,NA,NA,NA,NA,NA,NA,-0.016275014019103355,-0.016275014019103355,0.007205658201744881,0.007933600465443856,-0.0011602356149443584
permutation,548,TRUE,NA,NA,NA,NA,NA,NA,NA,NA,NA,0.0036889054496709603,0.0036889054496709603,0.025304754666552253,0.021482563458509046,0.01564412846435251
permutation,549,TRUE,NA,NA,NA,NA,NA,NA,NA,NA,NA,-0.009080378708393145,-0.009080378708393145,0.0025970601458090055,0.010061239986403075,0.005254804720960581
permutation,550,TRUE,NA,NA,NA,NA,NA,NA,NA,NA,NA,0.007561861727995612,0.007561861727995612,0.01786655292391605,0.008583876108261999,-0.003645694976638059
permutation,551,TRUE,NA,NA,NA,NA,NA,NA,NA,NA,NA,-0.0099634888689523,-0.0099634888689523,0.010461072104596259,0.018293581861318957,0.015105020395433601
permutation,552,TRUE,NA,NA,NA,NA,NA,NA,NA,NA,NA,0.012784903501565944,0.012784903501565944,0.013795485719290464,-0.018070927015412665,-0.014507664381487121
permutation,553,TRUE,NA,NA,NA,NA,NA,NA,NA,NA,NA,0.033478292774512565,0.033478292774512565,0.02190715935105482,0.004429817330079938,0.02119684666571792
permutation,554,TRUE,NA,NA,NA,NA,NA,NA,NA,NA,NA,-0.010028234268448814,-0.010028234268448814,0.005554558173203784,-0.01730549888894106,0.001586413584554535
permutation,555,TRUE,NA,NA,NA,NA,NA,NA,NA,NA,NA,-0.0056309063033150785,-0.0056309063033150785,-0.003390852692710156,-0.02656533573893045,-0.014023932321782093
permutation,556,TRUE,NA,NA,NA,NA,NA,NA,NA,NA,NA,-0.006014499486743127,-0.006014499486743127,0.009946294579998953,0.004924390543280672,0.013420411803753907
permutation,557,TRUE,NA,NA,NA,NA,NA,NA,NA,NA,NA,5.015014012451402e-5,5.015014012451402e-5,-0.009289926530748673,-0.010577702391807829,-0.006280821772143287
permutation,558,TRUE,NA,NA,NA,NA,NA,NA,NA,NA,NA,0.005142907852904731,0.005142907852904731,-0.009780700860922805,-0.005318072966383249,0.005526344861608917
permutation,559,TRUE,NA,NA,NA,NA,NA,NA,NA,NA,NA,0.015002480084439019,0.015002480084439019,0.020077954586675172,0.009037007408315353,0.013194288854287063
permutation,560,TRUE,NA,NA,NA,NA,NA,NA,NA,NA,NA,0.004533904859826743,0.004533904859826743,-0.013688558711800171,0.03060486819213091,0.011031663275739602
permutation,561,TRUE,NA,NA,NA,NA,NA,NA,NA,NA,NA,-0.015443793800164382,-0.015443793800164382,-0.013993005322244512,0.005386022462701678,-0.007642674054836159
permutation,562,TRUE,NA,NA,NA,NA,NA,NA,NA,NA,NA,-0.029892681036228715,-0.029892681036228715,-0.026076806748526943,-0.01070810150755477,-0.0010069618167144606
permutation,563,TRUE,NA,NA,NA,NA,NA,NA,NA,NA,NA,-0.016011645500831697,-0.016011645500831697,-0.002209954045552815,0.001901702022790469,-0.012319599369647924
permutation,564,TRUE,NA,NA,NA,NA,NA,NA,NA,NA,NA,0.007201433709269121,0.007201433709269121,0.001960306702461866,-0.006626635505431475,-0.006976625530224198
permutation,565,TRUE,NA,NA,NA,NA,NA,NA,NA,NA,NA,0.011988899320143609,0.011988899320143609,-0.009301693089405061,-0.01980624286013031,-0.025126339660447035
permutation,566,TRUE,NA,NA,NA,NA,NA,NA,NA,NA,NA,0.02201705456858187,0.02201705456858187,-3.489409456906255e-4,-0.008094522899947311,0.005224704704189783
permutation,567,TRUE,NA,NA,NA,NA,NA,NA,NA,NA,NA,-0.013981471389578469,-0.013981471389578469,0.0027442643280349115,0.00374626715031676,-4.1771656522443697e-4
permutation,568,TRUE,NA,NA,NA,NA,NA,NA,NA,NA,NA,0.012321123408644226,0.012321123408644226,0.020310237020389713,0.023794881933263515,0.0075631775573996385
permutation,569,TRUE,NA,NA,NA,NA,NA,NA,NA,NA,NA,-0.018831493632038943,-0.018831493632038943,-0.0374428121796657,-0.02636287015442554,-0.029116493712994587
permutation,570,TRUE,NA,NA,NA,NA,NA,NA,NA,NA,NA,0.014644868109374693,0.014644868109374693,-0.024026270536426433,-0.02749981437925514,-0.025963622614856532
permutation,571,TRUE,NA,NA,NA,NA,NA,NA,NA,NA,NA,0.018207274526209804,0.018207274526209804,0.007004056203956437,-0.0012743231981888758,0.007167254472479213
permutation,572,TRUE,NA,NA,NA,NA,NA,NA,NA,NA,NA,-0.020149919278981323,-0.020149919278981323,-0.04169580557043864,-0.06592296985822706,-0.05745433085435177
permutation,573,TRUE,NA,NA,NA,NA,NA,NA,NA,NA,NA,0.010009667631803302,0.010009667631803302,0.018108549745363436,-0.001606636979485111,0.014457085683012858
permutation,574,TRUE,NA,NA,NA,NA,NA,NA,NA,NA,NA,-0.00654858878683486,-0.00654858878683486,4.984924001974513e-4,0.0027495090256177837,0.0020418324011528812
permutation,575,TRUE,NA,NA,NA,NA,NA,NA,NA,NA,NA,0.017731268688637364,0.017731268688637364,0.013471818821346643,-0.024893567402975048,-0.015886929545677123
permutation,576,TRUE,NA,NA,NA,NA,NA,NA,NA,NA,NA,-0.010006414026732609,-0.010006414026732609,-0.00230192282931319,-0.0014895941618886747,-0.007510203589030436
permutation,577,TRUE,NA,NA,NA,NA,NA,NA,NA,NA,NA,0.0084663034946076,0.0084663034946076,0.0034031355258661604,0.014901065608724264,-0.005915523832208107
permutation,578,TRUE,NA,NA,NA,NA,NA,NA,NA,NA,NA,-0.009969707803879386,-0.009969707803879386,-0.008440529486911041,-0.01264810850787033,-0.024503983044934015
permutation,579,TRUE,NA,NA,NA,NA,NA,NA,NA,NA,NA,-0.02356748692365577,-0.02356748692365577,-0.008868828585419717,0.00418372232777656,-0.013479840953859259
permutation,580,TRUE,NA,NA,NA,NA,NA,NA,NA,NA,NA,-0.024141987410041813,-0.024141987410041813,-0.0077300136206019075,0.029045730401199638,0.017390653847572584
permutation,581,TRUE,NA,NA,NA,NA,NA,NA,NA,NA,NA,0.018153498528147283,0.018153498528147283,0.021076124237076575,-0.025363255966492252,-0.021885082138129886
permutation,582,TRUE,NA,NA,NA,NA,NA,NA,NA,NA,NA,-0.007267373686250243,-0.007267373686250243,0.01385600784252789,0.014493568330060937,0.014578143313416796
permutation,583,TRUE,NA,NA,NA,NA,NA,NA,NA,NA,NA,-0.012347562831254296,-0.012347562831254296,-0.04042242139275869,-0.048906149741978294,-0.03614967099905752
permutation,584,TRUE,NA,NA,NA,NA,NA,NA,NA,NA,NA,-0.007337050371788811,-0.007337050371788811,0.006883944646349826,0.019636093712818728,0.009742714987398692
permutation,585,TRUE,NA,NA,NA,NA,NA,NA,NA,NA,NA,0.026834065092508384,0.026834065092508384,-0.004912374678075957,-0.031529808202557005,-0.02956114770710488
permutation,586,TRUE,NA,NA,NA,NA,NA,NA,NA,NA,NA,0.019575905154469855,0.019575905154469855,0.004875185181082493,-0.008392026654446466,-0.010327154580843836
permutation,587,TRUE,NA,NA,NA,NA,NA,NA,NA,NA,NA,-0.018844056777248937,-0.018844056777248937,-0.01100015417280708,-0.022204265037857572,-0.011892501390266125
permutation,588,TRUE,NA,NA,NA,NA,NA,NA,NA,NA,NA,-0.016781278013129487,-0.016781278013129487,-0.003937814868232794,0.0038644309964989236,0.0017276774116313683
permutation,589,TRUE,NA,NA,NA,NA,NA,NA,NA,NA,NA,-0.0018813720459448533,-0.0018813720459448533,-0.0026655392406371627,0.004203196106521475,-0.0013911430477126876
permutation,590,TRUE,NA,NA,NA,NA,NA,NA,NA,NA,NA,0.0020180095536025153,0.0020180095536025153,0.013106866576298953,-0.001212302841165279,-0.004966042844245627
permutation,591,TRUE,NA,NA,NA,NA,NA,NA,NA,NA,NA,-0.022708964050512433,-0.022708964050512433,-0.001421878095322758,0.014606028324364695,-0.004897398293872299
permutation,592,TRUE,NA,NA,NA,NA,NA,NA,NA,NA,NA,-0.011405336941912012,-0.011405336941912012,0.02359867576280345,0.030755950318389857,0.014996916797791374
permutation,593,TRUE,NA,NA,NA,NA,NA,NA,NA,NA,NA,0.020655567624472668,0.020655567624472668,0.01967251829749146,0.03608517806879845,0.002414831870256262
permutation,594,TRUE,NA,NA,NA,NA,NA,NA,NA,NA,NA,0.011538591897814974,0.011538591897814974,0.031222952286031586,0.0012809363508022135,0.00943938981732343
permutation,595,TRUE,NA,NA,NA,NA,NA,NA,NA,NA,NA,0.024997112300573835,0.024997112300573835,0.009367207850252031,-1.772472954245513e-4,0.005710048609285711
permutation,596,TRUE,NA,NA,NA,NA,NA,NA,NA,NA,NA,0.025857198297258674,0.025857198297258674,0.007876341849882826,-0.010518219992172305,-0.0060415077358974625
permutation,597,TRUE,NA,NA,NA,NA,NA,NA,NA,NA,NA,0.03324592087214787,0.03324592087214787,0.03849314398793197,7.393220418461105e-4,0.004945364592377717
permutation,598,TRUE,NA,NA,NA,NA,NA,NA,NA,NA,NA,0.010631403947180028,0.010631403947180028,0.01893473852152336,-0.0036019724211561223,9.713586436583977e-4
permutation,599,TRUE,NA,NA,NA,NA,NA,NA,NA,NA,NA,0.018815917039538776,0.018815917039538776,0.01462898466202772,0.01964003526577857,0.009733267001594086
permutation,600,TRUE,NA,NA,NA,NA,NA,NA,NA,NA,NA,0.001217868049571762,0.001217868049571762,0.011061456626579747,-0.021862186772533702,0.007685149683005984
permutation,601,TRUE,NA,NA,NA,NA,NA,NA,NA,NA,NA,0.0035794790947407742,0.0035794790947407742,0.008711303903156598,-0.024231824703191542,-0.0030821140266273127
permutation,602,TRUE,NA,NA,NA,NA,NA,NA,NA,NA,NA,0.002783673103225229,0.002783673103225229,0.00598017423007722,0.03167534988649629,0.016053194496015187
permutation,603,TRUE,NA,NA,NA,NA,NA,NA,NA,NA,NA,-0.013132880601659529,-0.013132880601659529,-0.01304463604720206,-0.0022070547849512238,-0.007904724101468051
permutation,604,TRUE,NA,NA,NA,NA,NA,NA,NA,NA,NA,0.010489731929872436,0.010489731929872436,0.0013912907695430073,-0.002580907969369002,-0.0012015444882419648
permutation,605,TRUE,NA,NA,NA,NA,NA,NA,NA,NA,NA,-0.0048456967648982194,-0.0048456967648982194,-0.0023424122304141564,0.0124544880618677,0.004387549186063986
permutation,606,TRUE,NA,NA,NA,NA,NA,NA,NA,NA,NA,0.006596908148079542,0.006596908148079542,0.007047511788740951,0.014404709430877386,-1.0412248808117e-4
permutation,607,TRUE,NA,NA,NA,NA,NA,NA,NA,NA,NA,0.013764310076286614,0.013764310076286614,0.007331621962543395,0.009961533422716386,-0.007383975558612178
permutation,608,TRUE,NA,NA,NA,NA,NA,NA,NA,NA,NA,0.010800680927081691,0.010800680927081691,-0.014264303292186404,0.009430183555333174,0.010210433244393415
permutation,609,TRUE,NA,NA,NA,NA,NA,NA,NA,NA,NA,0.013647528555658265,0.013647528555658265,0.012376844268723612,-0.038361913436858616,-0.03333037219450087
permutation,610,TRUE,NA,NA,NA,NA,NA,NA,NA,NA,NA,0.0224547785762753,0.0224547785762753,0.02012859785541593,0.031612913211390134,0.0276143089819282
permutation,611,TRUE,NA,NA,NA,NA,NA,NA,NA,NA,NA,0.0013434600882706765,0.0013434600882706765,0.03523817696710891,0.0451306898431245,0.027823842645714424
permutation,612,TRUE,NA,NA,NA,NA,NA,NA,NA,NA,NA,-0.0014497434968729682,-0.0014497434968729682,0.0037502587133589633,0.0513264091911839,0.01785573857639975
permutation,613,TRUE,NA,NA,NA,NA,NA,NA,NA,NA,NA,-0.02493956821908726,-0.02493956821908726,-0.010368928580059,0.011502379249848847,0.0017179287314900947
permutation,614,TRUE,NA,NA,NA,NA,NA,NA,NA,NA,NA,-8.429296828178234e-4,-8.429296828178234e-4,-0.0014209292886861664,-0.011131471606807962,-0.005766693973072042
permutation,615,TRUE,NA,NA,NA,NA,NA,NA,NA,NA,NA,-0.010184129704328174,-0.010184129704328174,-0.004547353339134866,0.006408850232369449,0.02202123838438711
permutation,616,TRUE,NA,NA,NA,NA,NA,NA,NA,NA,NA,-0.015507468638113154,-0.015507468638113154,8.521277409082647e-4,0.015677470581350855,0.005306389705537337
permutation,617,TRUE,NA,NA,NA,NA,NA,NA,NA,NA,NA,3.6355879214867374e-4,3.6355879214867374e-4,0.01865857969094027,0.009498230356143505,0.024105454742721126
permutation,618,TRUE,NA,NA,NA,NA,NA,NA,NA,NA,NA,-0.003707097689667465,-0.003707097689667465,0.0025655361721282806,0.013451527761405218,0.0055267947166812
permutation,619,TRUE,NA,NA,NA,NA,NA,NA,NA,NA,NA,0.010255357658887469,0.010255357658887469,0.00564174987377014,8.088004821352069e-4,-0.004492932722678752
permutation,620,TRUE,NA,NA,NA,NA,NA,NA,NA,NA,NA,-0.019375500662817062,-0.019375500662817062,-0.01610036019702755,0.0035213773175097225,-0.0026540753519798815
permutation,621,TRUE,NA,NA,NA,NA,NA,NA,NA,NA,NA,6.612460310413017e-4,6.612460310413017e-4,0.01649890771007536,0.004556459608160649,-0.007085703589649607
permutation,622,TRUE,NA,NA,NA,NA,NA,NA,NA,NA,NA,-0.0010531135474850862,-0.0010531135474850862,-0.009668669195871449,0.030963485547319515,0.014319585918141501
permutation,623,TRUE,NA,NA,NA,NA,NA,NA,NA,NA,NA,-0.007742646102718468,-0.007742646102718468,-0.014491519050314218,-0.019382717502703175,-0.03351189696643048
permutation,624,TRUE,NA,NA,NA,NA,NA,NA,NA,NA,NA,-5.746560649284012e-5,-5.746560649284012e-5,-0.001248671516923881,0.005729689136935933,-0.01098802078722518
permutation,625,TRUE,NA,NA,NA,NA,NA,NA,NA,NA,NA,-0.005801664967177234,-0.005801664967177234,-0.002746352464799707,-0.014854935713175612,-0.010928675041377324
permutation,626,TRUE,NA,NA,NA,NA,NA,NA,NA,NA,NA,-0.002942599423143998,-0.002942599423143998,-9.943743001169316e-4,-0.03222652029401021,-0.005591797659859123
permutation,627,TRUE,NA,NA,NA,NA,NA,NA,NA,NA,NA,-0.014740584397184021,-0.014740584397184021,-0.02550293019128766,-0.0046510709107554435,0.005898531150794537
permutation,628,TRUE,NA,NA,NA,NA,NA,NA,NA,NA,NA,0.01923068756482446,0.01923068756482446,0.02918308569210934,0.01151888558386225,0.017520125004820718
permutation,629,TRUE,NA,NA,NA,NA,NA,NA,NA,NA,NA,0.004886859004143776,0.004886859004143776,0.012098108592055803,0.015926867181099435,0.013421122943734149
permutation,630,TRUE,NA,NA,NA,NA,NA,NA,NA,NA,NA,-0.0022290777769885476,-0.0022290777769885476,0.01482686329440317,0.014380621707430553,0.008622906214599015
permutation,631,TRUE,NA,NA,NA,NA,NA,NA,NA,NA,NA,-0.02626450206025264,-0.02626450206025264,-0.020894252014471537,0.018054690138442707,0.0012132085098532086
permutation,632,TRUE,NA,NA,NA,NA,NA,NA,NA,NA,NA,-0.010295307595068843,-0.010295307595068843,-0.00578700184252365,7.119315448900262e-4,0.0033842082731656495
permutation,633,TRUE,NA,NA,NA,NA,NA,NA,NA,NA,NA,0.011012610883266343,0.011012610883266343,-0.004630165497642074,-0.013817083711447376,-7.9103474534673e-4
permutation,634,TRUE,NA,NA,NA,NA,NA,NA,NA,NA,NA,-0.022221761518680803,-0.022221761518680803,-0.01709246130094385,-0.0027304741346389425,-0.006894549123867553
permutation,635,TRUE,NA,NA,NA,NA,NA,NA,NA,NA,NA,-0.0038160017607891776,-0.0038160017607891776,0.023533083969352168,0.0021560887996820806,0.024402753118954432
permutation,636,TRUE,NA,NA,NA,NA,NA,NA,NA,NA,NA,-0.016766799773862178,-0.016766799773862178,-0.023046376184846194,-0.02196609143120282,-0.01011204488843943
permutation,637,TRUE,NA,NA,NA,NA,NA,NA,NA,NA,NA,-0.005664841333737208,-0.005664841333737208,-0.014951566991232347,-0.014885944746507371,-0.008596260375007152
permutation,638,TRUE,NA,NA,NA,NA,NA,NA,NA,NA,NA,0.04119656008294698,0.04119656008294698,-0.0023884814208511573,-0.015278991826843266,-0.023552203600986622
permutation,639,TRUE,NA,NA,NA,NA,NA,NA,NA,NA,NA,-0.008123055679263204,-0.008123055679263204,0.015101378989770748,-6.446107008058052e-4,0.0050839627850721054
permutation,640,TRUE,NA,NA,NA,NA,NA,NA,NA,NA,NA,0.011751176944049802,0.011751176944049802,-0.0030517416330247005,0.01882621412285448,0.016228535574074856
permutation,641,TRUE,NA,NA,NA,NA,NA,NA,NA,NA,NA,0.022399421417757647,0.022399421417757647,0.016599742946269532,0.00488596026921468,0.003059585168102546
permutation,642,TRUE,NA,NA,NA,NA,NA,NA,NA,NA,NA,0.0073173759888067735,0.0073173759888067735,0.003929844482288466,0.03225318185706684,0.01190385509788823
permutation,643,TRUE,NA,NA,NA,NA,NA,NA,NA,NA,NA,-0.018664393970024173,-0.018664393970024173,-0.033271106254062544,-0.051819326911745775,-0.032752458462276
permutation,644,TRUE,NA,NA,NA,NA,NA,NA,NA,NA,NA,0.011505534813940703,0.011505534813940703,0.011161648226918989,-0.0039332083408543175,-0.0021260203701195073
permutation,645,TRUE,NA,NA,NA,NA,NA,NA,NA,NA,NA,0.02498922345761904,0.02498922345761904,0.013925084126011348,0.010322617258393353,0.017026862299296598
permutation,646,TRUE,NA,NA,NA,NA,NA,NA,NA,NA,NA,-0.01056139983510321,-0.01056139983510321,0.0015596125668221727,0.01191688962722911,-0.0028247327558259374
permutation,647,TRUE,NA,NA,NA,NA,NA,NA,NA,NA,NA,0.008263135675935113,0.008263135675935113,0.004949081170539776,0.01116453280308509,0.007669991011564854
permutation,648,TRUE,NA,NA,NA,NA,NA,NA,NA,NA,NA,-0.01202814010263473,-0.01202814010263473,-0.002392226053077824,0.031289770024708854,0.023312129606890473
permutation,649,TRUE,NA,NA,NA,NA,NA,NA,NA,NA,NA,0.016442763314549327,0.016442763314549327,0.022949770106298742,0.03868716302918709,0.0438662792921789
permutation,650,TRUE,NA,NA,NA,NA,NA,NA,NA,NA,NA,0.011554436889555021,0.011554436889555021,0.0011995048211491614,-0.011015198720228821,-0.01076151683099573
permutation,651,TRUE,NA,NA,NA,NA,NA,NA,NA,NA,NA,0.01912876717228011,0.01912876717228011,-0.004356435451282007,-0.011572965158827182,-0.002626120189314199
permutation,652,TRUE,NA,NA,NA,NA,NA,NA,NA,NA,NA,0.03392820516300353,0.03392820516300353,0.018901568155339298,0.01555946314787254,0.006150302309436053
permutation,653,TRUE,NA,NA,NA,NA,NA,NA,NA,NA,NA,0.019328093310089237,0.019328093310089237,0.01752421762386053,0.030120335065658553,0.023560274273818266
permutation,654,TRUE,NA,NA,NA,NA,NA,NA,NA,NA,NA,-0.004419922266769105,-0.004419922266769105,0.013695764846060691,0.030555867801548613,0.01510115944787366
permutation,655,TRUE,NA,NA,NA,NA,NA,NA,NA,NA,NA,0.022133816430455793,0.022133816430455793,0.015566555235256333,0.047656970597904684,0.0408127730851644
permutation,656,TRUE,NA,NA,NA,NA,NA,NA,NA,NA,NA,-0.03239490453538961,-0.03239490453538961,0.007403056062151865,0.016023393989616087,0.002138632143411548
permutation,657,TRUE,NA,NA,NA,NA,NA,NA,NA,NA,NA,0.0347842704577654,0.0347842704577654,0.017276771271268906,0.013973542692775377,0.008483690727036398
permutation,658,TRUE,NA,NA,NA,NA,NA,NA,NA,NA,NA,-0.014477978595086082,-0.014477978595086082,-0.023898873709251853,-0.028213922551820435,-0.02006690711422975
permutation,659,TRUE,NA,NA,NA,NA,NA,NA,NA,NA,NA,-0.018522498119213856,-0.018522498119213856,0.003604682953934891,-0.015755982462647332,-0.010063529431520954
permutation,660,TRUE,NA,NA,NA,NA,NA,NA,NA,NA,NA,-0.01084582848008726,-0.01084582848008726,-0.016237876682582825,0.003988431813743695,0.005274351809183727
permutation,661,TRUE,NA,NA,NA,NA,NA,NA,NA,NA,NA,-0.01826292480243611,-0.01826292480243611,0.006008374011973256,0.007856821130761488,-7.578558213320909e-4
permutation,662,TRUE,NA,NA,NA,NA,NA,NA,NA,NA,NA,0.037851660263694485,0.037851660263694485,0.02189038066610082,0.014658810647369253,0.0254816625180896
permutation,663,TRUE,NA,NA,NA,NA,NA,NA,NA,NA,NA,-0.02614854103850215,-0.02614854103850215,-0.023811311457963807,0.013280590843432062,0.010291074960332942
permutation,664,TRUE,NA,NA,NA,NA,NA,NA,NA,NA,NA,0.010996792281820284,0.010996792281820284,0.012159143709683165,0.016870424765038812,0.007577000958660484
permutation,665,TRUE,NA,NA,NA,NA,NA,NA,NA,NA,NA,0.019299570114690474,0.019299570114690474,0.024233962093139976,-0.008762583439333928,0.007731304863804312
permutation,666,TRUE,NA,NA,NA,NA,NA,NA,NA,NA,NA,-0.005743257193524819,-0.005743257193524819,-0.006891937611144049,-0.0060516267094914145,-0.017995978829443558
permutation,667,TRUE,NA,NA,NA,NA,NA,NA,NA,NA,NA,-0.036594210806384565,-0.036594210806384565,-0.007427190756779816,-0.001765542761202256,-0.009158966366642707
permutation,668,TRUE,NA,NA,NA,NA,NA,NA,NA,NA,NA,-0.010049532227394244,-0.010049532227394244,-0.017804721010363594,-0.02836762254519639,-0.013963122645415582
permutation,669,TRUE,NA,NA,NA,NA,NA,NA,NA,NA,NA,-0.00590147038435561,-0.00590147038435561,-0.022146048655970137,-0.00410701037444201,-0.02139537293011398
permutation,670,TRUE,NA,NA,NA,NA,NA,NA,NA,NA,NA,-0.013014057899477184,-0.013014057899477184,-0.0026538060789918303,-0.003328048042213953,-0.005586942648747164
permutation,671,TRUE,NA,NA,NA,NA,NA,NA,NA,NA,NA,-0.03067268371632119,-0.03067268371632119,-0.00452124947884501,0.00871614384598541,0.0014083787604198608
permutation,672,TRUE,NA,NA,NA,NA,NA,NA,NA,NA,NA,-0.01062526588052319,-0.01062526588052319,0.006450168914502228,-0.006013272502007851,-4.3687016080111093e-4
permutation,673,TRUE,NA,NA,NA,NA,NA,NA,NA,NA,NA,5.695825267753445e-4,5.695825267753445e-4,0.018966034697190444,0.029248052954282296,0.013673729832919685
permutation,674,TRUE,NA,NA,NA,NA,NA,NA,NA,NA,NA,-0.0077750086350869135,-0.0077750086350869135,-0.006982100590404853,-0.0157024970651069,-0.0310042284390664
permutation,675,TRUE,NA,NA,NA,NA,NA,NA,NA,NA,NA,-0.03419144459036132,-0.03419144459036132,-0.007465731907662924,0.006326401952086301,0.007727708972778122
permutation,676,TRUE,NA,NA,NA,NA,NA,NA,NA,NA,NA,-0.008099272758350281,-0.008099272758350281,-0.0090783590980296,-0.015776367088710046,-0.020851392589935326
permutation,677,TRUE,NA,NA,NA,NA,NA,NA,NA,NA,NA,-0.0282794575422372,-0.0282794575422372,-0.02882602242419463,-0.017219029440706628,-0.014200835824318804
permutation,678,TRUE,NA,NA,NA,NA,NA,NA,NA,NA,NA,-0.013140841088562378,-0.013140841088562378,0.0012044216274516434,0.023519000154190527,0.027819108441528226
permutation,679,TRUE,NA,NA,NA,NA,NA,NA,NA,NA,NA,0.024335844965549074,0.024335844965549074,-0.0034459634031734493,-0.029046912350295932,-0.020275330686923478
permutation,680,TRUE,NA,NA,NA,NA,NA,NA,NA,NA,NA,0.0215060481080774,0.0215060481080774,0.013605123447312342,0.010932984608952461,0.005868461714050904
permutation,681,TRUE,NA,NA,NA,NA,NA,NA,NA,NA,NA,-0.004498664593956542,-0.004498664593956542,0.01698813656324496,0.03658765626953757,0.01139148798917615
permutation,682,TRUE,NA,NA,NA,NA,NA,NA,NA,NA,NA,0.028074229117580476,0.028074229117580476,0.013428334361997729,0.027160653986554543,0.028340751704994643
permutation,683,TRUE,NA,NA,NA,NA,NA,NA,NA,NA,NA,-0.003423387744782669,-0.003423387744782669,-0.02215139311961093,-0.01347385591434308,-0.02707467383940737
permutation,684,TRUE,NA,NA,NA,NA,NA,NA,NA,NA,NA,0.02702040554429095,0.02702040554429095,0.020285120006942332,0.027138944222709155,0.005075360424939862
permutation,685,TRUE,NA,NA,NA,NA,NA,NA,NA,NA,NA,9.285610457765095e-4,9.285610457765095e-4,0.0025967589497922763,0.008150131278056208,0.0013715736182881176
permutation,686,TRUE,NA,NA,NA,NA,NA,NA,NA,NA,NA,0.019943209869915615,0.019943209869915615,0.017080360792310904,-0.010267421143163862,-0.005061108313474713
permutation,687,TRUE,NA,NA,NA,NA,NA,NA,NA,NA,NA,-0.00549070165916998,-0.00549070165916998,-0.012041375923907787,-0.019819284959826877,-0.01998092683654579
permutation,688,TRUE,NA,NA,NA,NA,NA,NA,NA,NA,NA,0.021709999095411374,0.021709999095411374,0.011582655961576434,-0.006586834367748266,0.005179581211940294
permutation,689,TRUE,NA,NA,NA,NA,NA,NA,NA,NA,NA,0.0032952785844295083,0.0032952785844295083,0.00974437386229703,0.0032399585785206197,0.002744086885933649
permutation,690,TRUE,NA,NA,NA,NA,NA,NA,NA,NA,NA,0.02002987037570674,0.02002987037570674,0.00889305344713442,0.008109708600848102,-0.002962900452434348
permutation,691,TRUE,NA,NA,NA,NA,NA,NA,NA,NA,NA,-0.0017468601118222292,-0.0017468601118222292,-0.011096458103096082,-0.0074402883413424974,0.003926099125063856
permutation,692,TRUE,NA,NA,NA,NA,NA,NA,NA,NA,NA,0.004027070332884792,0.004027070332884792,0.014014916193033317,0.014693819754207055,0.0020402377025087425
permutation,693,TRUE,NA,NA,NA,NA,NA,NA,NA,NA,NA,-0.02026698523597936,-0.02026698523597936,-0.016055257298378048,-0.0022331298945440087,0.020046688153996465
permutation,694,TRUE,NA,NA,NA,NA,NA,NA,NA,NA,NA,-0.029440845460195958,-0.029440845460195958,-0.023025071581559708,-0.012234309780858016,-0.017760963788143888
permutation,695,TRUE,NA,NA,NA,NA,NA,NA,NA,NA,NA,0.013069758291321402,0.013069758291321402,0.02328233156064777,-0.02882270392903735,-0.00879820094867392
permutation,696,TRUE,NA,NA,NA,NA,NA,NA,NA,NA,NA,-0.0271767182044856,-0.0271767182044856,-0.02662196942379151,0.01569475567956229,6.676133152824955e-4
permutation,697,TRUE,NA,NA,NA,NA,NA,NA,NA,NA,NA,0.0026633985993321607,0.0026633985993321607,0.010775569189628248,-0.02185349180629152,-0.01728796407156222
permutation,698,TRUE,NA,NA,NA,NA,NA,NA,NA,NA,NA,0.004236185702326828,0.004236185702326828,-0.007489929773415139,-0.011254160016602583,-0.008727474305412347
permutation,699,TRUE,NA,NA,NA,NA,NA,NA,NA,NA,NA,0.004891763416866295,0.004891763416866295,0.02869702751308251,0.038286939496959396,0.041307916753263646
permutation,700,TRUE,NA,NA,NA,NA,NA,NA,NA,NA,NA,0.016841419168372312,0.016841419168372312,0.00816059506929646,0.03403709824267155,0.025361559422073382
permutation,701,TRUE,NA,NA,NA,NA,NA,NA,NA,NA,NA,0.014896843935998261,0.014896843935998261,0.014471820007570527,0.01947960049584904,0.013199348002132669
permutation,702,TRUE,NA,NA,NA,NA,NA,NA,NA,NA,NA,0.007987903664485417,0.007987903664485417,-0.005617595928062423,0.002125600531385363,8.792853483344902e-4
permutation,703,TRUE,NA,NA,NA,NA,NA,NA,NA,NA,NA,-0.0028201071747735625,-0.0028201071747735625,-0.022906917235473598,-0.02115513149883113,-0.012503010711761523
permutation,704,TRUE,NA,NA,NA,NA,NA,NA,NA,NA,NA,0.04026316116416315,0.04026316116416315,0.037993889037073264,0.04074508962871167,0.033697506628000404
permutation,705,TRUE,NA,NA,NA,NA,NA,NA,NA,NA,NA,0.02022618075280828,0.02022618075280828,0.023785341844346757,0.011261149796005412,-0.0027190317545473346
permutation,706,TRUE,NA,NA,NA,NA,NA,NA,NA,NA,NA,-0.04266094088253075,-0.04266094088253075,-0.027721470844994836,-0.010019749117405802,-0.001262660389249555
permutation,707,TRUE,NA,NA,NA,NA,NA,NA,NA,NA,NA,0.02580876253209938,0.02580876253209938,0.021908863211672566,0.013162879842103094,0.031521004707357025
permutation,708,TRUE,NA,NA,NA,NA,NA,NA,NA,NA,NA,0.03181106959528732,0.03181106959528732,0.03608800049227482,0.0227543980045691,0.02347807654343806
permutation,709,TRUE,NA,NA,NA,NA,NA,NA,NA,NA,NA,0.027642247660941085,0.027642247660941085,0.006627871784502311,-0.014809694595484344,-0.008584847701807789
permutation,710,TRUE,NA,NA,NA,NA,NA,NA,NA,NA,NA,-0.020055218976595266,-0.020055218976595266,-0.020714099672050384,0.003604567326116897,-0.004987634995327145
permutation,711,TRUE,NA,NA,NA,NA,NA,NA,NA,NA,NA,0.010815801675935387,0.010815801675935387,-0.00524631994264417,-0.017932535305791943,-0.02105603332750564
permutation,712,TRUE,NA,NA,NA,NA,NA,NA,NA,NA,NA,-0.046400063286455184,-0.046400063286455184,-0.015098676619234322,0.01368603256412746,0.00723289869947185
permutation,713,TRUE,NA,NA,NA,NA,NA,NA,NA,NA,NA,-0.0028333277358925982,-0.0028333277358925982,-0.0028632294604014866,-0.031354035193840536,-0.014789212739237204
permutation,714,TRUE,NA,NA,NA,NA,NA,NA,NA,NA,NA,0.021588359104477872,0.021588359104477872,-0.010830361807955283,0.010024826842843296,0.011180272196991761
permutation,715,TRUE,NA,NA,NA,NA,NA,NA,NA,NA,NA,-0.013073372120693464,-0.013073372120693464,-0.006333386797458864,3.199913329594087e-4,0.007338194199268141
permutation,716,TRUE,NA,NA,NA,NA,NA,NA,NA,NA,NA,-0.0014439259591343644,-0.0014439259591343644,-0.006705625279848268,-0.013203575388857868,-0.01725128248051172
permutation,717,TRUE,NA,NA,NA,NA,NA,NA,NA,NA,NA,0.02086604916704835,0.02086604916704835,0.014341272287205834,4.896337343588755e-4,-0.00723312835022125
permutation,718,TRUE,NA,NA,NA,NA,NA,NA,NA,NA,NA,0.0034289135641060956,0.0034289135641060956,0.00271999322093768,0.024880851981596487,0.012978611669877477
permutation,719,TRUE,NA,NA,NA,NA,NA,NA,NA,NA,NA,0.009742998820966351,0.009742998820966351,-0.003807876466096394,0.012727677563825705,-0.015322724097826932
permutation,720,TRUE,NA,NA,NA,NA,NA,NA,NA,NA,NA,0.02064141169811767,0.02064141169811767,0.03198924212179384,0.06160063598509881,0.04420632047097544
permutation,721,TRUE,NA,NA,NA,NA,NA,NA,NA,NA,NA,0.021480897296289745,0.021480897296289745,0.021012445817730506,-0.006591834083248933,-0.011436028476102627
permutation,722,TRUE,NA,NA,NA,NA,NA,NA,NA,NA,NA,0.007024737766100674,0.007024737766100674,0.011934879497701363,0.022719880267247104,0.01361839698159641
permutation,723,TRUE,NA,NA,NA,NA,NA,NA,NA,NA,NA,-0.008149522342912604,-0.008149522342912604,-0.009904706071928093,-0.040543904831616545,-0.012784735719193759
permutation,724,TRUE,NA,NA,NA,NA,NA,NA,NA,NA,NA,-7.51250704192827e-4,-7.51250704192827e-4,-0.012204829956482468,-0.028569505854274847,-0.0199696793697945
permutation,725,TRUE,NA,NA,NA,NA,NA,NA,NA,NA,NA,-6.535307496511567e-4,-6.535307496511567e-4,0.009567213599504349,0.031210268636632874,0.006796286059594401
permutation,726,TRUE,NA,NA,NA,NA,NA,NA,NA,NA,NA,-0.007297026188859456,-0.007297026188859456,0.0024927852831456102,0.020240654129221186,0.00555630535588476
permutation,727,TRUE,NA,NA,NA,NA,NA,NA,NA,NA,NA,2.9908235619698423e-4,2.9908235619698423e-4,-0.006537105855197773,-0.0011953118353118988,-0.011820771641340938
permutation,728,TRUE,NA,NA,NA,NA,NA,NA,NA,NA,NA,0.0176933521978019,0.0176933521978019,0.019480838601364767,0.03308467948131276,0.013855736844869635
permutation,729,TRUE,NA,NA,NA,NA,NA,NA,NA,NA,NA,-0.0014991939075340807,-0.0014991939075340807,-0.0073610128515900364,0.004847845447840808,0.005349345171867463
permutation,730,TRUE,NA,NA,NA,NA,NA,NA,NA,NA,NA,-0.008776052068172285,-0.008776052068172285,-0.018688533894742086,-0.012854381903053446,-0.012366109118350493
permutation,731,TRUE,NA,NA,NA,NA,NA,NA,NA,NA,NA,0.01654020165739867,0.01654020165739867,0.019044316999595363,0.012182724888033356,0.018857521720494826
permutation,732,TRUE,NA,NA,NA,NA,NA,NA,NA,NA,NA,0.021536828299413394,0.021536828299413394,0.041226077581650034,0.021157684641629468,0.030868360079184254
permutation,733,TRUE,NA,NA,NA,NA,NA,NA,NA,NA,NA,0.007795596371884496,0.007795596371884496,0.012171679834900289,7.112042562865996e-5,-0.003006034821830106
permutation,734,TRUE,NA,NA,NA,NA,NA,NA,NA,NA,NA,0.004763851967741588,0.004763851967741588,0.022209530274628075,0.007756580762375126,0.0028451285109045736
permutation,735,TRUE,NA,NA,NA,NA,NA,NA,NA,NA,NA,-0.0204018536640848,-0.0204018536640848,-0.02853624404042373,-0.03895845834163983,-0.010605705210487537
permutation,736,TRUE,NA,NA,NA,NA,NA,NA,NA,NA,NA,-0.014099419807429542,-0.014099419807429542,-0.003263416334308355,-0.004548502500090425,-0.010819399213640488
permutation,737,TRUE,NA,NA,NA,NA,NA,NA,NA,NA,NA,-0.009038197035500399,-0.009038197035500399,-0.02244883619426198,-0.009848995091168482,-0.019848523094271188
permutation,738,TRUE,NA,NA,NA,NA,NA,NA,NA,NA,NA,-0.031384976355545005,-0.031384976355545005,-0.04038649066590566,-0.009949038528821025,-0.011906908011784682
permutation,739,TRUE,NA,NA,NA,NA,NA,NA,NA,NA,NA,-0.008324834112617242,-0.008324834112617242,-0.0025043857964039172,-0.004991714909276102,7.497119161709483e-4
permutation,740,TRUE,NA,NA,NA,NA,NA,NA,NA,NA,NA,0.008815954228532317,0.008815954228532317,-4.6194305983535827e-4,-0.02146301976506284,-0.005030191786529397
permutation,741,TRUE,NA,NA,NA,NA,NA,NA,NA,NA,NA,0.014865157202444709,0.014865157202444709,0.0035547161953517273,-0.010856271175141362,-0.002643993444945302
permutation,742,TRUE,NA,NA,NA,NA,NA,NA,NA,NA,NA,0.02546901173857738,0.02546901173857738,0.025143089965331315,0.019045785521037095,0.03310937144214909
permutation,743,TRUE,NA,NA,NA,NA,NA,NA,NA,NA,NA,0.015085516905001222,0.015085516905001222,0.0037872600655590397,0.005507611030543983,0.021737693251614336
permutation,744,TRUE,NA,NA,NA,NA,NA,NA,NA,NA,NA,-0.008986214695380086,-0.008986214695380086,-0.014194748608995871,-0.018083936845581385,-0.00592005651741713
permutation,745,TRUE,NA,NA,NA,NA,NA,NA,NA,NA,NA,0.007360786055574241,0.007360786055574241,0.01686288878241588,0.01895800909333678,0.02163398320276711
permutation,746,TRUE,NA,NA,NA,NA,NA,NA,NA,NA,NA,-0.01627191568664165,-0.01627191568664165,-0.003820864133139028,-0.002979677397588863,-0.020731172254921076
permutation,747,TRUE,NA,NA,NA,NA,NA,NA,NA,NA,NA,-0.005353535506397783,-0.005353535506397783,-0.0025105246268081654,-3.5584156715689867e-4,9.599637933056671e-4
permutation,748,TRUE,NA,NA,NA,NA,NA,NA,NA,NA,NA,-0.007305396285181016,-0.007305396285181016,-0.0052040012577151355,0.0035273595112862294,-0.005539289535486327
permutation,749,TRUE,NA,NA,NA,NA,NA,NA,NA,NA,NA,-0.008247633738342452,-0.008247633738342452,0.008382437897012871,0.026311037878953267,0.01626307881203405
permutation,750,TRUE,NA,NA,NA,NA,NA,NA,NA,NA,NA,0.014724585621095151,0.014724585621095151,-0.009561418815530366,0.016956230391732625,0.012664670665713425
permutation,751,TRUE,NA,NA,NA,NA,NA,NA,NA,NA,NA,-0.014371096772787665,-0.014371096772787665,-0.022837675274827406,-0.005642540477108006,0.009062137403184787
permutation,752,TRUE,NA,NA,NA,NA,NA,NA,NA,NA,NA,-0.0040496792299680815,-0.0040496792299680815,-0.00463421187910692,0.017937860146850095,0.013237405355636925
permutation,753,TRUE,NA,NA,NA,NA,NA,NA,NA,NA,NA,0.038244292770868715,0.038244292770868715,0.024025189204897383,0.007689185588516275,-0.003961950428644688
permutation,754,TRUE,NA,NA,NA,NA,NA,NA,NA,NA,NA,0.009528257462106076,0.009528257462106076,0.00440497143933857,0.004025431302874251,0.004637283291703758
permutation,755,TRUE,NA,NA,NA,NA,NA,NA,NA,NA,NA,-0.01454671396504279,-0.01454671396504279,-0.027338572385511205,-0.013762174689957619,-0.010388092796196388
permutation,756,TRUE,NA,NA,NA,NA,NA,NA,NA,NA,NA,0.011590026031542043,0.011590026031542043,0.002375287633260007,-0.0028763553438439903,-0.006944127854463571
permutation,757,TRUE,NA,NA,NA,NA,NA,NA,NA,NA,NA,0.006938120663816249,0.006938120663816249,0.025960607562131137,0.014915821912102667,-0.003361990700480379
permutation,758,TRUE,NA,NA,NA,NA,NA,NA,NA,NA,NA,-0.015395744415337682,-0.015395744415337682,-0.004237756985431957,0.008808894101397817,-0.01603304653745672
permutation,759,TRUE,NA,NA,NA,NA,NA,NA,NA,NA,NA,0.006063694808403527,0.006063694808403527,0.007583140893555294,-0.02145344144221053,-0.01784185059004692
permutation,760,TRUE,NA,NA,NA,NA,NA,NA,NA,NA,NA,-0.014636101843457597,-0.014636101843457597,-0.011081760164742835,-0.00453677688098114,-0.013135661484735472
permutation,761,TRUE,NA,NA,NA,NA,NA,NA,NA,NA,NA,-0.012031398263505175,-0.012031398263505175,-0.033033505658226124,-0.03128087589592789,-0.03699829571286699
permutation,762,TRUE,NA,NA,NA,NA,NA,NA,NA,NA,NA,0.0017055829284499625,0.0017055829284499625,-0.03149373809599083,-0.009076703838084284,-0.00548306085498062
permutation,763,TRUE,NA,NA,NA,NA,NA,NA,NA,NA,NA,1.7885551486905427e-4,1.7885551486905427e-4,-0.009356645128615105,-0.006955639513677338,0.002274822274693426
permutation,764,TRUE,NA,NA,NA,NA,NA,NA,NA,NA,NA,-0.007618745509648537,-0.007618745509648537,-0.002935963175147202,-0.010148748953975354,-0.0032289002564897494
permutation,765,TRUE,NA,NA,NA,NA,NA,NA,NA,NA,NA,0.007275866998879907,0.007275866998879907,0.00688983888676542,0.004112104695633506,-0.010902847088783897
permutation,766,TRUE,NA,NA,NA,NA,NA,NA,NA,NA,NA,-0.013016558593630772,-0.013016558593630772,-0.008897457952138092,-0.02288502291609785,-5.985353441769151e-4
permutation,767,TRUE,NA,NA,NA,NA,NA,NA,NA,NA,NA,-0.00944679487416907,-0.00944679487416907,0.0011623913909677725,0.033136415018702986,0.01567839348911184
permutation,768,TRUE,NA,NA,NA,NA,NA,NA,NA,NA,NA,0.004160744461072643,0.004160744461072643,9.628896897882796e-4,-0.030353976548110454,-0.007861047944919366
permutation,769,TRUE,NA,NA,NA,NA,NA,NA,NA,NA,NA,0.015747407213253187,0.015747407213253187,0.003915188223533485,-0.006749198064820057,-0.016575753489612734
permutation,770,TRUE,NA,NA,NA,NA,NA,NA,NA,NA,NA,-0.0012442508465095982,-0.0012442508465095982,0.017354493543108435,0.017707932530953756,0.021034209218557285
permutation,771,TRUE,NA,NA,NA,NA,NA,NA,NA,NA,NA,0.020047987292970644,0.020047987292970644,-0.007254004565169749,-0.02911142494010107,-0.007142676781527191
permutation,772,TRUE,NA,NA,NA,NA,NA,NA,NA,NA,NA,0.00742889075654553,0.00742889075654553,0.017774091836914366,0.03713550754704571,0.03364187391581193
permutation,773,TRUE,NA,NA,NA,NA,NA,NA,NA,NA,NA,0.010780705579106688,0.010780705579106688,0.01207281623046019,0.007827457240539359,-0.006125112160762922
permutation,774,TRUE,NA,NA,NA,NA,NA,NA,NA,NA,NA,-0.006605390766081692,-0.006605390766081692,-0.010358690256473131,-0.00750754564064291,0.012159150144625814
permutation,775,TRUE,NA,NA,NA,NA,NA,NA,NA,NA,NA,-0.012128761573709528,-0.012128761573709528,0.0040013074630605595,0.002908211592451467,-0.017674670641172164
permutation,776,TRUE,NA,NA,NA,NA,NA,NA,NA,NA,NA,-0.011107115029478556,-0.011107115029478556,0.014075604271338128,0.04779360456623456,0.030873035667214905
permutation,777,TRUE,NA,NA,NA,NA,NA,NA,NA,NA,NA,0.010940951362046694,0.010940951362046694,0.0066412255422852095,-0.00826517837615238,-0.02097635301185352
permutation,778,TRUE,NA,NA,NA,NA,NA,NA,NA,NA,NA,-0.040485243805100324,-0.040485243805100324,-0.03365979825166151,6.510856139905e-4,-0.011947955547105399
permutation,779,TRUE,NA,NA,NA,NA,NA,NA,NA,NA,NA,0.003453605371126202,0.003453605371126202,-0.008391665612647703,-0.01985711140773016,-0.012743779609914206
permutation,780,TRUE,NA,NA,NA,NA,NA,NA,NA,NA,NA,0.017829936746557393,0.017829936746557393,-0.002185528363225789,-0.015676562990282802,-0.023987677511595393
permutation,781,TRUE,NA,NA,NA,NA,NA,NA,NA,NA,NA,0.02532788840707912,0.02532788840707912,0.016893812511053347,0.021589171846606754,0.017399995193554906
permutation,782,TRUE,NA,NA,NA,NA,NA,NA,NA,NA,NA,-0.018367672863579633,-0.018367672863579633,-0.02041697115137514,0.025248688170318646,0.012596105264479025
permutation,783,TRUE,NA,NA,NA,NA,NA,NA,NA,NA,NA,0.009869805500572627,0.009869805500572627,-0.0065019990026582986,-0.0402345597555811,-0.028711025028457723
permutation,784,TRUE,NA,NA,NA,NA,NA,NA,NA,NA,NA,0.010333762221838502,0.010333762221838502,-0.009296008831705792,-0.021469249531002793,-0.01847716926947778
permutation,785,TRUE,NA,NA,NA,NA,NA,NA,NA,NA,NA,-0.0017127808775205128,-0.0017127808775205128,-0.004996232878214453,0.014263778179355606,0.006074502207412076
permutation,786,TRUE,NA,NA,NA,NA,NA,NA,NA,NA,NA,-0.01466846952771699,-0.01466846952771699,-0.016407090497215834,-0.0010261686595222433,-0.010459093162013232
permutation,787,TRUE,NA,NA,NA,NA,NA,NA,NA,NA,NA,0.0176911899128012,0.0176911899128012,0.00631960088853451,-0.011886421471262749,0.008710877088219122
permutation,788,TRUE,NA,NA,NA,NA,NA,NA,NA,NA,NA,4.869990716882451e-4,4.869990716882451e-4,-0.0029255441663670334,-0.004567789069560516,-0.013167209566287742
permutation,789,TRUE,NA,NA,NA,NA,NA,NA,NA,NA,NA,-0.007249079807493843,-0.007249079807493843,-0.003950866430888533,-0.0015537662497643358,-0.006046571796968769
permutation,790,TRUE,NA,NA,NA,NA,NA,NA,NA,NA,NA,-0.018328120465292315,-0.018328120465292315,-0.0073611801028540085,0.0014910050671296873,0.0031037986000172595
permutation,791,TRUE,NA,NA,NA,NA,NA,NA,NA,NA,NA,0.015638625185941054,0.015638625185941054,0.030445614222202082,-0.0050389344304559505,8.288788041054141e-4
permutation,792,TRUE,NA,NA,NA,NA,NA,NA,NA,NA,NA,-0.02255544855439888,-0.02255544855439888,-0.01032443922900479,9.610073567366401e-4,-0.015102426112208626
permutation,793,TRUE,NA,NA,NA,NA,NA,NA,NA,NA,NA,0.006240311053013022,0.006240311053013022,0.008856066607181138,-0.03842371149686749,-0.0079651746969133
permutation,794,TRUE,NA,NA,NA,NA,NA,NA,NA,NA,NA,-0.010528089222540246,-0.010528089222540246,-0.01237002345961176,0.010664324371035127,3.2178788695346773e-4
permutation,795,TRUE,NA,NA,NA,NA,NA,NA,NA,NA,NA,-0.004731853498538419,-0.004731853498538419,-0.008571955162279373,-0.00215095095081912,-3.214811234041118e-4
permutation,796,TRUE,NA,NA,NA,NA,NA,NA,NA,NA,NA,0.017469860154913835,0.017469860154913835,0.005931345358170973,-0.022526118953877794,-0.01885227285894544
permutation,797,TRUE,NA,NA,NA,NA,NA,NA,NA,NA,NA,0.002271532722014054,0.002271532722014054,-0.009840398583183998,0.013694476827632624,2.4876511807387985e-4
permutation,798,TRUE,NA,NA,NA,NA,NA,NA,NA,NA,NA,-0.014704128804715364,-0.014704128804715364,0.006891304307974452,0.008367746165787011,-0.0116589077327903
permutation,799,TRUE,NA,NA,NA,NA,NA,NA,NA,NA,NA,-0.024478254741036577,-0.024478254741036577,1.6258754152492783e-4,0.013161154551902768,0.016217189564847093
permutation,800,TRUE,NA,NA,NA,NA,NA,NA,NA,NA,NA,-0.0056497956885076485,-0.0056497956885076485,-0.00800000115281926,0.0028685541397994096,0.0162929003546477
permutation,801,TRUE,NA,NA,NA,NA,NA,NA,NA,NA,NA,0.015559413839010437,0.015559413839010437,0.0016119046348983621,-0.006876774487245224,-0.002202117398320486
permutation,802,TRUE,NA,NA,NA,NA,NA,NA,NA,NA,NA,-0.00921499687264922,-0.00921499687264922,-0.028218670573570845,-0.014013240679966333,-0.0217440144258622
permutation,803,TRUE,NA,NA,NA,NA,NA,NA,NA,NA,NA,-0.0026011983683475208,-0.0026011983683475208,-0.014706838149034535,-0.02104369393965886,-0.020241335697132323
permutation,804,TRUE,NA,NA,NA,NA,NA,NA,NA,NA,NA,-0.008793918407745628,-0.008793918407745628,-0.022027905105773245,-0.030593873813806925,-0.019663068618677074
permutation,805,TRUE,NA,NA,NA,NA,NA,NA,NA,NA,NA,-0.006140522603965568,-0.006140522603965568,0.00700103869976263,0.058955482682688076,0.04991464407368878
permutation,806,TRUE,NA,NA,NA,NA,NA,NA,NA,NA,NA,-0.012184193569372751,-0.012184193569372751,-0.0391394579607081,-0.055424321322352615,-0.0506573992914217
permutation,807,TRUE,NA,NA,NA,NA,NA,NA,NA,NA,NA,0.0013678937594927046,0.0013678937594927046,-0.008794632537421533,-0.02465616138783908,-0.002326558063758593
permutation,808,TRUE,NA,NA,NA,NA,NA,NA,NA,NA,NA,-0.006625109280546581,-0.006625109280546581,-0.013347721950727316,3.446191372572117e-4,0.010502006500226159
permutation,809,TRUE,NA,NA,NA,NA,NA,NA,NA,NA,NA,-0.0086247347804999,-0.0086247347804999,-0.01356684320500828,-0.002341254662970099,-0.007863952242487983
permutation,810,TRUE,NA,NA,NA,NA,NA,NA,NA,NA,NA,-0.01371991809868572,-0.01371991809868572,0.0024858024057159075,-0.007866321886889332,0.01839122079297679
permutation,811,TRUE,NA,NA,NA,NA,NA,NA,NA,NA,NA,0.010175886045409047,0.010175886045409047,0.0027287885000022456,0.012396608791020428,-0.0023316077098800674
permutation,812,TRUE,NA,NA,NA,NA,NA,NA,NA,NA,NA,-0.0014466077893619282,-0.0014466077893619282,-0.0012778182500430833,0.008719780541464082,-0.003956522343163876
permutation,813,TRUE,NA,NA,NA,NA,NA,NA,NA,NA,NA,-0.020471084367395538,-0.020471084367395538,-4.7172905749025273e-4,-0.004059152960358015,-0.017420459310015082
permutation,814,TRUE,NA,NA,NA,NA,NA,NA,NA,NA,NA,-0.004667181939852837,-0.004667181939852837,0.004582027591925596,0.020952831397452,0.0025572911766331757
permutation,815,TRUE,NA,NA,NA,NA,NA,NA,NA,NA,NA,-0.006194540926252536,-0.006194540926252536,0.008808244909561693,0.001167033944845082,-0.003743549071953683
permutation,816,TRUE,NA,NA,NA,NA,NA,NA,NA,NA,NA,0.007838088010301657,0.007838088010301657,0.009679234050996487,-0.008916021794468027,-0.007709211173576197
permutation,817,TRUE,NA,NA,NA,NA,NA,NA,NA,NA,NA,-8.612099694264225e-5,-8.612099694264225e-5,-0.023689126083614283,-0.023892071141999597,-0.027606934085988796
permutation,818,TRUE,NA,NA,NA,NA,NA,NA,NA,NA,NA,-0.007971904170987441,-0.007971904170987441,0.00592115922590607,-0.004509103091984719,0.0035621771088114335
permutation,819,TRUE,NA,NA,NA,NA,NA,NA,NA,NA,NA,-0.013229240029760362,-0.013229240029760362,-0.017057995874765926,-0.013981693943071272,-0.011927756060827552
permutation,820,TRUE,NA,NA,NA,NA,NA,NA,NA,NA,NA,-0.016977902337632817,-0.016977902337632817,-0.010419623627238944,-0.0028610244054028556,-8.651559110641888e-4
permutation,821,TRUE,NA,NA,NA,NA,NA,NA,NA,NA,NA,0.019072088283816773,0.019072088283816773,0.015571257748367354,0.010370339012063207,0.01868697258358202
permutation,822,TRUE,NA,NA,NA,NA,NA,NA,NA,NA,NA,0.027102224833320334,0.027102224833320334,0.001028734006804824,-0.01009641491219285,-0.014781301687180674
permutation,823,TRUE,NA,NA,NA,NA,NA,NA,NA,NA,NA,0.003053230498956234,0.003053230498956234,-0.0062339392297735136,-0.002372292900354992,0.00112885031113475
permutation,824,TRUE,NA,NA,NA,NA,NA,NA,NA,NA,NA,-0.011596271562501563,-0.011596271562501563,-0.009179714918430556,0.007935118881407884,0.00486223622330193
permutation,825,TRUE,NA,NA,NA,NA,NA,NA,NA,NA,NA,-0.002460009286067153,-0.002460009286067153,-0.02160548735166709,-0.039979708946952436,-0.020270698023995073
permutation,826,TRUE,NA,NA,NA,NA,NA,NA,NA,NA,NA,-0.0027283680785683386,-0.0027283680785683386,0.012792047186121373,0.010571791348646005,-5.279192611423473e-4
permutation,827,TRUE,NA,NA,NA,NA,NA,NA,NA,NA,NA,-0.011361518551389048,-0.011361518551389048,0.006393966145422108,0.01306449802067127,0.021469057912513273
permutation,828,TRUE,NA,NA,NA,NA,NA,NA,NA,NA,NA,-1.3104892449861003e-4,-1.3104892449861003e-4,-0.01271318060791047,-0.009961612505482855,-0.0030424223558069095
permutation,829,TRUE,NA,NA,NA,NA,NA,NA,NA,NA,NA,-0.01227412907757755,-0.01227412907757755,0.010790514646157798,0.03731837114746231,0.026572180958133226
permutation,830,TRUE,NA,NA,NA,NA,NA,NA,NA,NA,NA,0.007355242040487569,0.007355242040487569,-0.0078734789436768,-0.012604638427192932,6.894701762079408e-4
permutation,831,TRUE,NA,NA,NA,NA,NA,NA,NA,NA,NA,-0.021486919509712387,-0.021486919509712387,-0.025722367068299765,-0.018347932416727792,-0.024751534916895208
permutation,832,TRUE,NA,NA,NA,NA,NA,NA,NA,NA,NA,-0.005162059367468073,-0.005162059367468073,7.405521014163582e-4,-0.004271727159333005,-1.0197414809394803e-4
permutation,833,TRUE,NA,NA,NA,NA,NA,NA,NA,NA,NA,0.004498038571206157,0.004498038571206157,-0.0033519075443453955,-0.00484710548274589,-0.019927023587032206
permutation,834,TRUE,NA,NA,NA,NA,NA,NA,NA,NA,NA,-0.0049475336301870775,-0.0049475336301870775,-0.019490694015510512,-0.010669085462258393,-0.026976353680685693
permutation,835,TRUE,NA,NA,NA,NA,NA,NA,NA,NA,NA,-0.003712880936754846,-0.003712880936754846,-0.00431697130852076,-0.01434288412115199,6.986436310863885e-5
permutation,836,TRUE,NA,NA,NA,NA,NA,NA,NA,NA,NA,0.00850183846162033,0.00850183846162033,0.011378977669005792,0.0043763971698370825,-0.01130002166483008
permutation,837,TRUE,NA,NA,NA,NA,NA,NA,NA,NA,NA,0.005702578148723602,0.005702578148723602,0.013918457897232346,-0.013629798521990186,0.0033247725954461222
permutation,838,TRUE,NA,NA,NA,NA,NA,NA,NA,NA,NA,-0.004173937933598282,-0.004173937933598282,0.004780322592913856,0.0013144442953496142,-0.005678669742349105
permutation,839,TRUE,NA,NA,NA,NA,NA,NA,NA,NA,NA,0.014308353626982706,0.014308353626982706,-0.006438665975541142,-0.004640106777631528,-0.012815366316894087
permutation,840,TRUE,NA,NA,NA,NA,NA,NA,NA,NA,NA,-0.009195214787510857,-0.009195214787510857,0.0024139062029326485,-0.010324381131898786,0.0023025864156868588
permutation,841,TRUE,NA,NA,NA,NA,NA,NA,NA,NA,NA,-0.027902616218248542,-0.027902616218248542,-0.022071588358220345,0.0025162878919697887,0.0010517150500953705
permutation,842,TRUE,NA,NA,NA,NA,NA,NA,NA,NA,NA,-0.01829264648813976,-0.01829264648813976,-0.021468638925238925,-0.001327732003542803,-0.007228356685048393
permutation,843,TRUE,NA,NA,NA,NA,NA,NA,NA,NA,NA,0.01963570939866526,0.01963570939866526,0.006430840850899303,-0.0067432718819050545,0.013407584783977154
permutation,844,TRUE,NA,NA,NA,NA,NA,NA,NA,NA,NA,-0.020384693615953884,-0.020384693615953884,-0.0036152937335008246,-0.018096492440707778,-0.00985165171135845
permutation,845,TRUE,NA,NA,NA,NA,NA,NA,NA,NA,NA,-0.008876376763063465,-0.008876376763063465,-0.010066655886654024,0.011306334630517716,0.0018057181971700923
permutation,846,TRUE,NA,NA,NA,NA,NA,NA,NA,NA,NA,-0.012540730611506306,-0.012540730611506306,-0.009710436359646163,-0.00996954888445763,-0.015564089244737239
permutation,847,TRUE,NA,NA,NA,NA,NA,NA,NA,NA,NA,-0.006061406262833601,-0.006061406262833601,-0.002296604064528333,-0.001908357250517547,0.007620912772184632
permutation,848,TRUE,NA,NA,NA,NA,NA,NA,NA,NA,NA,0.00848439712666648,0.00848439712666648,0.019252562479291815,0.03603527258205753,0.023769095588825055
permutation,849,TRUE,NA,NA,NA,NA,NA,NA,NA,NA,NA,-0.015399987682229629,-0.015399987682229629,-0.016381195698518786,0.006354180112459957,-0.005187588659335525
permutation,850,TRUE,NA,NA,NA,NA,NA,NA,NA,NA,NA,0.016522094130688395,0.016522094130688395,0.006144714977284726,0.0050735427129219995,0.007552486690198132
permutation,851,TRUE,NA,NA,NA,NA,NA,NA,NA,NA,NA,-0.03204955166570228,-0.03204955166570228,0.007668279069224113,-0.006820849806435575,0.0030855868137822998
permutation,852,TRUE,NA,NA,NA,NA,NA,NA,NA,NA,NA,0.014718335153127595,0.014718335153127595,0.02309550328132285,0.02371170910364301,0.005983398406885223
permutation,853,TRUE,NA,NA,NA,NA,NA,NA,NA,NA,NA,0.016900413369227308,0.016900413369227308,-0.004431048045713908,-0.025853969564348513,-0.0012382788930968107
permutation,854,TRUE,NA,NA,NA,NA,NA,NA,NA,NA,NA,-0.0020766354790967413,-0.0020766354790967413,0.00968819748579799,0.007782934826473631,-8.919097649113042e-4
permutation,855,TRUE,NA,NA,NA,NA,NA,NA,NA,NA,NA,-0.011011553883990857,-0.011011553883990857,-0.019764561974106913,-0.01082970354676144,-0.0037548738636211535
permutation,856,TRUE,NA,NA,NA,NA,NA,NA,NA,NA,NA,-0.0028083545325999,-0.0028083545325999,0.007799228411941676,-0.01144753674802736,-0.005437898340778789
permutation,857,TRUE,NA,NA,NA,NA,NA,NA,NA,NA,NA,0.0010560397192811224,0.0010560397192811224,-0.006825452171377049,0.010230947483990463,0.007609667092692428
permutation,858,TRUE,NA,NA,NA,NA,NA,NA,NA,NA,NA,-0.021275438045348406,-0.021275438045348406,-0.006162259210919261,-0.015284321968072877,0.0015945095290499436
permutation,859,TRUE,NA,NA,NA,NA,NA,NA,NA,NA,NA,-0.006647669230199294,-0.006647669230199294,-0.024263443290567316,-0.013986219299174953,-0.006377307683853302
permutation,860,TRUE,NA,NA,NA,NA,NA,NA,NA,NA,NA,-0.015117155008350381,-0.015117155008350381,0.0033682630540538498,0.053302958380845575,0.038333198064596306
permutation,861,TRUE,NA,NA,NA,NA,NA,NA,NA,NA,NA,0.015258259015563793,0.015258259015563793,-0.001070059734738775,-0.03671535584896056,-0.023483115348802156
permutation,862,TRUE,NA,NA,NA,NA,NA,NA,NA,NA,NA,0.005255715155084105,0.005255715155084105,0.005808275040549706,-0.0169284719641623,-0.020009335830410896
permutation,863,TRUE,NA,NA,NA,NA,NA,NA,NA,NA,NA,0.020547394460874266,0.020547394460874266,0.010021255971773975,6.154707696469988e-4,-0.00498647829268372
permutation,864,TRUE,NA,NA,NA,NA,NA,NA,NA,NA,NA,-0.0012816566562743677,-0.0012816566562743677,0.0014367672468299222,-0.007711461489255712,-0.01240735930046752
permutation,865,TRUE,NA,NA,NA,NA,NA,NA,NA,NA,NA,0.021490348197361918,0.021490348197361918,0.013877949409981227,0.07025444330516017,0.05125931977532902
permutation,866,TRUE,NA,NA,NA,NA,NA,NA,NA,NA,NA,0.009392087917018201,0.009392087917018201,0.0032401961243462077,-0.010386460878823604,-0.006025377723280427
permutation,867,TRUE,NA,NA,NA,NA,NA,NA,NA,NA,NA,-0.01425604644040518,-0.01425604644040518,-0.012288015302451768,-0.008308260884149795,-0.011650381155628452
permutation,868,TRUE,NA,NA,NA,NA,NA,NA,NA,NA,NA,0.020496686548042656,0.020496686548042656,0.019995390789182155,-0.013492869545154853,0.004148677680898317
permutation,869,TRUE,NA,NA,NA,NA,NA,NA,NA,NA,NA,0.019228070356704978,0.019228070356704978,0.019502288426540615,0.005259400488256823,0.030933722198607336
permutation,870,TRUE,NA,NA,NA,NA,NA,NA,NA,NA,NA,-0.003953303616049243,-0.003953303616049243,0.008951417088629777,-6.505682708926926e-4,-0.008987117171463534
permutation,871,TRUE,NA,NA,NA,NA,NA,NA,NA,NA,NA,-0.010044697622991768,-0.010044697622991768,0.0017057912230146709,0.024234671588485274,0.02500217800446841
permutation,872,TRUE,NA,NA,NA,NA,NA,NA,NA,NA,NA,0.0291013005948612,0.0291013005948612,0.02862422067562262,0.03302471284919544,0.011605544566814195
permutation,873,TRUE,NA,NA,NA,NA,NA,NA,NA,NA,NA,-0.0010611617207069912,-0.0010611617207069912,0.007601095556752493,0.004632521046077314,0.00078148451096749145
permutation,874,TRUE,NA,NA,NA,NA,NA,NA,NA,NA,NA,-0.029579956204945284,-0.029579956204945284,-0.002531013410204983,0.04140223324696565,0.013142754241087035
permutation,875,TRUE,NA,NA,NA,NA,NA,NA,NA,NA,NA,0.006527135734309665,0.006527135734309665,0.004085775840287291,-0.025722719133334494,-0.025973486539331223
permutation,876,TRUE,NA,NA,NA,NA,NA,NA,NA,NA,NA,-0.027450158032842398,-0.027450158032842398,-0.001652543109687099,0.012623229589227507,-0.007990077793907951
permutation,877,TRUE,NA,NA,NA,NA,NA,NA,NA,NA,NA,0.00493469264105876,0.00493469264105876,0.013977151805089103,0.016144176531421334,0.013967693940056345
permutation,878,TRUE,NA,NA,NA,NA,NA,NA,NA,NA,NA,-7.900855821931121e-4,-7.900855821931121e-4,-0.014078413209513295,-0.0034014908335241747,-0.01443159528056762
permutation,879,TRUE,NA,NA,NA,NA,NA,NA,NA,NA,NA,-0.015542833968781965,-0.015542833968781965,-0.006010422494501937,0.0028193378094379887,-0.006085540798116998
permutation,880,TRUE,NA,NA,NA,NA,NA,NA,NA,NA,NA,-0.01899686170475278,-0.01899686170475278,-3.6567776267388066e-4,0.013802902980798906,0.004621095742169873
permutation,881,TRUE,NA,NA,NA,NA,NA,NA,NA,NA,NA,0.0032017327455318204,0.0032017327455318204,-0.005195564950383745,0.0029873872589781963,-0.0033672282665480296
permutation,882,TRUE,NA,NA,NA,NA,NA,NA,NA,NA,NA,-0.01955835212675978,-0.01955835212675978,-0.0019129398890806552,0.001095913735337694,0.001831796800381525
permutation,883,TRUE,NA,NA,NA,NA,NA,NA,NA,NA,NA,0.01908236621590985,0.01908236621590985,0.016644326602704998,-0.03663837857513013,-0.0372307589476425
permutation,884,TRUE,NA,NA,NA,NA,NA,NA,NA,NA,NA,-0.02009922458343906,-0.02009922458343906,-0.020026045103648634,-0.02568431150889562,-0.01625004667873583
permutation,885,TRUE,NA,NA,NA,NA,NA,NA,NA,NA,NA,0.004593725005878817,0.004593725005878817,-0.009180693044486751,-0.03902600181659336,-0.02450809708505604
permutation,886,TRUE,NA,NA,NA,NA,NA,NA,NA,NA,NA,-0.011930215856873677,-0.011930215856873677,-0.017392568361229193,-0.018003675333823237,-0.014024335408503803
permutation,887,TRUE,NA,NA,NA,NA,NA,NA,NA,NA,NA,-0.006221385090348289,-0.006221385090348289,-0.010170412018804425,-0.025497768594377725,-0.0038994416797043818
permutation,888,TRUE,NA,NA,NA,NA,NA,NA,NA,NA,NA,0.006492235405181572,0.006492235405181572,-0.00806818778733204,-0.0042451711131903805,-0.005271002957882556
permutation,889,TRUE,NA,NA,NA,NA,NA,NA,NA,NA,NA,-0.01955211729762784,-0.01955211729762784,-0.019681941669225416,-0.022472840633790594,-0.021450679098399605
permutation,890,TRUE,NA,NA,NA,NA,NA,NA,NA,NA,NA,0.010404446458734534,0.010404446458734534,0.02214018832658681,0.03022514867400858,0.027830065757913004
permutation,891,TRUE,NA,NA,NA,NA,NA,NA,NA,NA,NA,0.028777681793020538,0.028777681793020538,0.007548156369017598,0.023057688760758026,0.02168083026148756
permutation,892,TRUE,NA,NA,NA,NA,NA,NA,NA,NA,NA,0.011941202798932474,0.011941202798932474,0.005776876101319797,-0.024455500108609432,-0.010606449202423585
permutation,893,TRUE,NA,NA,NA,NA,NA,NA,NA,NA,NA,-0.007543875931115006,-0.007543875931115006,-0.006725747402532136,-0.02558274600875893,-0.02931910176837168
permutation,894,TRUE,NA,NA,NA,NA,NA,NA,NA,NA,NA,0.0013679063814734918,0.0013679063814734918,-6.763986294215261e-6,-0.0020231468332185627,0.0029234524936610764
permutation,895,TRUE,NA,NA,NA,NA,NA,NA,NA,NA,NA,-0.007581716246956121,-0.007581716246956121,-0.008058289962087345,7.707692685713259e-4,0.015596036943775628
permutation,896,TRUE,NA,NA,NA,NA,NA,NA,NA,NA,NA,5.071045619354723e-4,5.071045619354723e-4,-0.002800069155860267,0.009761442538738261,0.012795487132713392
permutation,897,TRUE,NA,NA,NA,NA,NA,NA,NA,NA,NA,0.0016091199218478266,0.0016091199218478266,-0.02015290059291787,-0.006290341146743409,-0.03455911361919455
permutation,898,TRUE,NA,NA,NA,NA,NA,NA,NA,NA,NA,-0.009824083374558774,-0.009824083374558774,5.987173191851266e-4,0.016334331019504912,0.004669363502245866
permutation,899,TRUE,NA,NA,NA,NA,NA,NA,NA,NA,NA,0.014087339726298696,0.014087339726298696,0.02184120123217761,0.02454052171474921,0.010689995705397266
permutation,900,TRUE,NA,NA,NA,NA,NA,NA,NA,NA,NA,7.64496898297513e-4,7.64496898297513e-4,0.009728661802820417,-0.007189440830386593,0.010677364527366213
permutation,901,TRUE,NA,NA,NA,NA,NA,NA,NA,NA,NA,1.1485019535662665e-4,1.1485019535662665e-4,-0.008143271246257315,-0.02388741306331783,-0.02417204467243486
permutation,902,TRUE,NA,NA,NA,NA,NA,NA,NA,NA,NA,0.005911621172458423,0.005911621172458423,0.01691813381049844,0.006809516895984687,0.005050564989549318
permutation,903,TRUE,NA,NA,NA,NA,NA,NA,NA,NA,NA,0.042907368190443274,0.042907368190443274,0.018981732962223725,-0.017092815501217128,-0.008911743956110732
permutation,904,TRUE,NA,NA,NA,NA,NA,NA,NA,NA,NA,0.01812939420986403,0.01812939420986403,2.4976395079384303e-4,0.010871207826965771,0.021318406879415112
permutation,905,TRUE,NA,NA,NA,NA,NA,NA,NA,NA,NA,0.0015742283267535786,0.0015742283267535786,-0.010607833374514326,-0.010737028985331631,-0.007543320724935459
permutation,906,TRUE,NA,NA,NA,NA,NA,NA,NA,NA,NA,0.042934250661475264,0.042934250661475264,0.04682739053999354,0.01382022192949588,0.022396476683590485
permutation,907,TRUE,NA,NA,NA,NA,NA,NA,NA,NA,NA,-0.01716589829025572,-0.01716589829025572,-0.032161975669144284,-0.027927452565210672,-0.02104441569860937
permutation,908,TRUE,NA,NA,NA,NA,NA,NA,NA,NA,NA,-0.01609724436885546,-0.01609724436885546,-0.014960876743132819,-0.002553595672216429,0.005955946697708412
permutation,909,TRUE,NA,NA,NA,NA,NA,NA,NA,NA,NA,-5.740115102707444e-4,-5.740115102707444e-4,-0.010381907911914914,0.005515779812143662,0.011363031813504463
permutation,910,TRUE,NA,NA,NA,NA,NA,NA,NA,NA,NA,-0.03315601106632955,-0.03315601106632955,-0.01205220685672366,-0.005465410008355334,0.004112377792147591
permutation,911,TRUE,NA,NA,NA,NA,NA,NA,NA,NA,NA,0.0016864057917430676,0.0016864057917430676,3.060512108308709e-4,0.02671167864814699,0.03027229809361571
permutation,912,TRUE,NA,NA,NA,NA,NA,NA,NA,NA,NA,-0.027334981411050837,-0.027334981411050837,-0.011081126194585494,-0.014482489078745352,0.003683594125477259
permutation,913,TRUE,NA,NA,NA,NA,NA,NA,NA,NA,NA,-0.0030908465062350994,-0.0030908465062350994,0.00667843010930659,2.6566449914219815e-4,0.01115942275165684
permutation,914,TRUE,NA,NA,NA,NA,NA,NA,NA,NA,NA,0.0018251936814038118,0.0018251936814038118,-0.004100097052633528,0.023092531078333485,0.0015477554920477888
permutation,915,TRUE,NA,NA,NA,NA,NA,NA,NA,NA,NA,-0.010660524927088506,-0.010660524927088506,-0.012734763545539988,-0.010631510363118383,-0.025072310998169294
permutation,916,TRUE,NA,NA,NA,NA,NA,NA,NA,NA,NA,0.02225858612710526,0.02225858612710526,0.022100569529193866,-0.009882944404770187,-0.0075859820361145434
permutation,917,TRUE,NA,NA,NA,NA,NA,NA,NA,NA,NA,-0.019421286175202137,-0.019421286175202137,-0.004477840612274941,0.014351887889944726,0.009998114762986215
permutation,918,TRUE,NA,NA,NA,NA,NA,NA,NA,NA,NA,0.02255502565670585,0.02255502565670585,0.011724442731827892,0.007031977161201505,0.0032371179514207905
permutation,919,TRUE,NA,NA,NA,NA,NA,NA,NA,NA,NA,0.003840207286654815,0.003840207286654815,-0.0158947647145653,-0.019582620665551293,-0.014963564706100755
permutation,920,TRUE,NA,NA,NA,NA,NA,NA,NA,NA,NA,0.011702665536741935,0.011702665536741935,0.0031473296549494687,-0.01875978383281665,-0.01675611903744289
permutation,921,TRUE,NA,NA,NA,NA,NA,NA,NA,NA,NA,0.024798649404191426,0.024798649404191426,-0.0013580101804916249,0.001898254131524866,6.312717345018128e-4
permutation,922,TRUE,NA,NA,NA,NA,NA,NA,NA,NA,NA,0.017549381438544745,0.017549381438544745,0.03473733749477721,0.013987793079296899,0.01500838919022525
permutation,923,TRUE,NA,NA,NA,NA,NA,NA,NA,NA,NA,-0.007163810171747324,-0.007163810171747324,0.014414520159377442,0.024203523859585463,0.016322620986900686
permutation,924,TRUE,NA,NA,NA,NA,NA,NA,NA,NA,NA,0.010464652010157734,0.010464652010157734,0.005614250913852023,-0.02302966529868182,-0.004883083537019387
permutation,925,TRUE,NA,NA,NA,NA,NA,NA,NA,NA,NA,0.013219031823117526,0.013219031823117526,0.006067896532398374,0.016940898932283382,4.6303771267298087e-4
permutation,926,TRUE,NA,NA,NA,NA,NA,NA,NA,NA,NA,0.00782881974418995,0.00782881974418995,-3.426985210888498e-4,-0.011780366319396988,-0.009576603569403357
permutation,927,TRUE,NA,NA,NA,NA,NA,NA,NA,NA,NA,0.008162245935555375,0.008162245935555375,-0.003735183884830927,-0.011501642639234859,0.0060778067525494575
permutation,928,TRUE,NA,NA,NA,NA,NA,NA,NA,NA,NA,0.007741857213230441,0.007741857213230441,0.004182279820696893,0.016059514747481768,0.019719460896316696
permutation,929,TRUE,NA,NA,NA,NA,NA,NA,NA,NA,NA,-0.02308211947068152,-0.02308211947068152,-0.014991636184763018,-6.573444473765323e-4,0.002309397266601683
permutation,930,TRUE,NA,NA,NA,NA,NA,NA,NA,NA,NA,-0.004714497385440488,-0.004714497385440488,-4.4313900214682476e-4,-0.007827638168165636,-0.012165058045639048
permutation,931,TRUE,NA,NA,NA,NA,NA,NA,NA,NA,NA,0.019295396407821814,0.019295396407821814,0.006369648876386134,0.010024645539183684,0.012251387268114658
permutation,932,TRUE,NA,NA,NA,NA,NA,NA,NA,NA,NA,0.004004092123682991,0.004004092123682991,0.015851599698527622,0.01130540206919297,-0.003629740515638317
permutation,933,TRUE,NA,NA,NA,NA,NA,NA,NA,NA,NA,-0.027356964482332435,-0.027356964482332435,-0.0235649790014408,-0.037553832940628626,-0.01832424699835336
permutation,934,TRUE,NA,NA,NA,NA,NA,NA,NA,NA,NA,0.03986902875202996,0.03986902875202996,0.03594450026731564,0.009611279690353983,0.008200605216995754
permutation,935,TRUE,NA,NA,NA,NA,NA,NA,NA,NA,NA,-0.014583131359202774,-0.014583131359202774,-0.01630241850717089,-0.012640025347690348,-0.02126536204800323
permutation,936,TRUE,NA,NA,NA,NA,NA,NA,NA,NA,NA,-0.0029281762709939545,-0.0029281762709939545,-0.0058867731800651794,-0.001673629103832825,8.36829623753596e-4
permutation,937,TRUE,NA,NA,NA,NA,NA,NA,NA,NA,NA,0.027699426120224087,0.027699426120224087,0.0040418114484613715,0.017118312040280866,0.01775478475927726
permutation,938,TRUE,NA,NA,NA,NA,NA,NA,NA,NA,NA,-0.0018198633589503453,-0.0018198633589503453,-3.096675730890955e-4,-0.021925285357166768,-0.031173423341874992
permutation,939,TRUE,NA,NA,NA,NA,NA,NA,NA,NA,NA,0.005351238065043713,0.005351238065043713,-0.0024679546505898924,-2.6990812453242703e-4,0.005316084697836754
permutation,940,TRUE,NA,NA,NA,NA,NA,NA,NA,NA,NA,0.009893970079222193,0.009893970079222193,0.014903600818861162,0.012784169832567919,0.030569361942661
permutation,941,TRUE,NA,NA,NA,NA,NA,NA,NA,NA,NA,-0.014031234466980642,-0.014031234466980642,0.00489682328671719,0.018437381970582815,0.010060087039974623
permutation,942,TRUE,NA,NA,NA,NA,NA,NA,NA,NA,NA,-0.013151305186688986,-0.013151305186688986,-0.018319893172983995,0.002274964559650587,0.0033365091525377304
permutation,943,TRUE,NA,NA,NA,NA,NA,NA,NA,NA,NA,-0.04456414574120186,-0.04456414574120186,-0.04902296956168634,-0.02472921645616293,-0.03395401993313789
permutation,944,TRUE,NA,NA,NA,NA,NA,NA,NA,NA,NA,0.0021019105956469643,0.0021019105956469643,-0.008857466441320358,0.006474450883083423,-0.009460540728288525
permutation,945,TRUE,NA,NA,NA,NA,NA,NA,NA,NA,NA,-0.0055518608609429415,-0.0055518608609429415,-0.0012536482538836827,-0.008246367881723279,-0.01221105390500949
permutation,946,TRUE,NA,NA,NA,NA,NA,NA,NA,NA,NA,2.072551787608773e-4,2.072551787608773e-4,0.016406703177502355,-0.0024604467841968613,0.0014557775806736534
permutation,947,TRUE,NA,NA,NA,NA,NA,NA,NA,NA,NA,-0.0017962757543108605,-0.0017962757543108605,-0.03338053595175022,-0.05270537876221873,-0.041347347855021976
permutation,948,TRUE,NA,NA,NA,NA,NA,NA,NA,NA,NA,-6.546583288248186e-4,-6.546583288248186e-4,0.0027110675634526757,-0.0022426379649791413,0.0012774689750317363
permutation,949,TRUE,NA,NA,NA,NA,NA,NA,NA,NA,NA,0.011954693080995128,0.011954693080995128,0.033457738325540325,0.04588501172010125,0.030906250078931455
permutation,950,TRUE,NA,NA,NA,NA,NA,NA,NA,NA,NA,0.001494459834368758,0.001494459834368758,0.0028618592906898476,0.0292754900410873,0.02127523136808645
permutation,951,TRUE,NA,NA,NA,NA,NA,NA,NA,NA,NA,0.02444776409806459,0.02444776409806459,0.035068478264686974,0.020512298586594473,0.0054857589069722025
permutation,952,TRUE,NA,NA,NA,NA,NA,NA,NA,NA,NA,0.02910378040823258,0.02910378040823258,0.013381534392176483,0.00918026137093211,0.01858526194843619
permutation,953,TRUE,NA,NA,NA,NA,NA,NA,NA,NA,NA,-0.00970173153846989,-0.00970173153846989,-0.013404508667517757,0.012952954273655433,0.018622227447153722
permutation,954,TRUE,NA,NA,NA,NA,NA,NA,NA,NA,NA,0.022171278714729473,0.022171278714729473,0.029410011789190626,0.0026594967822483606,0.03568348448184821
permutation,955,TRUE,NA,NA,NA,NA,NA,NA,NA,NA,NA,0.015772009075800803,0.015772009075800803,0.011066118687836853,0.006250411706673356,-2.800963587618367e-4
permutation,956,TRUE,NA,NA,NA,NA,NA,NA,NA,NA,NA,-0.017543766463116308,-0.017543766463116308,-0.02486070240910193,-0.017498780505595793,-0.004479397771998666
permutation,957,TRUE,NA,NA,NA,NA,NA,NA,NA,NA,NA,0.0031361991710745717,0.0031361991710745717,0.01056929480544771,-0.0013852545146571028,0.004422721087669901
permutation,958,TRUE,NA,NA,NA,NA,NA,NA,NA,NA,NA,0.008480816245048168,0.008480816245048168,-0.008124638635607952,-0.014948244687337513,-0.02466743597882483
permutation,959,TRUE,NA,NA,NA,NA,NA,NA,NA,NA,NA,0.008219430362167148,0.008219430362167148,0.014179663389175147,-0.02197881219298907,-0.023352130759457627
permutation,960,TRUE,NA,NA,NA,NA,NA,NA,NA,NA,NA,-0.03238529346485804,-0.03238529346485804,-0.029383980735628413,-0.001675410454407663,-0.04096359415633954
permutation,961,TRUE,NA,NA,NA,NA,NA,NA,NA,NA,NA,-0.01200528198866196,-0.01200528198866196,0.00844162436889234,0.017588945804811032,0.0050314929818808165
permutation,962,TRUE,NA,NA,NA,NA,NA,NA,NA,NA,NA,0.009698936704253446,0.009698936704253446,-5.905249601916279e-4,0.016990821439890013,0.017282314806831765
permutation,963,TRUE,NA,NA,NA,NA,NA,NA,NA,NA,NA,0.011849602398580798,0.011849602398580798,0.0047674364074131205,-0.001100160648407818,-0.018357782947119445
permutation,964,TRUE,NA,NA,NA,NA,NA,NA,NA,NA,NA,0.012598231963403577,0.012598231963403577,0.029292222203492355,4.2594912112513435e-4,-4.8598381695341177e-4
permutation,965,TRUE,NA,NA,NA,NA,NA,NA,NA,NA,NA,-0.006817349856166454,-0.006817349856166454,-0.014461900203179712,-0.04016260331553981,-0.01821857912227841
permutation,966,TRUE,NA,NA,NA,NA,NA,NA,NA,NA,NA,-0.019100035978790307,-0.019100035978790307,-1.1690011486246293e-4,0.012622936987621972,0.003882949771461322
permutation,967,TRUE,NA,NA,NA,NA,NA,NA,NA,NA,NA,0.004282411693454439,0.004282411693454439,0.013333693787088891,0.017188563743496976,0.006327420850546392
permutation,968,TRUE,NA,NA,NA,NA,NA,NA,NA,NA,NA,-0.0028980147132583608,-0.0028980147132583608,-0.008483333419463229,-0.008131633987106607,0.009224669771115721
permutation,969,TRUE,NA,NA,NA,NA,NA,NA,NA,NA,NA,-0.029050150345658173,-0.029050150345658173,-0.04223228709848028,-0.0380653352217279,-0.04115166085949579
permutation,970,TRUE,NA,NA,NA,NA,NA,NA,NA,NA,NA,0.011227802136080222,0.011227802136080222,-0.0029392378066006256,0.010270491970721796,0.014555282125241589
permutation,971,TRUE,NA,NA,NA,NA,NA,NA,NA,NA,NA,0.005592658583255356,0.005592658583255356,0.016050086999269977,-0.0073449688315177855,-0.004243988419492587
permutation,972,TRUE,NA,NA,NA,NA,NA,NA,NA,NA,NA,0.037414087836615456,0.037414087836615456,0.015667549691169194,-0.005356323247103889,-0.011384545615948469
permutation,973,TRUE,NA,NA,NA,NA,NA,NA,NA,NA,NA,-0.010009721131597564,-0.010009721131597564,-0.012307309404951573,-0.0021166506101950745,-0.019799877439689573
permutation,974,TRUE,NA,NA,NA,NA,NA,NA,NA,NA,NA,0.006369391507778342,0.006369391507778342,0.017216135496777512,0.007640978986740013,-0.002921839373730287
permutation,975,TRUE,NA,NA,NA,NA,NA,NA,NA,NA,NA,-0.014216052755426986,-0.014216052755426986,0.010113781330097335,0.018376232308397085,0.029027029361600905
permutation,976,TRUE,NA,NA,NA,NA,NA,NA,NA,NA,NA,0.00544094229917372,0.00544094229917372,-0.009256364624143917,-0.005362445081544363,-0.003273831694218534
permutation,977,TRUE,NA,NA,NA,NA,NA,NA,NA,NA,NA,-0.0023551186485239596,-0.0023551186485239596,-0.021702184219943518,-0.034610600261033256,-0.028260142717731567
permutation,978,TRUE,NA,NA,NA,NA,NA,NA,NA,NA,NA,0.0031212473577759015,0.0031212473577759015,-0.004197717456145477,-0.012906928718710136,-0.00903852378075069
permutation,979,TRUE,NA,NA,NA,NA,NA,NA,NA,NA,NA,0.014788791034516167,0.014788791034516167,0.009108942887155382,0.002002174155649388,0.02378581568957196
permutation,980,TRUE,NA,NA,NA,NA,NA,NA,NA,NA,NA,-0.009645203961489315,-0.009645203961489315,0.009710163226945802,-0.053286756053605146,-0.037037099452674305
permutation,981,TRUE,NA,NA,NA,NA,NA,NA,NA,NA,NA,0.006999700675625616,0.006999700675625616,-0.008453913062370859,-0.01434848628490689,-0.023881645700661577
permutation,982,TRUE,NA,NA,NA,NA,NA,NA,NA,NA,NA,-0.0035719098394020954,-0.0035719098394020954,-0.009019170628995994,-0.0020087810373633813,0.020574587152042093
permutation,983,TRUE,NA,NA,NA,NA,NA,NA,NA,NA,NA,-0.0020752929211611906,-0.0020752929211611906,-0.010631285236022138,-0.019411481613590343,-0.03247970449068432
permutation,984,TRUE,NA,NA,NA,NA,NA,NA,NA,NA,NA,-0.0032617943304031967,-0.0032617943304031967,0.0022656561022880287,-0.015388442739403548,0.005755074526857227
permutation,985,TRUE,NA,NA,NA,NA,NA,NA,NA,NA,NA,0.009391881478456727,0.009391881478456727,-7.717892484943555e-5,-6.848590088617233e-4,-0.017563539574720847
permutation,986,TRUE,NA,NA,NA,NA,NA,NA,NA,NA,NA,0.007265364287915124,0.007265364287915124,-0.012007998045430781,-0.01464973649516998,-0.012444757286648482
permutation,987,TRUE,NA,NA,NA,NA,NA,NA,NA,NA,NA,-0.0015010672625358893,-0.0015010672625358893,0.010262378778461726,-0.02394005503802709,-0.020777192643660885
permutation,988,TRUE,NA,NA,NA,NA,NA,NA,NA,NA,NA,-0.004420309557558475,-0.004420309557558475,-0.013031860553690783,0.014822933478545776,0.010606121362269644
permutation,989,TRUE,NA,NA,NA,NA,NA,NA,NA,NA,NA,-0.02306825470324057,-0.02306825470324057,-0.019700303277172666,0.0020521127701612837,-9.669199566054651e-5
permutation,990,TRUE,NA,NA,NA,NA,NA,NA,NA,NA,NA,0.0013222537679392174,0.0013222537679392174,0.006066879022664891,-0.009677345408950199,-7.212862615211071e-5
permutation,991,TRUE,NA,NA,NA,NA,NA,NA,NA,NA,NA,-0.018520568359921198,-0.018520568359921198,-0.006064667055553396,-0.005391417490430185,-0.02379314495685842
permutation,992,TRUE,NA,NA,NA,NA,NA,NA,NA,NA,NA,-0.001117148588939263,-0.001117148588939263,4.5832841742297014e-4,9.267542091267265e-4,0.01611255953488615
permutation,993,TRUE,NA,NA,NA,NA,NA,NA,NA,NA,NA,-0.01443601455130239,-0.01443601455130239,0.004659889324958186,-5.987432655272604e-4,0.009844933331781321
permutation,994,TRUE,NA,NA,NA,NA,NA,NA,NA,NA,NA,-0.009100315611563502,-0.009100315611563502,-0.004034329011029518,0.014827357884754873,0.0039329332706824534
permutation,995,TRUE,NA,NA,NA,NA,NA,NA,NA,NA,NA,0.005008598210932867,0.005008598210932867,0.02050674626779489,0.023835309254456517,0.03357936440906096
permutation,996,TRUE,NA,NA,NA,NA,NA,NA,NA,NA,NA,0.004487164144486256,0.004487164144486256,0.002570035715824594,-0.016941523177841318,-0.0020257443662833703
permutation,997,TRUE,NA,NA,NA,NA,NA,NA,NA,NA,NA,0.01384642031714048,0.01384642031714048,-0.0034621274808446425,0.030457627101193416,0.014031358906739498
permutation,998,TRUE,NA,NA,NA,NA,NA,NA,NA,NA,NA,-0.010439345058411117,-0.010439345058411117,-0.001605371948988259,-0.007283424066987378,0.0011673394244364563
permutation,999,TRUE,NA,NA,NA,NA,NA,NA,NA,NA,NA,-0.006469550799952269,-0.006469550799952269,-0.005059796434847729,-0.02645610285062741,-0.02703081414437054
permutation,1000,TRUE,NA,NA,NA,NA,NA,NA,NA,NA,NA,0.006408919177748139,0.006408919177748139,0.005348407799922199,0.02870754659556421,0.029373692456486352
